entry_utc,btc_r4h,btc_r24h,btc_r7d,btc_vol7d,exit_utc,actual_return,ndx_available_utc,ndx_session_date,ndx_r1,ndx_r5,ndx_vol20,ndx_age_hours,dxy_available_utc,dxy_session_date,dxy_r1,dxy_r5,dxy_vol20,dxy_age_hours,gold_available_utc,gold_session_date,gold_r1,gold_r5,gold_vol20,gold_age_hours,vix_available_utc,vix_session_date,vix_r1,vix_r5,vix_vol20,vix_age_hours
2023-01-10 08:00:00+00:00,-0.00014647364721120937,0.00027440520518877333,0.027907439092969694,0.003425410419611288,2023-01-11 08:00:00+00:00,0.014172944568452417,2023-01-10 05:01:00+00:00,2023-01-09,0.006149389686108009,0.015302260063229212,0.01579096202239738,2.9833333333333334,2023-01-10 05:01:00+00:00,2023-01-09,-0.008507372124960888,-0.005035810095079353,0.005839426096505107,2.9833333333333334,2023-01-10 05:01:00+00:00,2023-01-09,0.0043229407715408286,0.02786362638259934,0.010153688094606919,2.9833333333333334,2023-01-10 05:01:00+00:00,2023-01-09,0.03898405476855338,0.01374907084825092,0.056300804118289874,2.9833333333333334
2023-01-11 08:00:00+00:00,0.0017502906559681009,0.014052240114585208,0.03364395215495143,0.003132265983807938,2023-01-12 08:00:00+00:00,0.03961650757550572,2023-01-11 05:01:00+00:00,2023-01-10,0.008723643462523967,0.03110039449049638,0.01594706090498207,2.9833333333333334,2023-01-11 05:01:00+00:00,2023-01-10,0.002327365928889158,-0.012322054376266425,0.005877144668457126,2.9833333333333334,2023-01-11 05:01:00+00:00,2023-01-10,-0.000692565252207622,0.016333047023221584,0.010145549596835338,2.9833333333333334,2023-01-11 05:01:00+00:00,2023-01-10,-0.06535815599061534,-0.10681718015429038,0.057763909838833415,2.9833333333333334
2023-01-12 08:00:00+00:00,-0.004755405258267231,0.03887366104215086,0.07523627401466028,0.0054876297216190735,2023-01-13 08:00:00+00:00,0.037864265547702836,2023-01-12 05:01:00+00:00,2023-01-11,0.017404601482134296,0.043714693962564735,0.016219253542530836,2.9833333333333334,2023-01-12 05:01:00+00:00,2023-01-11,-0.00048438137157269523,-0.010219887891958377,0.005809524586510054,2.9833333333333334,2023-01-12 05:01:00+00:00,2023-01-11,0.0012781726182078401,0.010647803471838928,0.009747877075059851,2.9833333333333334,2023-01-12 05:01:00+00:00,2023-01-11,0.02447926408477974,-0.04269790104768714,0.053726010896935045,2.9833333333333334
2023-01-13 08:00:00+00:00,-0.0027649430276941445,0.03712461807158237,0.11412067979532096,0.008527287806972206,2023-01-14 08:00:00+00:00,0.11008552456839316,2023-01-13 05:01:00+00:00,2023-01-12,0.004994367478136752,0.06474005875876486,0.016039737331127304,2.9833333333333334,2023-01-13 05:01:00+00:00,2023-01-12,-0.00915117786404096,-0.02692044378761727,0.0056535828886065806,2.9833333333333334,2023-01-13 05:01:00+00:00,2023-01-12,0.010535621199133871,0.031130541251847672,0.009214865214358046,2.9833333333333334,2023-01-13 05:01:00+00:00,2023-01-12,-0.1133476518216221,-0.17628460664123616,0.054711718210626745,2.9833333333333334
2023-01-14 08:00:00+00:00,-0.003337907519080474,0.10447690294793258,0.209467692091463,0.012052335210073158,2023-01-15 08:00:00+00:00,-0.00773638392600795,2023-01-14 05:01:00+00:00,2023-01-13,0.007118833065481667,0.04439083517438435,0.016080860123145045,2.9833333333333334,2023-01-14 05:01:00+00:00,2023-01-13,-0.0004891470139511966,-0.016304712445637207,0.005647089473790185,2.9833333333333334,2023-01-14 05:01:00+00:00,2023-01-13,0.01198805213714671,0.02743222147382158,0.009372141689984908,2.9833333333333334,2023-01-14 05:01:00+00:00,2023-01-13,-0.025821768168481807,-0.14106425712738588,0.05330906178864552,2.9833333333333334
2023-01-18 08:00:00+00:00,0.002321076216690088,0.008213216317036134,0.19993212006585914,0.012987104292557708,2023-01-19 08:00:00+00:00,-0.022949191709757066,2023-01-18 05:01:00+00:00,2023-01-17,0.0013602482522809822,0.03960169374055856,0.014024995407289879,2.9833333333333334,2023-01-18 05:01:00+00:00,2023-01-17,0.0018573977167184452,-0.005939942603956985,0.005338355388256978,2.9833333333333334,2023-01-18 05:01:00+00:00,2023-01-17,-0.006159288097554061,0.016949992604727238,0.008418967056411961,2.9833333333333334,2023-01-18 05:01:00+00:00,2023-01-17,-0.006692431671038168,-0.06111064855747259,0.05204407502474561,2.9833333333333334
2023-01-19 08:00:00+00:00,0.003411845254454704,-0.02321614356855783,0.13784231545515047,0.012817312103597392,2023-01-20 08:00:00+00:00,0.006700148998940447,2023-01-19 05:01:00+00:00,2023-01-18,-0.01279220801413139,0.018085842263903237,0.014191377064936811,2.9833333333333334,2023-01-19 05:01:00+00:00,2023-01-18,-0.00029302837129652204,-0.00856033690414347,0.005312371518591125,2.9833333333333334,2023-01-19 05:01:00+00:00,2023-01-18,-0.0015195708315909329,0.01612298702534347,0.008439830112437713,2.9833333333333334,2023-01-19 05:01:00+00:00,2023-01-18,0.04938030877198285,-0.036209603870269315,0.05358694182273607,2.9833333333333334
2023-01-20 08:00:00+00:00,-0.006102687418621855,0.006725511900253339,0.10744320928382128,0.011236752716961028,2023-01-21 08:00:00+00:00,0.08015533606286351,2023-01-20 05:01:00+00:00,2023-01-19,-0.010096123749164576,-0.00941488296739556,0.013989259535593287,2.9833333333333334,2023-01-20 05:01:00+00:00,2023-01-19,-0.0029351655398413,-0.011011121072411229,0.005317440897050367,2.9833333333333334,2023-01-20 05:01:00+00:00,2023-01-19,0.008823061912389463,0.02366787631952499,0.008476668409334465,2.9833333333333334,2023-01-20 05:01:00+00:00,2023-01-19,0.008810629682154847,0.08594867763350784,0.05290121269336776,2.9833333333333334
2023-01-21 08:00:00+00:00,0.00402827013531315,0.0770566710099985,0.08002297734588713,0.010717187357518834,2023-01-22 08:00:00+00:00,0.011358154919349328,2023-01-21 05:01:00+00:00,2023-01-20,0.028224835182012242,0.013815584736478405,0.015244352616037763,2.9833333333333334,2023-01-21 05:01:00+00:00,2023-01-20,-0.0004899830787303827,-0.0023499262871008154,0.005133967808713492,2.9833333333333334,2023-01-21 05:01:00+00:00,2023-01-20,0.002232511394307579,0.015364766514698688,0.008001518709267736,2.9833333333333334,2023-01-21 05:01:00+00:00,2023-01-20,-0.033196013169369376,0.07857443263262023,0.051177078318907464,2.9833333333333334
2023-01-24 08:00:00+00:00,-0.0010920517371246774,0.015658468852344957,0.08697620339650869,0.010695289717204579,2023-01-25 08:00:00+00:00,-0.014871154254880836,2023-01-24 05:01:00+00:00,2023-01-23,0.02158387914718496,0.02828063081818312,0.015611608605880475,2.9833333333333334,2023-01-24 05:01:00+00:00,2023-01-23,0.0012735466080506797,-0.0005872326650989118,0.00511970884069513,2.9833333333333334,2023-01-24 05:01:00+00:00,2023-01-23,0.00020743851021176596,0.0035841528877643804,0.007997914536762622,2.9833333333333334,2023-01-24 05:01:00+00:00,2023-01-23,-0.0020171464227400904,0.01628534719099008,0.04648479259841888,2.9833333333333334
2023-01-25 08:00:00+00:00,0.0030355393683016985,-0.014929527997509899,0.06383345908196279,0.010943949898042463,2023-01-26 08:00:00+00:00,0.011181827988473003,2023-01-25 05:01:00+00:00,2023-01-24,-0.0021839204610429874,0.024736462104858446,0.014228214636798728,2.9833333333333334,2023-01-25 05:01:00+00:00,2023-01-24,-0.0021562413856148765,-0.004600871767432759,0.005055201774480953,2.9833333333333334,2023-01-25 05:01:00+00:00,2023-01-24,0.0035196976439939576,0.013263138629311198,0.006570292440476511,2.9833333333333334,2023-01-25 05:01:00+00:00,2023-01-24,-0.031276581676723314,-0.008298802814695066,0.04564361287109605,2.9833333333333334
2023-01-26 08:00:00+00:00,-0.007350114614323999,0.011133414678503246,0.0981830173290239,0.010867552126072714,2023-01-27 08:00:00+00:00,0.004636457412126926,2023-01-26 05:01:00+00:00,2023-01-25,-0.002700544564611107,0.03482812555437797,0.014303280151863763,2.9833333333333334,2023-01-26 05:01:00+00:00,2023-01-25,-0.0027510214113162235,-0.0070588648074514935,0.0050667571378086,2.9833333333333334,2023-01-26 05:01:00+00:00,2023-01-25,0.00371323333918383,0.018495942800085877,0.006564340805832597,2.9833333333333334,2023-01-26 05:01:00+00:00,2023-01-25,-0.006269613013595521,-0.06394872460027352,0.04461873294803488,2.9833333333333334
2023-01-27 08:00:00+00:00,0.013094197195442803,0.00460648736461427,0.09606399279338482,0.011007668632282589,2023-01-28 08:00:00+00:00,-0.0034859998725744745,2023-01-27 05:01:00+00:00,2023-01-26,0.019843804036803192,0.06476805334034644,0.014037355322375237,2.9833333333333334,2023-01-27 05:01:00+00:00,2023-01-26,0.0019657658427805202,-0.002157933424830824,0.005119068458788265,2.9833333333333334,2023-01-27 05:01:00+00:00,2023-01-26,-0.0065072665015737385,0.00316561438612324,0.006740511457859756,2.9833333333333334,2023-01-27 05:01:00+00:00,2023-01-26,-0.018514149564143434,-0.09127350384657155,0.04416911334502778,2.9833333333333334
2023-01-28 08:00:00+00:00,-0.0054622936809725076,-0.0035281169830960386,0.015479204800290329,0.007468207396145397,2023-01-29 08:00:00+00:00,0.009200212596979895,2023-01-28 05:01:00+00:00,2023-01-27,0.009506947479817285,0.04605016563815101,0.01334835372218419,2.9833333333333334,2023-01-28 05:01:00+00:00,2023-01-27,0.0008833878845848631,-0.0007845624615147974,0.0050638864938067525,2.9833333333333334,2023-01-28 05:01:00+00:00,2023-01-27,-0.0003109165087709087,0.0006221864830445982,0.0065913790791877905,2.9833333333333334,2023-01-28 05:01:00+00:00,2023-01-27,-0.011815389870590831,-0.06989288054779322,0.04382611191978935,2.9833333333333334
2023-01-31 08:00:00+00:00,0.006252796588782417,-0.02851137065222417,-0.0032950791365580425,0.008126598871948948,2023-02-01 08:00:00+00:00,0.004283617892405944,2023-01-31 05:01:00+00:00,2023-01-30,-0.021115454919483412,0.0033508315714825894,0.013947284702605393,2.9833333333333334,2023-01-31 05:01:00+00:00,2023-01-30,0.003427832313775525,0.0013697232442097722,0.005037374425123933,2.9833333333333334,2023-01-31 05:01:00+00:00,2023-01-30,-0.0033746105371390556,-0.002959862564305934,0.006711854889489659,2.9833333333333334,2023-01-31 05:01:00+00:00,2023-01-30,0.07441663794828601,0.006540903823232819,0.04737941140932621,2.9833333333333334
2023-02-01 08:00:00+00:00,-0.0023161068438763976,0.0042749026559667285,0.01590935151691869,0.007835392244411104,2023-02-02 08:00:00+00:00,0.03050613455060902,2023-02-01 05:01:00+00:00,2023-01-31,0.015785912765721832,0.021320664798247665,0.014120702049714835,2.9833333333333334,2023-02-01 05:01:00+00:00,2023-01-31,-0.0017614282623963362,0.0017645363674284773,0.0050137820337891525,2.9833333333333334,2023-02-01 05:01:00+00:00,2023-01-31,0.00342642612465216,-0.0030531340836475857,0.006688397192028924,2.9833333333333334,2023-02-01 05:01:00+00:00,2023-01-31,-0.027454698464409955,0.010362787035546658,0.045495963150213814,2.9833333333333334
2023-02-02 08:00:00+00:00,-0.0028335268462225116,0.03006940474970424,0.03484534158811963,0.00816648492402762,2023-02-03 08:00:00+00:00,-0.013642604386339352,2023-02-02 05:01:00+00:00,2023-02-01,0.021351279854490812,0.04537248921735008,0.014266132426239725,2.9833333333333334,2023-02-02 05:01:00+00:00,2023-02-01,-0.008656332379842091,-0.004140774601097915,0.004691586190023874,2.9833333333333334,2023-02-02 05:01:00+00:00,2023-02-01,0.006869354626777735,0.00010298720394668206,0.006491830719750681,2.9833333333333334,2023-02-02 05:01:00+00:00,2023-02-01,-0.08214973689794558,-0.06551733684880365,0.04796357316550779,2.9833333333333334
2023-02-03 08:00:00+00:00,-0.0033177012714098453,-0.01375585730594129,0.01648299691756398,0.008024932125566778,2023-02-04 08:00:00+00:00,-0.0054160474279317805,2023-02-03 05:01:00+00:00,2023-02-02,0.03497422783463833,0.060502913015183374,0.015612215175633914,2.9833333333333334,2023-02-03 05:01:00+00:00,2023-02-02,0.0052224464768722,-0.0008840939670060229,0.00492467565558728,2.9833333333333334,2023-02-03 05:01:00+00:00,2023-02-02,-0.006195806529049719,0.0004144471764702878,0.0066852485552378205,2.9833333333333334,2023-02-03 05:01:00+00:00,2023-02-02,0.04700318728466035,0.0,0.04922084541048484,2.9833333333333334
2023-02-04 08:00:00+00:00,-0.0006106365357663179,-0.005431193712248847,0.014579920188411291,0.007895343042383575,2023-02-05 08:00:00+00:00,0.0020510793778434344,2023-02-04 05:01:00+00:00,2023-02-03,-0.018110107935720876,0.03288585759964658,0.015786449086154192,2.9833333333333334,2023-02-04 05:01:00+00:00,2023-02-03,0.011433145299790226,0.009665663448199673,0.005346876996626724,2.9833333333333334,2023-02-04 05:01:00+00:00,2023-02-03,-0.02847283422918423,-0.027747470543942852,0.009216575591807106,2.9833333333333334,2023-02-04 05:01:00+00:00,2023-02-03,-0.021587454604383716,-0.009772064733792715,0.04779876637764083,2.9833333333333334
2023-02-07 08:00:00+00:00,0.0014379033203262281,0.0013635988538060284,-0.0029344648273220203,0.006260774007880812,2023-02-08 08:00:00+00:00,0.014068406711038595,2023-02-07 05:01:00+00:00,2023-02-06,-0.008694930615293472,0.045306381903837185,0.015492415859272761,2.9833333333333334,2023-02-07 05:01:00+00:00,2023-02-06,0.006778418270439346,0.013016249404863931,0.005059090460543769,2.9833333333333334,2023-02-07 05:01:00+00:00,2023-02-06,0.001544168158015502,-0.022828691848789284,0.008546084435627675,2.9833333333333334,2023-02-07 05:01:00+00:00,2023-02-06,0.05827920153773514,-0.025909501144343667,0.0489586843343043,2.9833333333333334
2023-02-08 08:00:00+00:00,-0.0009748748944193864,0.013946691863913728,0.006737324380625026,0.0061941411042324476,2023-02-09 08:00:00+00:00,-0.02396653414096961,2023-02-08 05:01:00+00:00,2023-02-07,0.02094007972527656,0.050460548863390804,0.015845577607659346,2.9833333333333334,2023-02-08 05:01:00+00:00,2023-02-07,-0.0018353295526685187,0.012942348114591475,0.004683300520023906,2.9833333333333334,2023-02-08 05:01:00+00:00,2023-02-07,0.0028159563592975445,-0.023439161614142955,0.008514976564408812,2.9833333333333334,2023-02-08 05:01:00+00:00,2023-02-07,-0.040436067970150535,-0.038890870650084654,0.047672471374378404,2.9833333333333334
2023-02-09 08:00:00+00:00,0.006990647975211317,-0.024234731097615494,-0.04756681146669471,0.006164434467596125,2023-02-10 08:00:00+00:00,-0.0337707776495485,2023-02-09 05:01:00+00:00,2023-02-08,-0.01846650044568321,0.010642768563216309,0.016809488668148444,2.9833333333333334,2023-02-09 05:01:00+00:00,2023-02-08,-0.00019335372988926736,0.021405326764544347,0.004657116642736652,2.9833333333333334,2023-02-09 05:01:00+00:00,2023-02-08,0.003125364664930963,-0.027183151575990768,0.008537010851342215,2.9833333333333334,2023-02-09 05:01:00+00:00,2023-02-08,0.050676812869171695,0.09393567911703293,0.04886705259723111,2.9833333333333334
2023-02-10 08:00:00+00:00,0.003938062536924747,-0.034303979972878394,-0.06811493413363191,0.007192190308217202,2023-02-11 08:00:00+00:00,-0.009948604808355355,2023-02-10 05:01:00+00:00,2023-02-09,-0.009182202860150923,-0.03351366213157137,0.0168652196852127,2.9833333333333334,2023-02-10 05:01:00+00:00,2023-02-09,-0.0018390600635687093,0.01434382022410344,0.004675606485080432,2.9833333333333334,2023-02-10 05:01:00+00:00,2023-02-09,-0.006473519014438267,-0.027460864061378043,0.008668887613885238,2.9833333333333334,2023-02-10 05:01:00+00:00,2023-02-09,0.05355766711912313,0.10049015895149571,0.043040391401744704,2.9833333333333334
2023-02-11 08:00:00+00:00,0.0006488178209362871,-0.010048625593762149,-0.07273236601514518,0.0070627478024376114,2023-02-12 08:00:00+00:00,0.004876771511798994,2023-02-11 05:01:00+00:00,2023-02-10,-0.006177587700111786,-0.021581141895962365,0.017018949042471476,2.9833333333333334,2023-02-11 05:01:00+00:00,2023-02-10,0.003964192145582857,0.006874867069895627,0.004219962046713422,2.9833333333333334,2023-02-11 05:01:00+00:00,2023-02-10,-0.0021316288380566206,-0.0011196586702506386,0.008313256642706055,2.9833333333333334,2023-02-11 05:01:00+00:00,2023-02-10,-0.008729444376650353,0.11334816917922878,0.042568337004563625,2.9833333333333334
2023-02-14 08:00:00+00:00,0.003131436756659056,-0.004547153012912708,-0.05115016436808633,0.007215967509880312,2023-02-15 08:00:00+00:00,0.015726613364106967,2023-02-14 05:01:00+00:00,2023-02-13,0.015914216815577475,0.003028005534907098,0.017228139957463137,2.9833333333333334,2023-02-14 05:01:00+00:00,2023-02-13,-0.002705565328802173,-0.0026091165293461106,0.004280679034482636,2.9833333333333334,2023-02-14 05:01:00+00:00,2023-02-13,-0.0058855172566536496,-0.008549344084919617,0.007830526321603536,2.9833333333333334,2023-02-14 05:01:00+00:00,2023-02-13,-0.00929784041042847,0.045771127231065266,0.040666760333525065,2.9833333333333334
2023-02-15 08:00:00+00:00,0.00047048839824626043,0.015561967778120748,-0.049534888453879246,0.0073336349172111745,2023-02-16 08:00:00+00:00,0.11314484151662452,2023-02-15 05:01:00+00:00,2023-02-14,0.007060115794221389,-0.010851958396146603,0.017229348250365307,2.9833333333333334,2023-02-15 05:01:00+00:00,2023-02-14,-0.0011617303671167534,-0.0019355173437948174,0.004285730742944335,2.9833333333333334,2023-02-15 05:01:00+00:00,2023-02-14,0.0010190804612930648,-0.01034621998292441,0.007771835539502192,2.9833333333333334,2023-02-15 05:01:00+00:00,2023-02-14,-0.07289850795004771,0.013308687251168265,0.04398252272633263,2.9833333333333334
2023-02-16 08:00:00+00:00,-0.004842206408989469,0.10724770745808904,0.08194755010182522,0.010531780501638197,2023-02-17 08:00:00+00:00,-0.0396428337798046,2023-02-16 05:01:00+00:00,2023-02-15,0.0076744588769113165,0.015289000926448436,0.016763277097446933,2.9833333333333334,2023-02-16 05:01:00+00:00,2023-02-15,0.006661813746023704,0.004919650132118565,0.00450248601975335,2.9833333333333334,2023-02-16 05:01:00+00:00,2023-02-15,-0.010833628037368648,-0.024305212685223294,0.008066792560981018,2.9833333333333334,2023-02-16 05:01:00+00:00,2023-02-15,-0.03662229397979466,-0.07399041959779794,0.04297213069069317,2.9833333333333334
2023-02-17 08:00:00+00:00,-0.008492820397680845,-0.04045775399832957,0.0757937760763741,0.013640049936775513,2023-02-18 08:00:00+00:00,0.037365712409628715,2023-02-17 05:01:00+00:00,2023-02-16,-0.019531505508698643,0.004939698277900707,0.017342339958300475,2.9833333333333334,2023-02-17 05:01:00+00:00,2023-02-16,-0.0005775104496468231,0.006181199746041046,0.0044310482816288885,2.9833333333333334,2023-02-17 05:01:00+00:00,2023-02-16,0.0035162730386346652,-0.014315420632151372,0.007786782417738767,2.9833333333333334,2023-02-17 05:01:00+00:00,2023-02-16,0.10112776327554895,-0.026420323441372316,0.04910762380952458,2.9833333333333334
2023-02-18 08:00:00+00:00,-0.0036911264250605313,0.03663376185663453,0.12247616352677106,0.013768588836769286,2023-02-19 08:00:00+00:00,0.0025943135550743346,2023-02-18 05:01:00+00:00,2023-02-17,-0.006798295319139669,0.0043189906588720454,0.016608948187196798,2.9833333333333334,2023-02-18 05:01:00+00:00,2023-02-17,0.0,0.0022170076004578943,0.004424458717814156,2.9833333333333334,2023-02-18 05:01:00+00:00,2023-02-17,-0.0008644504353823024,-0.013048242229476875,0.007730663525332485,2.9833333333333334,2023-02-18 05:01:00+00:00,2023-02-17,-0.0074645780790461025,-0.02515545714376775,0.04854976958784083,2.9833333333333334
2023-02-22 08:00:00+00:00,-0.005838882132950474,-0.03828363047738621,0.08456517465621376,0.014513293167209809,2023-02-23 08:00:00+00:00,0.013191752359648312,2023-02-22 05:01:00+00:00,2023-02-21,-0.024399116292611822,-0.03599434244931643,0.017088950290589242,2.9833333333333334,2023-02-22 05:01:00+00:00,2023-02-21,0.003076330953509121,0.00799890388276956,0.004450784163046234,2.9833333333333334,2023-02-22 05:01:00+00:00,2023-02-21,-0.004170369882998237,-0.011333094855821466,0.007724919829374597,2.9833333333333334,2023-02-22 05:01:00+00:00,2023-02-21,0.07441073231952489,0.19013512536432364,0.05193964106809785,2.9833333333333334
2023-02-23 08:00:00+00:00,-0.003218442166799562,0.013019923701907531,-0.009662609099967835,0.012617370622877048,2023-02-24 08:00:00+00:00,-0.022393949736474128,2023-02-23 05:01:00+00:00,2023-02-22,0.0004948674302767131,-0.04255959081326218,0.017074951730843186,2.9833333333333334,2023-02-23 05:01:00+00:00,2023-02-22,0.003927734505865033,0.013088368755751678,0.004432390184755796,2.9833333333333334,2023-02-23 05:01:00+00:00,2023-02-22,-0.0005428881783711148,-0.012895063495486159,0.007616949015938228,2.9833333333333334,2023-02-23 05:01:00+00:00,2023-02-22,-0.02568786063691242,0.20106955870720572,0.052414421671999084,2.9833333333333334
2023-02-24 08:00:00+00:00,-0.005178692385172212,-0.022651398618700427,0.008143746279661232,0.009036884522089892,2023-02-25 08:00:00+00:00,-0.029965734024527624,2023-02-24 05:01:00+00:00,2023-02-23,0.00939280975783241,-0.040841239932342024,0.017153992849240855,2.9833333333333334,2023-02-24 05:01:00+00:00,2023-02-23,9.56272908476663e-05,0.006522182300574658,0.004340446673703065,2.9833333333333334,2023-02-24 05:01:00+00:00,2023-02-23,-0.008014627845502886,-0.010076063303619848,0.007565790402613712,2.9833333333333334,2023-02-24 05:01:00+00:00,2023-02-23,-0.0529711669556856,0.04697062847597107,0.053870099517849435,2.9833333333333334
2023-02-25 08:00:00+00:00,0.0017110155100361624,-0.030383520583214692,-0.05887353616018812,0.009015312574780488,2023-02-26 08:00:00+00:00,0.0016208780513127241,2023-02-25 05:01:00+00:00,2023-02-24,-0.017432415594051065,-0.038742150017694085,0.017083573655330524,2.9833333333333334,2023-02-25 05:01:00+00:00,2023-02-24,0.005814807075221751,0.012914499825443284,0.004449174101220234,2.9833333333333334,2023-02-25 05:01:00+00:00,2023-02-24,-0.005324018820335397,-0.018916355162589805,0.007542111842712282,2.9833333333333334,2023-02-25 05:01:00+00:00,2023-02-24,0.024761835106176022,0.07919704166119329,0.05385247038345996,2.9833333333333334
2023-02-28 08:00:00+00:00,-0.009885272835310488,-0.007999615742023252,-0.07314176023040102,0.008624449666217684,2023-03-01 08:00:00+00:00,0.020676435284948225,2023-02-28 05:01:00+00:00,2023-02-27,0.007336615320713946,-0.024607239377840512,0.017024519397975117,2.9833333333333334,2023-02-28 05:01:00+00:00,2023-02-27,-0.005145817745095371,0.007768682080347775,0.004699483113959951,2.9833333333333334,2023-02-28 05:01:00+00:00,2023-02-27,0.004283394153788755,-0.013768510573419043,0.007697144570090193,2.9833333333333334,2023-02-28 05:01:00+00:00,2023-02-27,-0.03379016918012123,-0.013276629347018079,0.05222709385731695,2.9833333333333334
2023-03-01 08:00:00+00:00,0.011659857441051358,0.020420391143716125,-0.014437738609298709,0.008854344667188986,2023-03-02 08:00:00+00:00,-0.013669639898027053,2023-03-01 05:01:00+00:00,2023-02-28,-0.0013004134855005844,-0.00150853657072837,0.016320553246597955,2.9833333333333334,2023-03-01 05:01:00+00:00,2023-02-28,0.0019089876634668101,0.006601338790305739,0.004675948904925563,2.9833333333333334,2023-03-01 05:01:00+00:00,2023-02-28,0.006445252176714433,-0.0031528885137062754,0.00796600427461617,2.9833333333333334,2023-03-01 05:01:00+00:00,2023-02-28,-0.012004946096823232,-0.09969230776336648,0.051874241784989374,2.9833333333333334
2023-03-02 08:00:00+00:00,-0.004368886806211947,-0.01376392968313107,-0.04122159199433713,0.008292509177812416,2023-03-03 08:00:00+00:00,-0.04407898983706737,2023-03-02 05:01:00+00:00,2023-03-01,-0.008636152372620387,-0.010639556373626347,0.016031002382416136,2.9833333333333334,2023-03-02 05:01:00+00:00,2023-03-01,-0.0037258163786271226,-0.001052212094186758,0.004762374580930205,2.9833333333333334,2023-03-02 05:01:00+00:00,2023-03-01,0.00472561282435624,0.00211561248902143,0.008020212874921974,2.9833333333333334,2023-03-02 05:01:00+00:00,2023-03-01,-0.005813969865419821,-0.07981841699187402,0.0479179941672022,2.9833333333333334
2023-03-03 08:00:00+00:00,0.0018392828716358167,-0.04507999469697918,-0.06365018807261583,0.010596897568208313,2023-03-04 08:00:00+00:00,-5.9926353195183246e-05,2023-03-03 05:01:00+00:00,2023-03-02,0.00886449140420531,-0.011167874727252069,0.015356814931194077,2.9833333333333334,2023-03-03 05:01:00+00:00,2023-03-02,0.00525031435422374,0.0041024749691906505,0.004241666269654285,2.9833333333333334,2023-03-03 05:01:00+00:00,2023-03-02,-0.0026587955550656517,0.007471444779457961,0.007729071277209521,2.9833333333333334,2023-03-03 05:01:00+00:00,2023-03-02,-0.04930049844945428,-0.07614774848564222,0.04852771430540309,2.9833333333333334
2023-03-04 08:00:00+00:00,0.0005560806079891734,-7.558161509873435e-05,-0.03334224910449986,0.009982419004004114,2023-03-05 08:00:00+00:00,0.0007272096260013683,2023-03-04 05:01:00+00:00,2023-03-03,0.020212940810022673,0.026477481676821492,0.013796989751635121,2.9833333333333334,2023-03-04 05:01:00+00:00,2023-03-03,-0.00486760347746884,-0.006579935583500435,0.004415608967829444,2.9833333333333334,2023-03-04 05:01:00+00:00,2023-03-03,0.007631752382991408,0.020427215982784692,0.008013558446688572,2.9833333333333334,2023-03-04 05:01:00+00:00,2023-03-03,-0.05778918655741583,-0.1586987701492343,0.05011271772640485,2.9833333333333334
2023-03-07 08:00:00+00:00,-0.0018195090831429894,0.0012036834967201133,-0.03579158195501406,0.009384220217299512,2023-03-08 08:00:00+00:00,-0.02000241745311948,2023-03-07 05:01:00+00:00,2023-03-06,0.0009491124851592758,0.020089978841267685,0.013277164722123301,2.9833333333333334,2023-03-07 05:01:00+00:00,2023-03-06,-0.0016277896342833387,-0.003061907472688345,0.0037622715935814875,2.9833333333333334,2023-03-07 05:01:00+00:00,2023-03-06,0.0,0.016143821828996385,0.005044720695455454,2.9833333333333334,2023-03-07 05:01:00+00:00,2023-03-06,0.0064690252551260485,-0.11843957571398736,0.04827040144475601,2.9833333333333334
2023-03-08 08:00:00+00:00,-0.008226492361991689,-0.020215715271227966,-0.07642768836995815,0.00876973284598833,2023-03-09 08:00:00+00:00,-0.012893327501623753,2023-03-08 05:01:00+00:00,2023-03-07,-0.012293157939430088,0.009097234387336641,0.013409373748829095,2.9833333333333334,2023-03-08 05:01:00+00:00,2023-03-07,0.01209715438265313,0.007126259246497556,0.004356360553255247,2.9833333333333334,2023-03-08 05:01:00+00:00,2023-03-07,-0.01883252513122624,-0.009133955478944395,0.0064523541147861125,2.9833333333333334,2023-03-08 05:01:00+00:00,2023-03-07,0.05132016130228978,-0.05511446831487395,0.04879817187757678,2.9833333333333334
2023-03-09 08:00:00+00:00,-0.003733246853988348,-0.012940756961740938,-0.07560451564856806,0.008570416010112773,2023-03-10 08:00:00+00:00,-0.07999431958075554,2023-03-09 05:01:00+00:00,2023-03-08,0.005183978470929773,0.02291736523088685,0.012465538759668361,2.9833333333333334,2023-03-09 05:01:00+00:00,2023-03-08,0.00037865311238149957,0.011230728737506326,0.004309579108733824,2.9833333333333334,2023-03-09 05:01:00+00:00,2023-03-08,-0.0007695402036755894,-0.01462910850697584,0.006372267654361853,2.9833333333333334,2023-03-09 05:01:00+00:00,2023-03-08,-0.02480747370426739,-0.07410797215372185,0.047778810931602675,2.9833333333333334
2023-03-10 08:00:00+00:00,-0.004923814460312315,-0.08337543458936841,-0.11389995554095728,0.007859332820993145,2023-03-11 08:00:00+00:00,-0.00515045420420801,2023-03-10 05:01:00+00:00,2023-03-09,-0.018128478971105366,-0.004075605144424044,0.012442326491146623,2.9833333333333334,2023-03-10 05:01:00+00:00,2023-03-09,-0.0033180681860800476,0.002662346197202134,0.00441305725277129,2.9833333333333334,2023-03-10 05:01:00+00:00,2023-03-09,0.008759499900822476,-0.003210813051087876,0.006716157237155761,2.9833333333333334,2023-03-10 05:01:00+00:00,2023-03-09,0.16818052803769667,0.14337305433342912,0.06001778589847611,2.9833333333333334
2023-03-11 08:00:00+00:00,-0.026990043495171534,-0.005163763512452983,-0.11898813743831149,0.00944836345550763,2023-03-12 08:00:00+00:00,0.024981348368152023,2023-03-11 05:01:00+00:00,2023-03-10,-0.013900878270696637,-0.038189424225143424,0.012628239821154883,2.9833333333333334,2023-03-11 05:01:00+00:00,2023-03-10,-0.006956011940827622,0.0005739377338431644,0.004718594067023103,2.9833333333333334,2023-03-11 05:01:00+00:00,2023-03-10,0.017613495613850283,0.006770930179771493,0.007843535045416987,2.9833333333333334,2023-03-11 05:01:00+00:00,2023-03-10,0.09245136688105804,0.2936136077719031,0.0630420124402815,2.9833333333333334
2023-03-14 08:00:00+00:00,-0.005205902772480897,0.07664033557851974,0.07837881037921922,0.019239934748402538,2023-03-15 08:00:00+00:00,0.02580923216513553,2023-03-14 04:01:00+00:00,2023-03-13,0.007821189863875588,-0.03131734684642726,0.012787537311199875,3.9833333333333334,2023-03-14 04:01:00+00:00,2023-03-13,-0.009415031171813304,-0.0072133038036863465,0.005153069016243915,3.9833333333333334,2023-03-14 04:01:00+00:00,2023-03-13,0.0260606494387714,0.03283157961854259,0.009789315751238259,3.9833333333333334,2023-03-14 04:01:00+00:00,2023-03-13,0.06705551214672534,0.35420009466350233,0.06414923629883737,3.9833333333333334
2023-03-15 08:00:00+00:00,0.006196160776950066,0.02539443106257982,0.1239889567130271,0.02131831797804396,2023-03-16 08:00:00+00:00,-0.010322628891138552,2023-03-15 04:01:00+00:00,2023-03-14,0.022935182351725203,0.003910993444727218,0.013375790581472959,3.9833333333333334,2023-03-15 04:01:00+00:00,2023-03-14,0.0,-0.01931045818633962,0.005114070010947308,3.9833333333333334,2023-03-15 04:01:00+00:00,2023-03-14,-0.0029262577970730064,0.04873784695269596,0.009700005008406674,3.9833333333333334,2023-03-15 04:01:00+00:00,2023-03-14,-0.11115909486998987,0.19172083849122276,0.0673449153676755,3.9833333333333334
2023-03-16 08:00:00+00:00,0.01427365235952216,-0.010387368065576096,0.1265423456091919,0.021375032825012474,2023-03-17 08:00:00+00:00,0.05867290873053421,2023-03-16 04:01:00+00:00,2023-03-15,0.004214970116859007,0.002941985090658192,0.013297943272267262,3.9833333333333334,2023-03-16 04:01:00+00:00,2023-03-15,0.01008414837596927,-0.009604962922751146,0.005564078481236493,3.9833333333333334,2023-03-16 04:01:00+00:00,2023-03-15,0.010619028537533381,0.06012641569390479,0.009922637798387498,3.9833333333333334,2023-03-16 04:01:00+00:00,2023-03-15,0.09672663774840373,0.31325494994389436,0.068927685745294,3.9833333333333334
2023-03-17 08:00:00+00:00,0.010678705361600649,0.05701573574339796,0.2669335159419584,0.019965332508907797,2023-03-18 08:00:00+00:00,0.04989856128552228,2023-03-17 04:01:00+00:00,2023-03-16,0.026584998276071303,0.047655462337833965,0.01458470004025846,3.9833333333333334,2023-03-17 04:01:00+00:00,2023-03-16,-0.0022002530258635744,-0.0084871477625352,0.005413736155671208,3.9833333333333334,2023-03-17 04:01:00+00:00,2023-03-16,-0.004306909972290107,0.0470600058207919,0.009589217588940017,3.9833333333333334,2023-03-17 04:01:00+00:00,2023-03-16,-0.12840736942098552,0.016667052485211643,0.07333025639625414,3.9833333333333334
2023-03-18 08:00:00+00:00,0.0019152177448944485,0.04873598047802445,0.32083325993243583,0.020070476830134888,2023-03-19 08:00:00+00:00,-0.014132453327670769,2023-03-18 04:01:00+00:00,2023-03-17,-0.004900938469770466,0.056655402138759914,0.013927869311338645,3.9833333333333334,2023-03-18 04:01:00+00:00,2023-03-17,-0.006822676673047923,-0.008353812494755532,0.005638799458736384,3.9833333333333334,2023-03-18 04:01:00+00:00,2023-03-17,0.02592214951412153,0.055368659721063106,0.010976504083791245,3.9833333333333334,2023-03-18 04:01:00+00:00,2023-03-17,0.10401119337862985,0.02822687898278348,0.07638257736026237,3.9833333333333334
2023-03-21 08:00:00+00:00,-0.010201826364218292,-0.024346676441962516,0.12605760248260817,0.016215227169938996,2023-03-22 08:00:00+00:00,0.021756937311967706,2023-03-21 04:01:00+00:00,2023-03-20,0.0034071983833250385,0.052241410658209315,0.013840408347781056,3.9833333333333334,2023-03-21 04:01:00+00:00,2023-03-20,-0.0041547990548487235,-0.003093580377791064,0.005712054968638072,3.9833333333333334,2023-03-21 04:01:00+00:00,2023-03-20,0.004701395669362007,0.03400940595165349,0.010938991701222124,3.9833333333333334,2023-03-21 04:01:00+00:00,2023-03-20,-0.05478615205513826,-0.09361478521908008,0.0769536684993386,3.9833333333333334
2023-03-22 08:00:00+00:00,-0.001793528599440819,0.021523988901779045,0.12218716032180725,0.013382207689317258,2023-03-23 08:00:00+00:00,-0.016786057911277075,2023-03-22 04:01:00+00:00,2023-03-21,0.01413473732286974,0.043440965629355344,0.01278689801374807,3.9833333333333334,2023-03-22 04:01:00+00:00,2023-03-21,-0.00019363457964782782,-0.003287214957438923,0.005657466883810333,3.9833333333333334,2023-03-22 04:01:00+00:00,2023-03-21,-0.0212552016726546,0.015680462076071728,0.012164705563542615,3.9833333333333334,2023-03-22 04:01:00+00:00,2023-03-21,-0.12182847450168266,-0.10428416485077306,0.08027063456562702,3.9833333333333334
2023-03-23 08:00:00+00:00,0.010007592336531701,-0.016928896338008852,0.11564563204937453,0.017616504742505795,2023-03-24 08:00:00+00:00,0.02325751404263121,2023-03-23 04:01:00+00:00,2023-03-22,-0.013773409639851408,0.02545258587264434,0.013306634751457283,3.9833333333333334,2023-03-23 04:01:00+00:00,2023-03-22,-0.008851802940525566,-0.02222316627393363,0.005855980486336676,3.9833333333333334,2023-03-23 04:01:00+00:00,2023-03-22,0.004369400688786662,0.009430834227325236,0.012147347754015424,3.9833333333333334,2023-03-23 04:01:00+00:00,2023-03-22,0.04033544025049984,-0.1606753623486771,0.08066110002750743,3.9833333333333334
2023-03-24 08:00:00+00:00,0.0019332837477712417,0.022991533348581936,0.0816214296545583,0.017850589098630205,2023-03-25 08:00:00+00:00,-0.027912350952693288,2023-03-24 04:01:00+00:00,2023-03-23,0.01281466285838917,0.011682250454963045,0.013427685076894359,3.9833333333333334,2023-03-24 04:01:00+00:00,2023-03-23,0.0017571295773279871,-0.018265783670741872,0.0058852852188050215,3.9833333333333334,2023-03-24 04:01:00+00:00,2023-03-23,0.023470877859662842,0.03720862205927872,0.012692888481997195,3.9833333333333334,2023-03-24 04:01:00+00:00,2023-03-23,0.015600940442479505,-0.016667052485211647,0.07974618338194547,3.9833333333333334
2023-03-25 08:00:00+00:00,-0.0034971972561663733,-0.028310022174636396,0.004575427001897384,0.016711145093824018,2023-03-26 08:00:00+00:00,0.000712015155699186,2023-03-25 04:01:00+00:00,2023-03-24,0.002966657353104196,0.019549846277837714,0.012607244137529033,3.9833333333333334,2023-03-25 04:01:00+00:00,2023-03-24,0.005737958489560491,-0.005705148508133602,0.005880625393018303,3.9833333333333334,2023-03-25 04:01:00+00:00,2023-03-24,-0.006080866722734335,0.005205605822422554,0.012724577096722964,3.9833333333333334,2023-03-25 04:01:00+00:00,2023-03-24,-0.03923840459681527,-0.15991665046065673,0.08012541730508395,3.9833333333333334
2023-03-28 08:00:00+00:00,-0.0003274336591374549,-0.030891771702614815,-0.01991579027806686,0.015454625504670569,2023-03-29 08:00:00+00:00,0.04168432983259596,2023-03-28 04:01:00+00:00,2023-03-27,-0.007388323581935197,0.008754324312577916,0.012783203821048424,3.9833333333333334,2023-03-28 04:01:00+00:00,2023-03-27,-0.002524538985166913,-0.004074888438451807,0.005812252176938273,3.9833333333333334,2023-03-28 04:01:00+00:00,2023-03-27,-0.015238002715118881,-0.014733792562058479,0.013460510286541213,3.9833333333333334,2023-03-28 04:01:00+00:00,2023-03-27,-0.0538628058975279,-0.1589933043030462,0.08069674284653906,3.9833333333333334
2023-03-29 08:00:00+00:00,0.025946076150178854,0.0408393218959781,-0.0006004572838677494,0.015929256113933168,2023-03-30 08:00:00+00:00,0.022721689390254873,2023-03-29 04:01:00+00:00,2023-03-28,-0.0049439183407731235,-0.01032433135106688,0.012865736471836508,3.9833333333333334,2023-03-29 04:01:00+00:00,2023-03-28,-0.004189204852775852,-0.0080704587115802,0.005818625022331267,3.9833333333333334,2023-03-29 04:01:00+00:00,2023-03-28,0.010032396892696305,0.01655380600329301,0.013526782616281714,3.9833333333333334,2023-03-29 04:01:00+00:00,2023-03-28,-0.031059928367811462,-0.06822475816917535,0.0809475673705127,3.9833333333333334
2023-03-30 08:00:00+00:00,0.008243805796741555,0.022467744703042004,0.0387961837571831,0.01085737796536651,2023-03-31 08:00:00+00:00,-0.03434360313315932,2023-03-30 04:01:00+00:00,2023-03-29,0.018499459519444983,0.021948537808229945,0.01308008428204499,3.9833333333333334,2023-03-30 04:01:00+00:00,2023-03-29,0.0020480729330509817,0.002829417161995888,0.005828741706250449,3.9833333333333334,2023-03-30 04:01:00+00:00,2023-03-29,-0.0033499044345974838,0.008834500879908743,0.01361142299872114,3.9833333333333334,2023-03-30 04:01:00+00:00,2023-03-29,-0.043496239804468484,-0.15205643822414355,0.08148280367183672,3.9833333333333334
2023-03-31 08:00:00+00:00,-0.015380518405956778,-0.03494755299870337,-0.019142902590102134,0.00996115515616041,2023-04-01 08:00:00+00:00,0.02474901292356324,2023-03-31 04:01:00+00:00,2023-03-30,0.009075082932621825,0.018208957882461674,0.013084575879743376,3.9833333333333334,2023-03-31 04:01:00+00:00,2023-03-30,-0.004883299116992923,-0.003811011532324802,0.005706189084736121,3.9833333333333334,2023-03-31 04:01:00+00:00,2023-03-30,0.006789661351463749,-0.007846715628290672,0.013561684935924004,3.9833333333333334,2023-03-31 04:01:00+00:00,2023-03-30,-0.005243850506011061,-0.17290122917263417,0.0807770153807884,3.9833333333333334
2023-04-01 08:00:00+00:00,-0.00407646586903887,0.024448068968684532,0.03361518855321898,0.010136580852792194,2023-04-02 08:00:00+00:00,-0.000302902587794307,2023-04-01 04:01:00+00:00,2023-03-31,0.01669300370683402,0.03193530423619221,0.012872352348645965,3.9833333333333334,2023-04-01 04:01:00+00:00,2023-03-31,0.0036159603906886773,-0.005933009631195989,0.005749621701529166,3.9833333333333334,2023-04-01 04:01:00+00:00,2023-03-31,-0.005722573380642082,-0.007488422286198867,0.013684071522797173,3.9833333333333334,2023-04-01 04:01:00+00:00,2023-03-31,-0.016967533256703415,-0.15063035783252243,0.07978890692164332,3.9833333333333334
2023-04-04 08:00:00+00:00,0.005950297782153058,0.00223508329196292,0.03850382999991421,0.008477102394399643,2023-04-05 08:00:00+00:00,0.017982385548712676,2023-04-04 04:01:00+00:00,2023-04-03,-0.002506676358530413,0.036816951459597264,0.012931419846573677,3.9833333333333334,2023-04-04 04:01:00+00:00,2023-04-03,-0.004105634325008545,-0.007514104971037299,0.005791068013179884,3.9833333333333334,2023-04-04 04:01:00+00:00,2023-04-03,0.0158213731102137,0.023570953539133983,0.013956550764398439,3.9833333333333334,2023-04-04 04:01:00+00:00,2023-04-03,-0.008053734807096813,-0.10482128674209132,0.07979842821419326,3.9833333333333334
2023-04-05 08:00:00+00:00,-0.0006837226104892125,0.017823322419769864,0.015487830523705953,0.007611559602293868,2023-04-06 08:00:00+00:00,-0.02153289021637006,2023-04-05 04:01:00+00:00,2023-04-04,-0.0036779027344753246,0.03808296706589477,0.012520756322710918,3.9833333333333334,2023-04-05 04:01:00+00:00,2023-04-04,-0.004909672254020059,-0.008234572372281297,0.004937808465403227,3.9833333333333334,2023-04-05 04:01:00+00:00,2023-04-04,0.018719868688759966,0.032258425335197675,0.013262514816897294,3.9833333333333334,2023-04-05 04:01:00+00:00,2023-04-04,0.02396919011299614,-0.04979216826128339,0.0791010415468679,3.9833333333333334
2023-04-06 08:00:00+00:00,-0.007760651619344472,-0.021768456171670426,-0.028748370351006396,0.008009074764146858,2023-04-07 08:00:00+00:00,-0.002550251746893828,2023-04-06 04:01:00+00:00,2023-04-05,-0.010195235744523856,0.009388271801927429,0.012895072129504595,3.9833333333333334,2023-04-06 04:01:00+00:00,2023-04-05,0.0025560586356645487,-0.007726586669667887,0.0050151391622269,3.9833333333333334,2023-04-06 04:01:00+00:00,2023-04-05,-0.0012764377169682817,0.03433189205282701,0.013275929084149285,3.9833333333333334,2023-04-06 04:01:00+00:00,2023-04-05,0.004201686853700259,-0.002094241603114848,0.07891747798525492,3.9833333333333334
2023-04-07 08:00:00+00:00,-0.007118339015281805,-0.0025538683764150245,0.0036453142712820448,0.007313222092783496,2023-04-08 08:00:00+00:00,0.008851719068283304,2023-04-07 04:01:00+00:00,2023-04-06,0.007330048016171986,0.007643236885477356,0.01192076593075516,3.9833333333333334,2023-04-07 04:01:00+00:00,2023-04-06,-0.0002945822142041976,-0.0031378697668794997,0.005013690556237708,3.9833333333333334,2023-04-07 04:01:00+00:00,2023-04-06,-0.004529771985668063,0.023012458715695235,0.01344289450358938,3.9833333333333334,2023-04-07 04:01:00+00:00,2023-04-06,-0.036290001405200556,-0.033140392502304335,0.06853394795123909,3.9833333333333334
2023-04-11 08:00:00+00:00,-0.0003008825245824909,0.06243762293941065,0.07178911395041034,0.007339276556984729,2023-04-12 08:00:00+00:00,-0.003982807927750742,2023-04-11 04:01:00+00:00,2023-04-10,-0.0008707371771432548,-0.009920503998501735,0.011210942571068042,3.9833333333333334,2023-04-11 04:01:00+00:00,2023-04-10,0.007436454334157183,0.0006826241765886133,0.005244885146830823,3.9833333333333334,2023-04-11 04:01:00+00:00,2023-04-10,-0.011215429542536626,0.017519602553800535,0.013561110670470571,3.9833333333333334,2023-04-11 04:01:00+00:00,2023-04-10,0.03050811933198272,0.014335260086381866,0.06495200313241417,3.9833333333333334
2023-04-12 08:00:00+00:00,0.002168621812616678,-0.003990094802069931,0.04997569672857052,0.006999290789357932,2023-04-13 08:00:00+00:00,0.0027215135630485054,2023-04-12 04:01:00+00:00,2023-04-11,-0.006694532270433484,-0.014108359910405521,0.011479279659940585,3.9833333333333334,2023-04-12 04:01:00+00:00,2023-04-11,-0.003711351902178528,0.0010769065994182061,0.004905344769741158,3.9833333333333334,2023-04-12 04:01:00+00:00,2023-04-11,0.0075569371199115665,0.009255166563498719,0.012535523200817394,3.9833333333333334,2023-04-12 04:01:00+00:00,2023-04-11,0.006829551105661746,0.029218545999140005,0.06237044239983893,3.9833333333333334
2023-04-13 08:00:00+00:00,-0.00011872145980795779,0.0027174834725175894,0.07446163637275859,0.006148766349089844,2023-04-14 08:00:00+00:00,0.022120417977558038,2023-04-13 04:01:00+00:00,2023-04-12,-0.008972517821819181,-0.01940297499774627,0.01094090115631278,3.9833333333333334,2023-04-13 04:01:00+00:00,2023-04-12,-0.00687284942711841,-0.000886270573679252,0.005092352496286108,3.9833333333333334,2023-04-13 04:01:00+00:00,2023-04-12,0.0029179893493083142,-0.006546712775953279,0.012467730709041582,3.9833333333333334,2023-04-13 04:01:00+00:00,2023-04-12,-0.0005236973149282953,0.0047256585712157784,0.05829799288485984,3.9833333333333334
2023-04-14 08:00:00+00:00,0.0013948811045114695,0.021878985274877843,0.09889449002405137,0.006212582492730821,2023-04-15 08:00:00+00:00,-0.009775578818451258,2023-04-14 04:01:00+00:00,2023-04-13,0.020113372483933745,0.010905633230708959,0.011621573639121233,3.9833333333333334,2023-04-14 04:01:00+00:00,2023-04-13,-0.004839255492046668,-0.008281584701390319,0.004429215527989118,3.9833333333333334,2023-04-14 04:01:00+00:00,2023-04-13,0.014901517771993333,0.009631242713008059,0.012642869941778514,3.9833333333333334,2023-04-14 04:01:00+00:00,2023-04-13,-0.06996618043961655,-0.06944220872210083,0.05385044420595461,3.9833333333333334
2023-04-15 08:00:00+00:00,0.001879971821315607,-0.009823019518235084,0.0802583390425523,0.007005021317641496,2023-04-16 08:00:00+00:00,-0.0029020851836919492,2023-04-15 04:01:00+00:00,2023-04-14,-0.0022811282390655663,0.0012944569754728208,0.01030673407656319,3.9833333333333334,2023-04-15 04:01:00+00:00,2023-04-14,0.005331775088373902,-0.0026552273988125724,0.0047024966468065515,3.9833333333333334,2023-04-15 04:01:00+00:00,2023-04-14,-0.019405683290659503,-0.005244668591982736,0.013528898554124496,3.9833333333333334,2023-04-15 04:01:00+00:00,2023-04-14,-0.04187592049169053,-0.07502812780859057,0.04774571953693091,3.9833333333333334
2023-04-18 08:00:00+00:00,0.011098240119162384,-0.002102865340772856,-0.011064111352348005,0.005563623303950512,2023-04-19 08:00:00+00:00,0.010147567085947218,2023-04-18 04:01:00+00:00,2023-04-17,0.0006260066590115798,0.0027912008116268493,0.010187018024293896,3.9833333333333334,2023-04-18 04:01:00+00:00,2023-04-17,0.005401392147505568,-0.004690289585463969,0.004753830007172187,3.9833333333333334,2023-04-18 04:01:00+00:00,2023-04-17,-0.004375093347142034,0.0015956676034120441,0.012400484438821444,3.9833333333333334,2023-04-18 04:01:00+00:00,2023-04-17,-0.007054702979889971,-0.1125909501204635,0.03881212458980744,3.9833333333333334
2023-04-19 08:00:00+00:00,-0.00442768134113436,0.010096090361124237,0.0030220738108463568,0.006387720696919353,2023-04-20 08:00:00+00:00,-0.040165890013086014,2023-04-19 04:01:00+00:00,2023-04-18,0.00031170023552995474,0.009797433317590936,0.010191510356063757,3.9833333333333334,2023-04-19 04:01:00+00:00,2023-04-18,-0.003433885902969891,-0.0044128235862554354,0.0047295835714169605,3.9833333333333334,2023-04-19 04:01:00+00:00,2023-04-18,0.006307891542074451,0.00034662202557541943,0.012431965332011154,3.9833333333333334,2023-04-19 04:01:00+00:00,2023-04-18,-0.007104825623744482,-0.12652532684986975,0.03804826949826529,3.9833333333333334
2023-04-20 08:00:00+00:00,0.000247349053385193,-0.0409948115492223,-0.04069022121089363,0.007728500120200217,2023-04-21 08:00:00+00:00,-0.024754015114829886,2023-04-20 04:01:00+00:00,2023-04-19,-0.0002352955932245493,0.018534655546183755,0.009794471355472402,3.9833333333333334,2023-04-20 04:01:00+00:00,2023-04-19,0.0021598400246283234,0.0046198658654908525,0.004773133510246452,3.9833333333333334,2023-04-20 04:01:00+00:00,2023-04-19,-0.006158401556256798,-0.008729768879990303,0.011432712086975253,3.9833333333333334,2023-04-20 04:01:00+00:00,2023-04-19,-0.022229812953790784,-0.1482314424887325,0.029252493073783584,3.9833333333333334
2023-04-21 08:00:00+00:00,-0.005892031485609905,-0.02506519243830943,-0.0876343989240811,0.007731556369480078,2023-04-22 08:00:00+00:00,-0.031158564263140343,2023-04-21 04:01:00+00:00,2023-04-20,-0.00787967350922969,-0.00945839044697859,0.009396244787158291,3.9833333333333334,2023-04-21 04:01:00+00:00,2023-04-20,-0.0012757460576224844,0.00818337529991486,0.0043697569407483,3.9833333333333334,2023-04-21 04:01:00+00:00,2023-04-20,0.005861295682615619,-0.01776999096936791,0.011456048421017861,3.9833333333333334,2023-04-21 04:01:00+00:00,2023-04-20,0.04223047966046023,-0.03603478238865529,0.02943709114571983,3.9833333333333334
2023-04-22 08:00:00+00:00,-0.0016263763678363574,-0.03165430606913281,-0.1094656854749788,0.008166744569837152,2023-04-23 08:00:00+00:00,0.016172154961461294,2023-04-22 04:01:00+00:00,2023-04-21,0.0011382003595361567,-0.006039061848376528,0.009020567168530589,3.9833333333333334,2023-04-22 04:01:00+00:00,2023-04-21,-0.00019637281272899543,0.0026552273988125897,0.0043442953494994925,3.9833333333333334,2023-04-22 04:01:00+00:00,2023-04-21,-0.014265992024399488,-0.012630299703108461,0.01077813596696145,3.9833333333333334,2023-04-22 04:01:00+00:00,2023-04-21,-0.023572099074266717,-0.01773096097123186,0.02872995138655786,3.9833333333333334
2023-04-25 08:00:00+00:00,-0.0028997172239755287,-0.006777622776209783,-0.08802962840949398,0.008693663593934567,2023-04-26 08:00:00+00:00,0.04069639932312641,2023-04-25 04:01:00+00:00,2023-04-24,-0.0023880745754265575,-0.009053143082814066,0.009040297922366524,3.9833333333333334,2023-04-25 04:01:00+00:00,2023-04-24,-0.004626687634512017,-0.007372852383204933,0.004195822774862843,3.9833333333333334,2023-04-25 04:01:00+00:00,2023-04-24,0.004661336517880699,-0.003593869838085299,0.01073383180664748,3.9833333333333334,2023-04-25 04:01:00+00:00,2023-04-24,0.007130154984591464,-0.0035461030067504774,0.028536193481900365,3.9833333333333334
2023-04-26 08:00:00+00:00,0.0023667531081255078,0.03988975138695188,-0.05823596738366642,0.009117256707146776,2023-04-27 08:00:00+00:00,0.018242406750166307,2023-04-26 04:01:00+00:00,2023-04-25,-0.01904324141823821,-0.028408084736582406,0.00992720460303476,3.9833333333333334,2023-04-26 04:01:00+00:00,2023-04-25,0.005019469606052596,0.0010805031258174739,0.004374153518849985,3.9833333333333334,2023-04-26 04:01:00+00:00,2023-04-25,0.0023474531243090624,-0.0075543082558511805,0.010085979842647818,3.9833333333333334,2023-04-26 04:01:00+00:00,2023-04-25,0.10500521275836983,0.1085639353753641,0.0372369740385572,3.9833333333333334
2023-04-27 08:00:00+00:00,0.0002782988206533332,0.018078016675456044,0.0008368608410120392,0.01481505374334396,2023-04-28 08:00:00+00:00,0.020592278492578497,2023-04-27 04:01:00+00:00,2023-04-26,0.006374094999364033,-0.02179869414399391,0.009940830915381836,3.9833333333333334,2023-04-27 04:01:00+00:00,2023-04-26,-0.0038361271273430475,-0.004915464026153943,0.0043591181019986425,3.9833333333333334,2023-04-27 04:01:00+00:00,2023-04-26,-0.004249475211151932,-0.005645381910746569,0.00993825987247564,3.9833333333333334,2023-04-27 04:01:00+00:00,2023-04-26,0.004255325570138524,0.13504907389929324,0.03675431007432219,3.9833333333333334
2023-04-28 08:00:00+00:00,0.00231915750613787,0.020383470058775076,0.0462855233380966,0.014826592391391988,2023-04-29 08:00:00+00:00,-0.004859128015590963,2023-04-28 04:01:00+00:00,2023-04-27,0.02723289688087327,0.013313876246108962,0.01090558973931167,3.9833333333333334,2023-04-28 04:01:00+00:00,2023-04-27,0.0002955981606627134,-0.003344119807868399,0.004323286466212987,3.9833333333333334,2023-04-28 04:01:00+00:00,2023-04-27,0.0015018776289901226,-0.010004799964371343,0.009896750426518554,3.9833333333333334,2023-04-28 04:01:00+00:00,2023-04-27,-0.10100577447362014,-0.008187180234787251,0.041975303863517825,3.9833333333333334
2023-04-29 08:00:00+00:00,-6.815322480591135e-06,-0.004870971961201974,0.07306885744602727,0.014215785239278111,2023-04-30 08:00:00+00:00,-0.0026958099936140734,2023-04-29 04:01:00+00:00,2023-04-28,0.006510656503937895,0.01868633239051034,0.010822981156154123,3.9833333333333334,2023-04-29 04:01:00+00:00,2023-04-28,0.0016734577954444774,-0.0014742891996952332,0.00422556627046633,3.9833333333333334,2023-04-29 04:01:00+00:00,2023-04-28,5.001154877071201e-05,0.004311203608798074,0.009796642668300097,3.9833333333333334,2023-04-29 04:01:00+00:00,2023-04-28,-0.07623317925686868,-0.060848260417389353,0.04483118085643486,3.9833333333333334
2023-05-02 08:00:00+00:00,0.0004887593470925822,-0.02016842708892233,0.028594597221847907,0.01479473423256996,2023-05-03 08:00:00+00:00,0.02125423282997363,2023-05-02 04:01:00+00:00,2023-05-01,-0.0010968204117478564,0.01997758655418989,0.010184414106620016,3.9833333333333334,2023-05-02 04:01:00+00:00,2023-05-01,0.00471007992397432,0.007862478358791407,0.004284655913244299,3.9833333333333334,2023-05-02 04:01:00+00:00,2023-05-01,-0.003457535847755544,-0.0038076687568380316,0.00973415032235501,3.9833333333333334,2023-05-02 04:01:00+00:00,2023-05-01,0.018832948333091792,-0.04914546706888855,0.04522349511943082,3.9833333333333334
2023-05-03 08:00:00+00:00,0.004648917768092176,0.021031162943648436,0.00973600877854442,0.014478891739974353,2023-05-04 08:00:00+00:00,0.014112957404268434,2023-05-03 04:01:00+00:00,2023-05-02,-0.008943615470284882,0.03007721250214181,0.01037405557897597,3.9833333333333334,2023-05-03 04:01:00+00:00,2023-05-02,-0.001861765672625637,0.0009812430801133874,0.00420497726588716,3.9833333333333334,2023-05-03 04:01:00+00:00,2023-05-02,0.015490334716647958,0.009335212835501037,0.00970712402574868,3.9833333333333334,2023-05-03 04:01:00+00:00,2023-05-02,0.10049796633493857,-0.05365271349232014,0.051269406541053386,3.9833333333333334
2023-05-04 08:00:00+00:00,-0.0013298933007312996,0.014014301656089204,0.0056722937591776506,0.008382388651071689,2023-05-05 08:00:00+00:00,0.00014075200803898014,2023-05-04 04:01:00+00:00,2023-05-03,-0.006383942266698028,0.017319175236080824,0.01044017112834759,3.9833333333333334,2023-05-04 04:01:00+00:00,2023-05-03,-0.00609940661773134,-0.0012820364102756954,0.004284797826731654,3.9833333333333334,2023-05-04 04:01:00+00:00,2023-05-03,0.006748271308742559,0.020332959355396474,0.008861220977074095,3.9833333333333334,2023-05-04 04:01:00+00:00,2023-05-03,0.031010236742559982,-0.026897802319898204,0.05148171555661742,3.9833333333333334
2023-05-05 08:00:00+00:00,-0.004666633483610738,0.00014108624040272465,-0.014570090059194577,0.008171181254168798,2023-05-06 08:00:00+00:00,0.010358784527991327,2023-05-05 04:01:00+00:00,2023-05-04,-0.0036697123567499546,-0.013583434001542828,0.010213074358374367,3.9833333333333334,2023-05-05 04:01:00+00:00,2023-05-04,0.0005919422942941566,-0.0009856922766438478,0.004242457632751923,3.9833333333333334,2023-05-05 04:01:00+00:00,2023-05-04,0.009138261552267934,0.027969343278673144,0.009087215038089302,3.9833333333333334,2023-05-05 04:01:00+00:00,2023-05-04,0.09113771199852438,0.16524568415224597,0.05552375808524537,3.9833333333333334
2023-05-06 08:00:00+00:00,0.00033176104789234273,0.010305840539733161,0.0006067224417405325,0.008199555184115581,2023-05-07 08:00:00+00:00,-0.015424675803229482,2023-05-06 04:01:00+00:00,2023-05-05,0.021085570601085735,0.0009914800956039062,0.011148806557367264,3.9833333333333334,2023-05-06 04:01:00+00:00,2023-05-05,-0.0018755490502071481,-0.004534699122295381,0.004258591104976663,3.9833333333333334,2023-05-06 04:01:00+00:00,2023-05-05,-0.0151454444331236,0.012773887296780069,0.009686218739086701,3.9833333333333334,2023-05-06 04:01:00+00:00,2023-05-05,-0.15589435943208496,0.08558450397702974,0.06547905686738309,3.9833333333333334
2023-05-09 08:00:00+00:00,0.0013491037018393826,-0.011101056955130771,-0.014027551402274763,0.008701068337774643,2023-05-10 08:00:00+00:00,-0.004495307162455386,2023-05-09 04:01:00+00:00,2023-05-08,0.002448876808145428,0.004537177315497561,0.011148170582688618,3.9833333333333334,2023-05-09 04:01:00+00:00,2023-05-08,0.0015796593339416631,-0.0076651197123289265,0.003883408653800626,3.9833333333333334,2023-05-09 04:01:00+00:00,2023-05-08,0.004139928211390753,0.020371351355925552,0.00935670464916197,3.9833333333333334,2023-05-09 04:01:00+00:00,2023-05-08,-0.01229163851155679,0.05445991713238105,0.06501021895980076,3.9833333333333334
2023-05-10 08:00:00+00:00,-0.00517967281834153,-0.004505802884420858,-0.03956451723034395,0.008569683773181734,2023-05-11 08:00:00+00:00,-0.003347219872298024,2023-05-10 04:01:00+00:00,2023-05-09,-0.0068342961181411255,0.006646496667642985,0.011153232744355415,3.9833333333333334,2023-05-10 04:01:00+00:00,2023-05-09,0.002659935957997739,-0.0031434180817048875,0.003875482215891045,3.9833333333333334,2023-05-10 04:01:00+00:00,2023-05-09,0.0047594963869563855,0.00964051302623411,0.009269756557975357,3.9833333333333334,2023-05-10 04:01:00+00:00,2023-05-09,0.042093270911541136,-0.003944778291016341,0.06583634763486754,3.9833333333333334
2023-05-11 08:00:00+00:00,0.0001154890699250899,-0.0033528343448183512,-0.05693165323125161,0.00842392092450384,2023-05-12 08:00:00+00:00,-0.041477489857038696,2023-05-11 04:01:00+00:00,2023-05-10,0.011052887073368822,0.02408332600770843,0.01111858253779039,3.9833333333333334,2023-05-11 04:01:00+00:00,2023-05-10,-0.0015753846360935242,0.001380603899932815,0.0035697648173802624,3.9833333333333334,2023-05-11 04:01:00+00:00,2023-05-10,-0.002843163105500146,4.907861199114631e-05,0.009283058887879536,3.9833333333333334,2023-05-11 04:01:00+00:00,2023-05-10,-0.04445176257083405,-0.07940677760441035,0.06645194320692917,3.9833333333333334
2023-05-12 08:00:00+00:00,-0.010314702202103732,-0.04236185194994402,-0.09943459142159841,0.008584259304964393,2023-05-13 08:00:00+00:00,0.017496525284941944,2023-05-12 04:01:00+00:00,2023-05-11,0.003137919147068402,0.03089095751152659,0.010271234558448385,3.9833333333333334,2023-05-12 04:01:00+00:00,2023-05-11,0.005699083903704327,0.0064877455093431315,0.0035970541130216356,3.9833333333333334,2023-05-12 04:01:00+00:00,2023-05-11,-0.008182210320268446,-0.01727139326054475,0.008794271483880903,3.9833333333333334,2023-05-12 04:01:00+00:00,2023-05-11,-0.0005904930788642737,-0.17113498268179905,0.0647240036246491,3.9833333333333334
2023-05-13 08:00:00+00:00,-0.0013583390712881283,0.017345216839996475,-0.092395215121335,0.008704958975522651,2023-05-14 08:00:00+00:00,0.003113342474769354,2023-05-13 04:01:00+00:00,2023-05-12,-0.00371123959334696,0.006094147317094853,0.010300641181067265,3.9833333333333334,2023-05-13 04:01:00+00:00,2023-05-12,0.006056507260503885,0.01441980182005429,0.0036513508127822185,3.9833333333333334,2023-05-13 04:01:00+00:00,2023-05-12,-0.0003464847513390268,-0.0024724335787611536,0.0076343026190753204,3.9833333333333334,2023-05-13 04:01:00+00:00,2023-05-12,0.005889298529552889,-0.009351324720160998,0.06407278308300934,3.9833333333333334
2023-05-16 08:00:00+00:00,0.004508068855731295,-0.005667773312455724,-0.015079159746030371,0.007219890638136583,2023-05-17 08:00:00+00:00,-0.014950511107572284,2023-05-16 04:01:00+00:00,2023-05-15,0.005481880313391585,0.00912715082234007,0.010348808912233104,3.9833333333333334,2023-05-16 04:01:00+00:00,2023-05-15,-0.002437717547241647,0.010402424938870706,0.003521995030619793,3.9833333333333334,2023-05-16 04:01:00+00:00,2023-05-15,0.0014347076517875479,-0.005177654138363463,0.007565317322631555,3.9833333333333334,2023-05-16 04:01:00+00:00,2023-05-15,0.005270876038999006,0.008211189830394844,0.06406181966868085,3.9833333333333334
2023-05-17 08:00:00+00:00,-0.007973301953356327,-0.015063396541778358,-0.02563675340338786,0.00697960364027902,2023-05-18 08:00:00+00:00,0.02035638480559232,2023-05-17 04:01:00+00:00,2023-05-16,0.000931462345233669,0.016892909285715213,0.010346843945580608,3.9833333333333334,2023-05-17 04:01:00+00:00,2023-05-16,0.00126832793989351,0.009010816920766397,0.0034249756163475978,3.9833333333333334,2023-05-17 04:01:00+00:00,2023-05-16,-0.014792187206182028,-0.024729337731501943,0.008145540123549563,3.9833333333333334,2023-05-17 04:01:00+00:00,2023-05-16,0.04956867724884573,0.015686596167699473,0.0649549809424347,3.9833333333333334
2023-05-18 08:00:00+00:00,0.0009467231560353895,0.0201519631395359,-0.002131955919033578,0.006904269410495212,2023-05-19 08:00:00+00:00,-0.019722097386754567,2023-05-18 04:01:00+00:00,2023-05-17,0.012085904747655363,0.01792592696000193,0.01061639646536359,3.9833333333333334,2023-05-18 04:01:00+00:00,2023-05-17,0.0031152644246636996,0.013701465981524398,0.003457375436950737,3.9833333333333334,2023-05-18 04:01:00+00:00,2023-05-17,-0.004072493894367035,-0.025958668520369616,0.008084632301930683,3.9833333333333334,2023-05-18 04:01:00+00:00,2023-05-17,-0.06427915140456486,-0.004140792666031388,0.06648836480574512,3.9833333333333334
2023-05-19 08:00:00+00:00,0.0006202721908454834,-0.019919545842173356,0.02031035018873709,0.00643666730814438,2023-05-20 08:00:00+00:00,0.00013369885134428827,2023-05-19 04:01:00+00:00,2023-05-18,0.017894397131353657,0.032682404944288104,0.010929499581218393,3.9833333333333334,2023-05-19 04:01:00+00:00,2023-05-18,0.006781044881070564,0.014783426958889569,0.0037067987971801707,3.9833333333333334,2023-05-19 04:01:00+00:00,2023-05-18,-0.012726095201858634,-0.030502553401959624,0.008370781493689297,3.9833333333333334,2023-05-19 04:01:00+00:00,2023-05-18,-0.04982804698185195,-0.05337834656901904,0.06668682925389922,3.9833333333333334
2023-05-20 08:00:00+00:00,-0.00039463475948764426,0.00013406233471753077,0.0030991956834583094,0.006098134615730497,2023-05-21 08:00:00+00:00,0.007448153005513269,2023-05-20 04:01:00+00:00,2023-05-19,-0.002252679042143768,0.034140965495490644,0.01098873819971224,3.9833333333333334,2023-05-20 04:01:00+00:00,2023-05-19,-0.0036754551972650873,0.005051464501120294,0.0038376667520393934,3.9833333333333334,2023-05-20 04:01:00+00:00,2023-05-19,0.011062134738201834,-0.019093933912418037,0.008251340893963817,3.9833333333333334,2023-05-20 04:01:00+00:00,2023-05-19,0.04626509784449917,-0.013002547254072858,0.06739809853437952,3.9833333333333334
2023-05-23 08:00:00+00:00,-0.002277988227696426,0.017037939071432424,0.0018996658386772117,0.006337056357303687,2023-05-24 08:00:00+00:00,-0.022916819267224442,2023-05-23 04:01:00+00:00,2023-05-22,0.003345001096827005,0.03200408627892664,0.010915438530846113,3.9833333333333334,2023-05-23 04:01:00+00:00,2023-05-22,0.0,0.007489182048362723,0.0036355040915121532,3.9833333333333334,2023-05-23 04:01:00+00:00,2023-05-22,-0.002222909117559624,-0.022751550681765268,0.008180099434653584,3.9833333333333334,2023-05-23 04:01:00+00:00,2023-05-22,0.02351666280292397,0.005243239509852043,0.06758715021022302,3.9833333333333334
2023-05-24 08:00:00+00:00,-0.0040149932350264095,-0.02318349163534478,-0.006220429254889205,0.0066340737429636,2023-05-25 08:00:00+00:00,-0.020518264216319526,2023-05-24 04:01:00+00:00,2023-05-23,-0.012877032144604783,0.018195591789088066,0.010322643165177385,3.9833333333333334,2023-05-24 04:01:00+00:00,2023-05-23,0.00280614556201364,0.009026999670482354,0.003535973191941446,3.9833333333333334,2023-05-24 04:01:00+00:00,2023-05-23,-0.0013664760105074336,-0.009325839486090667,0.008152534288183699,3.9833333333333334,2023-05-24 04:01:00+00:00,2023-05-23,0.07390043007382019,0.02957499233482679,0.06538856260528762,3.9833333333333334
2023-05-25 08:00:00+00:00,-0.002005162098805968,-0.020731688240321816,-0.04710408063474698,0.006040505602822179,2023-05-26 08:00:00+00:00,0.014161959981279226,2023-05-25 04:01:00+00:00,2023-05-24,-0.004990259953929765,0.0011194270875032745,0.010473044096475646,3.9833333333333334,2023-05-25 04:01:00+00:00,2023-05-24,0.0038576721692820115,0.009769407415100809,0.0034224541649041356,3.9833333333333334,2023-05-25 04:01:00+00:00,2023-05-24,-0.005026551912924226,-0.010279897504647285,0.008171898878090176,3.9833333333333334,2023-05-25 04:01:00+00:00,2023-05-24,0.0778401093804586,0.17169425311984995,0.06770626596283094,3.9833333333333334
2023-05-26 08:00:00+00:00,0.002500734729544263,0.014062238922429925,-0.013122295870143671,0.005781374417373168,2023-05-27 08:00:00+00:00,0.00835655857401929,2023-05-26 04:01:00+00:00,2023-05-25,0.024257782734313338,0.007482812690462169,0.010126461201073253,3.9833333333333334,2023-05-26 04:01:00+00:00,2023-05-25,0.0030754440114666437,0.006063806545497576,0.003441108426904429,3.9833333333333334,2023-05-26 04:01:00+00:00,2023-05-25,-0.010695301810983437,-0.008249104113772856,0.00844229168033285,3.9833333333333334,2023-05-26 04:01:00+00:00,2023-05-25,-0.04545076365291845,0.1760715364487834,0.06426411367333142,3.9833333333333334
2023-05-27 08:00:00+00:00,-0.001092103304817016,0.008322213185461953,-0.004934145019399278,0.006037044175250237,2023-05-28 08:00:00+00:00,0.018844582154564637,2023-05-27 04:01:00+00:00,2023-05-26,0.02549138574808474,0.03522687748068989,0.01130598433512255,3.9833333333333334,2023-05-27 04:01:00+00:00,2023-05-26,0.0,0.00973926174276278,0.0034523239678070717,3.9833333333333334,2023-05-27 04:01:00+00:00,2023-05-26,0.0003086922124557745,-0.019002546639518437,0.008444832199294837,3.9833333333333334,2023-05-27 04:01:00+00:00,2023-05-26,-0.06419027109052067,0.06561616751376365,0.0635065788824349,3.9833333333333334
2023-05-31 08:00:00+00:00,-0.017853578267981618,-0.02059484329102135,0.01817175959131641,0.00708073205889966,2023-06-01 08:00:00+00:00,-0.013444169978478304,2023-05-31 04:01:00+00:00,2023-05-30,0.003949280077945261,0.0358311564618093,0.01124657095368397,3.9833333333333334,2023-05-31 04:01:00+00:00,2023-05-30,-0.0003839228001334405,0.009355338942629495,0.0033692670561587604,3.9833333333333334,2023-05-31 04:01:00+00:00,2023-05-30,0.007021503875203727,-0.00975813364675603,0.008632775959267541,3.9833333333333334,2023-05-31 04:01:00+00:00,2023-05-30,0.0,-0.059478489885812294,0.059715877558944065,3.9833333333333334
2023-06-01 08:00:00+00:00,0.0008484096375092065,-0.013534619901164379,0.025368827930473764,0.007175052952135015,2023-06-02 08:00:00+00:00,0.00921513014006825,2023-06-01 04:01:00+00:00,2023-05-31,-0.007053761163374972,0.04165442744303745,0.011138856328918915,3.9833333333333334,2023-06-01 04:01:00+00:00,2023-05-31,0.0014389328341666285,0.007988126214782516,0.003302977163526775,3.9833333333333334,2023-06-01 04:01:00+00:00,2023-05-31,0.0030087604621398256,-0.0053828971741084865,0.00779902558587963,3.9833333333333334,2023-06-01 04:01:00+00:00,2023-05-31,0.027120306219194035,-0.1101982930470768,0.05961269270596858,3.9833333333333334
2023-06-02 08:00:00+00:00,0.0018372002026030287,0.009172556786876512,0.020479145794920193,0.007054747657273349,2023-06-03 08:00:00+00:00,0.004612628998896362,2023-06-02 04:01:00+00:00,2023-06-01,0.01306281029031453,0.0597074976872826,0.011017250633318576,3.9833333333333334,2023-06-02 04:01:00+00:00,2023-06-01,-0.007311963944424349,-0.003181509898924249,0.0034507564608220005,3.9833333333333334,2023-06-02 04:01:00+00:00,2023-06-01,0.015962340936193087,0.015605995675008406,0.008547511459211708,3.9833333333333334,2023-06-02 04:01:00+00:00,2023-06-01,-0.13656193964448793,-0.20130946903864602,0.06273100440043991,3.9833333333333334
2023-06-03 08:00:00+00:00,0.001149535028888593,0.0046020234262982,0.016758956035756525,0.006929477006664062,2023-06-04 08:00:00+00:00,-0.0008817115507893103,2023-06-03 04:01:00+00:00,2023-06-02,0.007253332541147017,0.04270304749411606,0.010826542430157415,3.9833333333333334,2023-06-03 04:01:00+00:00,2023-06-02,0.004432024764387421,-0.0018249291460038812,0.0035279364242436,3.9833333333333334,2023-06-03 04:01:00+00:00,2023-06-02,-0.013064181454041979,0.013237116031950857,0.008599131840015477,3.9833333333333334,2023-06-03 04:01:00+00:00,2023-06-02,-0.06944938827187119,-0.20656858621999707,0.05480775155896203,3.9833333333333334
2023-06-06 08:00:00+00:00,-0.0003303975918029778,-0.04216080547426964,-0.07527148636615587,0.007531957030428556,2023-06-07 08:00:00+00:00,0.041735316460322025,2023-06-06 04:01:00+00:00,2023-06-05,0.0006776143095823528,0.01788927605561552,0.010245048515894003,3.9833333333333334,2023-06-06 04:01:00+00:00,2023-06-05,-0.00019225693155178192,-0.0020171860775556067,0.003468382689516869,3.9833333333333334,2023-06-06 04:01:00+00:00,2023-06-05,0.0023834658273029774,0.015311889646797422,0.008081455927384,3.9833333333333334,2023-06-06 04:01:00+00:00,2023-06-05,0.008864701760248117,-0.17002631993691725,0.0549279520236617,3.9833333333333334
2023-06-07 08:00:00+00:00,-0.0042134036005272435,0.0408882849177979,-0.01378835815733647,0.009451674451018265,2023-06-08 08:00:00+00:00,-0.013106124190033763,2023-06-07 04:01:00+00:00,2023-06-06,0.00010921285583087581,0.014049208833499392,0.010284995843463774,3.9833333333333334,2023-06-07 04:01:00+00:00,2023-06-06,0.0012491930239599824,-0.00038407025346276177,0.003468066643844541,3.9833333333333334,2023-06-07 04:01:00+00:00,2023-06-06,0.003640203768440209,0.011930589540034033,0.008064627457783979,3.9833333333333334,2023-06-07 04:01:00+00:00,2023-06-06,-0.05369013314031257,-0.22371645307722968,0.0545869763044406,3.9833333333333334
2023-06-08 08:00:00+00:00,0.003808383870891774,-0.01319238915745497,-0.013446127413626987,0.009615630390925159,2023-06-09 08:00:00+00:00,0.0018438491220160724,2023-06-08 04:01:00+00:00,2023-06-07,-0.01765725864705381,0.0034457113498213465,0.011162808362801813,3.9833333333333334,2023-06-08 04:01:00+00:00,2023-06-07,-0.0002881312022280369,-0.002111134289856938,0.0034718022024656844,3.9833333333333334,2023-06-08 04:01:00+00:00,2023-06-07,-0.011726307846151585,-0.002804478768257793,0.008254276197538405,3.9833333333333334,2023-06-08 04:01:00+00:00,2023-06-07,-0.0014336920018487298,-0.25227045129827236,0.05408187438348398,3.9833333333333334
2023-06-09 08:00:00+00:00,0.00036732832108477,0.0018413957190792191,-0.020777288481424416,0.009738980762372566,2023-06-10 08:00:00+00:00,-0.03179504058363114,2023-06-09 04:01:00+00:00,2023-06-08,0.012592292958983009,0.002975194018488414,0.011219096207888097,3.9833333333333334,2023-06-09 04:01:00+00:00,2023-06-08,-0.0073274735415482795,-0.0021266438869810282,0.003922448993420336,3.9833333333333334,2023-06-09 04:01:00+00:00,2023-06-08,0.010261685765724948,-0.008505133938725805,0.008701235326641995,3.9833333333333334,2023-06-09 04:01:00+00:00,2023-06-08,-0.021022883701408812,-0.1367313953551935,0.054092812006981135,3.9833333333333334
2023-06-10 08:00:00+00:00,-0.025859675151838957,-0.03231071188491632,-0.05769002379263885,0.010509444974964192,2023-06-11 08:00:00+00:00,0.003517980529474718,2023-06-10 04:01:00+00:00,2023-06-09,0.003020749062066841,-0.001257389460590949,0.011219648143471867,3.9833333333333334,2023-06-10 04:01:00+00:00,2023-06-09,0.0021266438869806947,-0.0044320247643873266,0.0037712205140455575,3.9833333333333334,2023-06-10 04:01:00+00:00,2023-06-09,-0.000707833812851888,0.0038512137024647483,0.008556487821643704,3.9833333333333334,2023-06-10 04:01:00+00:00,2023-06-09,0.013100624045697895,-0.05418138303762383,0.05423353520512618,3.9833333333333334
2023-06-13 08:00:00+00:00,0.000386284266673087,0.010445591911863875,0.013576094799259352,0.009473662073191868,2023-06-14 08:00:00+00:00,-0.006757712978222363,2023-06-13 04:01:00+00:00,2023-06-12,0.01746316820446303,0.01552816443428915,0.0114425212434471,3.9833333333333334,2023-06-13 04:01:00+00:00,2023-06-12,0.000675705383853753,-0.0035640624489818515,0.0035570416866819465,3.9833333333333334,2023-06-13 04:01:00+00:00,2023-06-12,-0.003800455655188273,-0.002332707780026503,0.00857567139727568,3.9833333333333334,2023-06-13 04:01:00+00:00,2023-06-12,0.08187649996870361,0.01883041517083169,0.05797515347830843,3.9833333333333334
2023-06-14 08:00:00+00:00,-0.0033672083761047134,-0.006780647102830209,-0.03409283722136875,0.007222522342381486,2023-06-15 08:00:00+00:00,-0.035288834418178205,2023-06-14 04:01:00+00:00,2023-06-13,0.007852438398781914,0.023271389977241475,0.011458523618972729,3.9833333333333334,2023-06-14 04:01:00+00:00,2023-06-13,-0.0028023492708344477,-0.007615604743776061,0.003573574203786075,3.9833333333333334,2023-06-14 04:01:00+00:00,2023-06-13,-0.005651302260386792,-0.011624213808853744,0.008604988669341335,3.9833333333333334,2023-06-14 04:01:00+00:00,2023-06-13,-0.027010419882762537,0.04551012842838167,0.05658402726589535,3.9833333333333334
2023-06-15 08:00:00+00:00,-0.003258799486912878,-0.035927319117057786,-0.0568277671809717,0.007786080074924593,2023-06-16 08:00:00+00:00,0.022141939119773912,2023-06-15 04:01:00+00:00,2023-06-14,0.007011259052600138,0.04793990767689572,0.011418283648522005,3.9833333333333334,2023-06-15 04:01:00+00:00,2023-06-14,-0.0031983957878658487,-0.010525869329414378,0.0036578140320338067,3.9833333333333334,2023-06-15 04:01:00+00:00,2023-06-14,0.0052451037259997335,0.005347197763297732,0.008143531936720839,3.9833333333333334,2023-06-15 04:01:00+00:00,2023-06-14,-0.051257270683949585,-0.004313450253719242,0.05600343450129373,3.9833333333333334
2023-06-16 08:00:00+00:00,-0.0009679298194473773,0.021901157664793416,-0.036768005235257285,0.008247688313632677,2023-06-17 08:00:00+00:00,0.0413744762501469,2023-06-16 04:01:00+00:00,2023-06-15,0.01191024786619721,0.0472578625841107,0.011413067594726685,3.9833333333333334,2023-06-16 04:01:00+00:00,2023-06-15,-0.008677472364774452,-0.01187586815264027,0.004091169520565057,3.9833333333333334,2023-06-16 04:01:00+00:00,2023-06-15,0.0009137612418541607,-0.004000726760572433,0.008108144179136904,3.9833333333333334,2023-06-16 04:01:00+00:00,2023-06-15,0.043699694347870466,0.06040912779555998,0.05638466541989407,3.9833333333333334
2023-06-17 08:00:00+00:00,0.012540337371875765,0.04054068475285227,0.03608339140251118,0.008320188292279039,2023-06-18 08:00:00+00:00,-0.00032301029045356255,2023-06-17 04:01:00+00:00,2023-06-16,-0.0067104684383103574,0.0375266450837327,0.011338608206598464,3.9833333333333334,2023-06-17 04:01:00+00:00,2023-06-16,0.0017610835201189445,-0.012241428519502265,0.0037707491222433056,3.9833333333333334,2023-06-17 04:01:00+00:00,2023-06-16,0.00025368477894893715,-0.0030392081687728193,0.007567605248761466,3.9833333333333334,2023-06-17 04:01:00+00:00,2023-06-16,-0.06850038194239971,-0.02119187819253794,0.05672329242456485,3.9833333333333334
2023-06-21 08:00:00+00:00,0.005596416210266852,0.07327036199398773,0.10872703132822625,0.00949184315654894,2023-06-22 08:00:00+00:00,0.042548423609081176,2023-06-21 04:01:00+00:00,2023-06-20,-0.0009132785102874408,0.019150198368980628,0.011301622374135971,3.9833333333333334,2023-06-21 04:01:00+00:00,2023-06-20,0.0023432724950094297,-0.010573861408346576,0.003754345997177012,3.9833333333333334,2023-06-21 04:01:00+00:00,2023-06-20,-0.011993305402218546,-0.01123205791580292,0.007596285151099172,3.9833333333333334,2023-06-21 04:01:00+00:00,2023-06-20,-0.022088536093292976,-0.05125727068394961,0.05427549871571586,3.9833333333333334
2023-06-22 08:00:00+00:00,-0.006465932288087117,0.04166812311718844,0.1863224735624724,0.0091977908224123,2023-06-23 08:00:00+00:00,-0.005606172603672688,2023-06-22 04:01:00+00:00,2023-06-21,-0.013541719369724703,-0.002243959399526174,0.011993405880778884,3.9833333333333334,2023-06-22 04:01:00+00:00,2023-06-21,-0.004594125858504938,-0.012365637996016622,0.0038723740497277285,3.9833333333333334,2023-06-22 04:01:00+00:00,2023-06-21,-0.001438589764298115,-0.007019345419713802,0.007590916482211651,3.9833333333333334,2023-06-22 04:01:00+00:00,2023-06-21,-0.05023212548633316,-0.05023212548633336,0.050217567973965045,3.9833333333333334
2023-06-23 08:00:00+00:00,-0.002534871673374184,-0.005622280260478825,0.1587990356372002,0.009364656900932668,2023-06-24 08:00:00+00:00,0.021234130696244913,2023-06-23 04:01:00+00:00,2023-06-22,0.01169331002974694,0.0024380915776204405,0.011469642962204183,3.9833333333333334,2023-06-23 04:01:00+00:00,2023-06-22,0.0031301962001393235,-0.006037046008011447,0.0038878050812503812,3.9833333333333334,2023-06-23 04:01:00+00:00,2023-06-22,-0.010960184872188528,-0.023224634017901303,0.007922894154930873,3.9833333333333334,2023-06-23 04:01:00+00:00,2023-06-22,-0.022214624733774002,-0.11614644456797756,0.04988617598107946,3.9833333333333334
2023-06-24 08:00:00+00:00,-0.005299731365713711,0.021012162064079423,0.13927051294842735,0.010420765452670362,2023-06-25 08:00:00+00:00,0.005109989079933541,2023-06-24 04:01:00+00:00,2023-06-23,-0.010078313917704307,-0.019550470206281045,0.011750602623207342,3.9833333333333334,2023-06-24 04:01:00+00:00,2023-06-23,0.004968612043080078,0.007609038399843117,0.003961103263284685,3.9833333333333334,2023-06-24 04:01:00+00:00,2023-06-23,0.0030623253507364723,-0.021076069909019907,0.007929280867179624,3.9833333333333334,2023-06-24 04:01:00+00:00,2023-06-23,0.040233130236452475,-0.00741293238912541,0.05044488798865781,3.9833333333333334
2023-06-27 08:00:00+00:00,0.0013046457927980981,0.00022790238970268244,0.12520001598991,0.010572263815114802,2023-06-28 08:00:00+00:00,-0.007401542127694283,2023-06-27 04:01:00+00:00,2023-06-26,-0.01368902480189682,-0.026529026569867473,0.011455656973704561,3.9833333333333334,2023-06-27 04:01:00+00:00,2023-06-26,-0.002042892684027464,0.0038050621956960246,0.0038839807939627753,3.9833333333333334,2023-06-27 04:01:00+00:00,2023-06-26,0.0021742894188081507,-0.019155465269160118,0.0076081238939422246,3.9833333333333334,2023-06-27 04:01:00+00:00,2023-06-26,0.05852157161965588,0.0042194155427082896,0.05288043772163093,3.9833333333333334
2023-06-28 08:00:00+00:00,-0.008793754704711887,-0.007429071906487022,0.044500582089435296,0.009542666013448525,2023-06-29 08:00:00+00:00,0.0051066482829538185,2023-06-28 04:01:00+00:00,2023-06-27,0.017337450266458276,-0.00827829779312031,0.010720426807632034,3.9833333333333334,2023-06-28 04:01:00+00:00,2023-06-27,-0.0019495529845663384,-0.00048776328387937465,0.0038890332157818495,3.9833333333333334,2023-06-28 04:01:00+00:00,2023-06-27,-0.005184582199682097,-0.012346742066623768,0.007685455088125139,3.9833333333333334,2023-06-28 04:01:00+00:00,2023-06-27,-0.03644561992045636,-0.01013766828445523,0.053139304955700906,3.9833333333333334
2023-06-29 08:00:00+00:00,0.0054296257624848465,0.005093984853355532,0.007926443825602515,0.008164519560097977,2023-06-30 08:00:00+00:00,0.014001514158236361,2023-06-29 04:01:00+00:00,2023-06-28,0.001247733796212458,0.006511155372816456,0.010714435778946759,3.9833333333333334,2023-06-29 04:01:00+00:00,2023-06-28,0.004089643433388801,0.008196006008014317,0.004041817297331623,3.9833333333333334,2023-06-29 04:01:00+00:00,2023-06-28,-0.0008320841126208123,-0.011740236414946911,0.007477125045786294,3.9833333333333334,2023-06-29 04:01:00+00:00,2023-06-28,-0.022820276259056804,0.017274180942821172,0.0523731033500428,3.9833333333333334
2023-06-30 08:00:00+00:00,0.0006515999056091459,0.013904073376885194,0.02745279746296648,0.008074428832798002,2023-07-01 08:00:00+00:00,-0.00992130693545612,2023-06-30 04:01:00+00:00,2023-06-29,-0.0016465820104780704,-0.006828736667408723,0.010538625916405935,3.9833333333333334,2023-06-30 04:01:00+00:00,2023-06-29,0.004169631988002465,0.009235441795877297,0.004159042103687125,3.9833333333333334,2023-06-30 04:01:00+00:00,2023-06-29,-0.002239487816604324,-0.0030195393593629998,0.007423792972958441,3.9833333333333334,2023-06-30 04:01:00+00:00,2023-06-29,0.008157256948982727,0.047646062625577655,0.04393555008180084,3.9833333333333334
2023-07-01 08:00:00+00:00,0.002033262123120494,-0.009970197724070673,-0.00352956232518358,0.007106589652834649,2023-07-02 08:00:00+00:00,0.00174459050547493,2023-07-01 04:01:00+00:00,2023-06-30,0.015887879827058526,0.01913745707735379,0.010707356897336666,3.9833333333333334,2023-07-01 04:01:00+00:00,2023-06-30,-0.004169631988002465,9.719776479473867e-05,0.003940666646583867,3.9833333333333334,2023-07-01 04:01:00+00:00,2023-06-30,0.0059782362197893235,-0.00010362849031024316,0.006486570834140841,3.9833333333333334,2023-07-01 04:01:00+00:00,2023-06-30,0.003685960678923461,0.011098893068048983,0.0414591834605091,3.9833333333333334
2023-07-04 08:00:00+00:00,-0.00915457283840837,0.007932017956322982,0.01631375214237195,0.007132050138378044,2023-07-05 08:00:00+00:00,-0.004437197926978387,2023-07-04 04:01:00+00:00,2023-07-03,0.001940277388021272,0.03476675926727318,0.010648732126950954,3.9833333333333334,2023-07-04 04:01:00+00:00,2023-07-03,0.0007770199620411589,0.0029171104108635924,0.0037908469434074087,3.9833333333333334,2023-07-04 04:01:00+00:00,2023-07-03,5.181558751310433e-05,-0.0022261023216053077,0.005913173387755556,3.9833333333333334,2023-07-04 04:01:00+00:00,2023-07-03,-0.0014727543162749157,-0.048895432867881776,0.04136013237853754,3.9833333333333334
2023-07-06 08:00:00+00:00,0.010191617440584722,0.0009399547019409457,0.015141723831417816,0.006957864623639668,2023-07-07 08:00:00+00:00,-0.02583465354248915,2023-07-06 04:01:00+00:00,2023-07-05,-0.00032290413630597925,0.01710640486450863,0.010658731243417836,3.9833333333333334,2023-07-06 04:01:00+00:00,2023-07-05,0.0036829357551964037,0.008549599150626233,0.003904601877138687,3.9833333333333334,2023-07-06 04:01:00+00:00,2023-07-05,-0.0012446324426083066,0.0017138474354689043,0.005858390192135169,3.9833333333333334,2023-07-06 04:01:00+00:00,2023-07-05,0.034436688269902316,0.05434151056883518,0.0405336037850849,3.9833333333333334
2023-07-07 08:00:00+00:00,-0.004256542537435237,-0.026174238133348394,-0.024936587678815784,0.007293117030719894,2023-07-08 08:00:00+00:00,0.006196802723060779,2023-07-07 04:01:00+00:00,2023-07-06,-0.007548262050434573,0.008310409017861373,0.01087224844619138,3.9833333333333334,2023-07-07 04:01:00+00:00,2023-07-06,-0.0019367157864440543,0.002523239930793446,0.003902897023958692,3.9833333333333334,2023-07-07 04:01:00+00:00,2023-07-06,-0.006089778701351634,-0.0035438471532611366,0.005838395549951602,3.9833333333333334,2023-07-07 04:01:00+00:00,2023-07-06,0.0851290234926485,0.1313132771125012,0.044293793540192625,3.9833333333333334
2023-07-08 08:00:00+00:00,-0.0026946415725959127,0.006178014745140135,-0.008788375209604935,0.0058984718658573005,2023-07-09 08:00:00+00:00,0.0023727071117622955,2023-07-08 04:01:00+00:00,2023-07-07,-0.0034920079618139255,0.006464983066526103,0.009961799561355995,3.9833333333333334,2023-07-08 04:01:00+00:00,2023-07-07,-0.008761753370651881,-0.010408145427861247,0.004320492303679906,3.9833333333333334,2023-07-08 04:01:00+00:00,2023-07-07,0.008888010627863707,0.007583651291205806,0.005793975290336785,3.9833333333333334,2023-07-08 04:01:00+00:00,2023-07-07,-0.04030938844678911,0.08731792798678834,0.0454483979978697,3.9833333333333334
2023-07-11 08:00:00+00:00,0.0019465227224486625,0.013958927000582363,-0.01223936007582327,0.006289305222270944,2023-07-12 08:00:00+00:00,0.006701079207136029,2023-07-11 04:01:00+00:00,2023-07-10,0.0005843957418107948,-0.008838501018721847,0.009679425679655808,3.9833333333333334,2023-07-11 04:01:00+00:00,2023-07-10,-0.0029376776463623244,-0.009176191086220897,0.004080934890076405,3.9833333333333334,2023-07-11 04:01:00+00:00,2023-07-10,-0.0007764980330629001,0.0008289170383541059,0.00519283935572498,3.9833333333333334,2023-07-11 04:01:00+00:00,2023-07-10,0.016053856488563056,0.10484453879162628,0.04170222503200386,3.9833333333333334
2023-07-12 08:00:00+00:00,0.004946501364258893,0.006678726777237351,-0.0011135632325594048,0.0061952079640872765,2023-07-13 08:00:00+00:00,-0.012166232921275277,2023-07-12 04:01:00+00:00,2023-07-11,0.004867946226010389,-0.005910832180733775,0.009699471486042516,3.9833333333333334,2023-07-12 04:01:00+00:00,2023-07-11,-0.0023563865432141284,-0.012309597591475653,0.004042332925266295,3.9833333333333334,2023-07-12 04:01:00+00:00,2023-07-11,0.003153993268607991,0.0039310947194489175,0.005283794099728708,3.9833333333333334,2023-07-12 04:01:00+00:00,2023-07-11,-0.01537977489916953,0.07993040490515525,0.04138268585775218,3.9833333333333334
2023-07-13 08:00:00+00:00,0.002242186300275506,-0.012240518019306689,-0.014294035953807007,0.005957603717977119,2023-07-14 08:00:00+00:00,0.024130269337328203,2023-07-13 04:01:00+00:00,2023-07-12,0.012369125338281606,0.006781197293853809,0.009331757651016766,3.9833333333333334,2023-07-13 04:01:00+00:00,2023-07-12,-0.01196559852440604,-0.02795813187107862,0.004716485648642028,3.9833333333333334,2023-07-13 04:01:00+00:00,2023-07-12,0.01261942264749738,0.017795149809554395,0.006049883309825106,3.9833333333333334,2023-07-13 04:01:00+00:00,2023-07-12,-0.09167797025510538,-0.046184253619852546,0.04489578285951422,3.9833333333333334
2023-07-14 08:00:00+00:00,-0.011549593735129093,0.023843083803858817,0.03572328598340009,0.006558365305586181,2023-07-15 08:00:00+00:00,-0.02446239800635075,2023-07-14 04:01:00+00:00,2023-07-13,0.017147879068335925,0.031477338412625795,0.009868371949195013,3.9833333333333334,2023-07-14 04:01:00+00:00,2023-07-13,-0.0074891760010213915,-0.033510592085655454,0.00489637322428385,3.9833333333333334,2023-07-14 04:01:00+00:00,2023-07-13,0.001069977254672061,0.02495490576557816,0.005916546625825238,3.9833333333333334,2023-07-14 04:01:00+00:00,2023-07-13,0.005156549179245573,-0.12615672793325539,0.04367587158407693,3.9833333333333334
2023-07-15 08:00:00+00:00,0.0014873604342238167,-0.02476625172552128,0.004779019512738661,0.008635373702043234,2023-07-16 08:00:00+00:00,-0.002398641967169879,2023-07-15 04:01:00+00:00,2023-07-14,-0.00040984941336397185,0.034559496961073875,0.009817440886041433,3.9833333333333334,2023-07-15 04:01:00+00:00,2023-07-14,0.0014023141203178824,-0.02334652459468592,0.0049330682002616845,3.9833333333333334,2023-07-15 04:01:00+00:00,2023-07-14,0.0003054709940517597,0.016372366131766625,0.005793721141023867,3.9833333333333334,2023-07-15 04:01:00+00:00,2023-07-14,-0.02003777617589675,-0.10588511566236314,0.04113060908693153,3.9833333333333334
2023-07-18 08:00:00+00:00,-0.003525197393891233,-0.010385969470191714,-0.01875152768039738,0.008128779411186447,2023-07-19 08:00:00+00:00,0.0010861538574478136,2023-07-18 04:01:00+00:00,2023-07-17,0.009442906011070562,0.04341800723033445,0.00969891384532359,3.9833333333333334,2023-07-18 04:01:00+00:00,2023-07-17,-0.0007009494576735165,-0.021109796405997486,0.004638244423188245,3.9833333333333334,2023-07-18 04:01:00+00:00,2023-07-17,-0.004080805449066638,0.013068058715762691,0.005854394581815448,3.9833333333333334,2023-07-18 04:01:00+00:00,2023-07-17,0.010440064996683152,-0.11149890715424313,0.03969126965757032,3.9833333333333334
2023-07-19 08:00:00+00:00,-0.0019457283628181443,0.001085564419121987,-0.024344690038512726,0.008176467217462848,2023-07-20 08:00:00+00:00,0.006736513972349867,2023-07-19 04:01:00+00:00,2023-07-18,0.008117353278104034,0.04666741428242843,0.009587590723451805,3.9833333333333334,2023-07-19 04:01:00+00:00,2023-07-18,0.0010011624034422795,-0.017752247459340727,0.004616384261001585,3.9833333333333334,2023-07-19 04:01:00+00:00,2023-07-18,0.01239476599670919,0.02230883144386356,0.00651412380776006,3.9833333333333334,2023-07-19 04:01:00+00:00,2023-07-18,-0.01344307025645275,-0.10956220251152628,0.039514150610125046,3.9833333333333334
2023-07-20 08:00:00+00:00,0.00847076374843958,0.006713593956999462,-0.005390578062206518,0.00812882802401357,2023-07-21 08:00:00+00:00,-0.014434763952192453,2023-07-20 04:01:00+00:00,2023-07-19,-0.0009473376021542634,0.03335095134199297,0.009588222503645452,3.9833333333333334,2023-07-20 04:01:00+00:00,2023-07-19,0.0033962307723678364,-0.0023904181625668676,0.004664280058424761,3.9833333333333334,2023-07-20 04:01:00+00:00,2023-07-19,0.0,0.009689408796366128,0.0058462054705229125,3.9833333333333334,2023-07-20 04:01:00+00:00,2023-07-19,0.03400179727748931,0.016117565021068692,0.03859617774541619,3.9833333333333334
2023-07-21 08:00:00+00:00,-0.004384864133978539,-0.014539627596622745,-0.04377328946268801,0.007212930477478146,2023-07-22 08:00:00+00:00,0.0059788065970118875,2023-07-21 04:01:00+00:00,2023-07-20,-0.023026372483137436,-0.006823300209481416,0.010601690637250371,3.9833333333333334,2023-07-21 04:01:00+00:00,2023-07-20,0.00596540331328832,0.011064161151742266,0.004843841684979451,3.9833333333333334,2023-07-21 04:01:00+00:00,2023-07-20,-0.005010524555271623,0.003608906986422222,0.005972751433552578,3.9833333333333334,2023-07-21 04:01:00+00:00,2023-07-20,0.016576956172192236,0.02753797201401509,0.03828461641729366,3.9833333333333334
2023-07-22 08:00:00+00:00,0.0013821642223508235,0.005960670506576727,-0.013046367230590017,0.0043662976359396055,2023-07-23 08:00:00+00:00,-0.0009611024024888115,2023-07-22 04:01:00+00:00,2023-07-21,-0.002616875519432682,-0.009030326315548396,0.01039201826879253,3.9833333333333334,2023-07-22 04:01:00+00:00,2023-07-21,0.0018816786366873117,0.011543525668112453,0.004801281242955716,3.9833333333333334,2023-07-22 04:01:00+00:00,2023-07-21,-0.002184152654010063,0.0011192833383610208,0.005365293116264464,3.9833333333333334,2023-07-22 04:01:00+00:00,2023-07-21,-0.02827299593538335,0.019302752254528675,0.03793686619117376,3.9833333333333334
2023-07-25 08:00:00+00:00,0.0010801076213677874,-0.02325133243648028,-0.027938266407746867,0.005288779095129456,2023-07-26 08:00:00+00:00,0.0025443974187491225,2023-07-25 04:01:00+00:00,2023-07-24,0.001447809683579493,-0.01702542264304082,0.01004401373099123,3.9833333333333334,2023-07-25 04:01:00+00:00,2023-07-24,0.00276651477534795,0.015010989901134225,0.004689632410344117,3.9833333333333334,2023-07-25 04:01:00+00:00,2023-07-24,-0.002239883086791572,0.0029602057006358697,0.005394290488628292,3.9833333333333334,2023-07-25 04:01:00+00:00,2023-07-24,0.022538213193345147,0.031400900451190636,0.03584025336919596,3.9833333333333334
2023-07-26 08:00:00+00:00,-0.000896348330318375,0.0025411659199543017,-0.026482664906914585,0.005015291708728252,2023-07-27 08:00:00+00:00,0.006693795070680686,2023-07-26 04:01:00+00:00,2023-07-25,0.007313959758354471,-0.017828816162789436,0.009413727875788694,3.9833333333333334,2023-07-26 04:01:00+00:00,2023-07-25,0.0,0.014009827497691401,0.004682436226653981,3.9833333333333334,2023-07-26 04:01:00+00:00,2023-07-25,0.0007641560459026309,-0.008670404250170722,0.005385108503195969,3.9833333333333334,2023-07-26 04:01:00+00:00,2023-07-25,-0.00360101217359432,0.041242958534049,0.03488025625474906,3.9833333333333334
2023-07-27 08:00:00+00:00,0.0002172806099220992,0.00667115110600984,-0.026525107757904284,0.00485493075174206,2023-07-28 08:00:00+00:00,-0.009227129712928384,2023-07-27 04:01:00+00:00,2023-07-26,-0.004002503477666508,-0.02088398203830277,0.008883841626483192,3.9833333333333334,2023-07-27 04:01:00+00:00,2023-07-26,-0.004549049471854971,0.00606454725346889,0.004755715575010844,3.9833333333333334,2023-07-27 04:01:00+00:00,2023-07-26,0.0032538665819243917,-0.005416537668245652,0.0052223628270645275,3.9833333333333334,2023-07-27 04:01:00+00:00,2023-07-26,-0.04954802703253414,-0.04230686577597439,0.03630120939091037,3.9833333333333334
2023-07-28 08:00:00+00:00,-0.003871934885676609,-0.009269280208890037,-0.021254760370171582,0.004370810494988461,2023-07-29 08:00:00+00:00,0.005291894969216671,2023-07-28 04:01:00+00:00,2023-07-27,-0.002217406158388613,-7.501571355399909e-05,0.008929216554761268,3.9833333333333334,2023-07-28 04:01:00+00:00,2023-07-27,0.008684523847731995,0.008783667787912798,0.005102061900184406,3.9833333333333334,2023-07-28 04:01:00+00:00,2023-07-27,-0.012462506090813008,-0.012868519203787222,0.006042420529438799,3.9833333333333334,2023-07-28 04:01:00+00:00,2023-07-27,0.08846344328220779,0.029579621334040948,0.041434394882842854,3.9833333333333334
2023-07-29 08:00:00+00:00,-0.002620900167151774,0.00527794028973151,-0.0219374905870169,0.004502624124560747,2023-07-30 08:00:00+00:00,-2.3894862604567635e-05,2023-07-29 04:01:00+00:00,2023-07-28,0.018324531737393457,0.020866391543271242,0.009630921586338471,3.9833333333333334,2023-07-29 04:01:00+00:00,2023-07-28,-0.0014749390247938976,0.0054270501264314,0.004981536695717504,3.9833333333333334,2023-07-29 04:01:00+00:00,2023-07-28,0.007526762107078255,-0.0031576044426996435,0.0061929778792792125,3.9833333333333334,2023-07-29 04:01:00+00:00,2023-07-28,-0.07790527582081364,-0.020052658551388953,0.04521892019988556,3.9833333333333334
2023-08-01 08:00:00+00:00,0.003541493308109267,-0.014965231820316213,-0.007064796869583641,0.003569088736142873,2023-08-02 08:00:00+00:00,0.022114702437787015,2023-08-01 04:01:00+00:00,2023-07-31,0.0003853196725582819,0.019803901532252092,0.0091190749097634,3.9833333333333334,2023-08-01 04:01:00+00:00,2023-07-31,0.002358934254969469,0.005019469606052127,0.004965691170998163,3.9833333333333334,2023-08-01 04:01:00+00:00,2023-07-31,0.0051387711460533225,0.004221049790145538,0.006160907592138917,3.9833333333333334,2023-08-01 04:01:00+00:00,2023-07-31,0.022256111517823918,-0.02033476022691022,0.04551524553775216,3.9833333333333334
2023-08-02 08:00:00+00:00,-0.0018814325104852259,0.02187440246122088,0.01226843967168286,0.004621288850371161,2023-08-03 08:00:00+00:00,-0.018023649933648356,2023-08-02 04:01:00+00:00,2023-08-01,-0.002477537234106819,0.010012404539788583,0.009170590127292105,3.9833333333333334,2023-08-02 04:01:00+00:00,2023-08-01,0.0043103753405127065,0.009329844946565127,0.005075631541459497,3.9833333333333334,2023-08-02 04:01:00+00:00,2023-08-01,0.004203307394118561,0.007660201138361974,0.006195208752996387,3.9833333333333334,2023-08-02 04:01:00+00:00,2023-08-01,0.021771542083273143,0.005037794029957081,0.04572879076729934,3.9833333333333334
2023-08-03 08:00:00+00:00,-0.0047391036190838065,-0.01818804814756894,-0.012590759581895783,0.00483683271990223,2023-08-04 08:00:00+00:00,0.005810118109802476,2023-08-03 04:01:00+00:00,2023-08-02,-0.022341456367687584,-0.008326548350230428,0.010625737874619333,3.9833333333333334,2023-08-03 04:01:00+00:00,2023-08-02,0.002830723614033026,0.016709618032453293,0.005043591404017702,3.9833333333333334,2023-08-03 04:01:00+00:00,2023-08-02,-0.0019222266939546984,0.0024841078624818712,0.006211466725459921,3.9833333333333334,2023-08-03 04:01:00+00:00,2023-08-02,0.14415317321257737,0.19873899427506864,0.055507715826391586,3.9833333333333334
2023-08-04 08:00:00+00:00,0.001768932323470196,0.0057933024794177175,0.002471823106412114,0.00468703815233901,2023-08-05 08:00:00+00:00,-0.00548045367613148,2023-08-04 04:01:00+00:00,2023-08-03,-0.0011196484966458087,-0.007228790688489472,0.010463997714156787,3.9833333333333334,2023-08-04 04:01:00+00:00,2023-08-03,-0.0004874511190235964,0.007537643065697293,0.005030422822734844,3.9833333333333334,2023-08-04 04:01:00+00:00,2023-08-03,-0.00314415345741903,0.011802460495875775,0.0060619537524425615,3.9833333333333334,2023-08-04 04:01:00+00:00,2023-08-03,-0.01062178058805463,0.09965377040480616,0.05239447731784629,3.9833333333333334
2023-08-05 08:00:00+00:00,-0.0014349756036633465,-0.005495868772409278,-0.00830198595572868,0.004773586305693328,2023-08-06 08:00:00+00:00,0.0013723285286344478,2023-08-05 04:01:00+00:00,2023-08-04,-0.005133806267991758,-0.030687128693873543,0.010506352327350308,3.9833333333333334,2023-08-05 04:01:00+00:00,2023-08-04,-0.005084135693926406,0.003928446396565435,0.0047653043022046785,3.9833333333333334,2023-08-05 04:01:00+00:00,2023-08-04,0.00370094808228405,0.007976646471082142,0.005830124321782777,3.9833333333333334,2023-08-05 04:01:00+00:00,2023-08-04,0.07150228309237727,0.24906132931799688,0.05364541165948166,3.9833333333333334
2023-08-08 08:00:00+00:00,-0.0002555551572847037,0.003209586001891324,0.008613226394216376,0.004473412323763041,2023-08-09 08:00:00+00:00,0.02159785552915916,2023-08-08 04:01:00+00:00,2023-08-07,0.00866483184007727,-0.022407616526355364,0.010652564223185812,3.9833333333333334,2023-08-08 04:01:00+00:00,2023-08-07,0.00029407957027061116,0.0018635917118665969,0.004719387059998238,3.9833333333333334,2023-08-08 04:01:00+00:00,2023-08-07,-0.0030916502280531333,-0.0002537749030241501,0.005892319990925938,3.9833333333333334,2023-08-08 04:01:00+00:00,2023-08-07,-0.0809690625336672,0.14583615526650567,0.057072541880527225,3.9833333333333334
2023-08-09 08:00:00+00:00,0.003426280197658116,0.021367591236506563,0.008106415169501995,0.004162982679304012,2023-08-10 08:00:00+00:00,-0.010262924990634748,2023-08-09 04:01:00+00:00,2023-08-08,-0.008787269907587714,-0.028717349199834995,0.010840337796315911,3.9833333333333334,2023-08-09 04:01:00+00:00,2023-08-08,0.00469250761579687,0.002245723987150806,0.0047936887348307925,3.9833333333333334,2023-08-09 04:01:00+00:00,2023-08-08,-0.0051400787604301,-0.009597161057573127,0.0060231433546472065,3.9833333333333334,2023-08-09 04:01:00+00:00,2023-08-08,0.013854125870915723,0.1379187390541486,0.0569709816081129,3.9833333333333334
2023-08-10 08:00:00+00:00,-0.002390404462531137,-0.01031527771183291,0.015979185605238113,0.00435695989110066,2023-08-11 08:00:00+00:00,-0.0032092041234766944,2023-08-10 04:01:00+00:00,2023-08-09,-0.011281844690335774,-0.01765773752248542,0.010767956751569618,3.9833333333333334,2023-08-10 04:01:00+00:00,2023-08-09,-0.00039021477602041443,-0.0009752144029028593,0.003823883776514136,3.9833333333333334,2023-08-10 04:01:00+00:00,2023-08-09,-0.0047564589498705345,-0.012431393313488717,0.005418764683709935,3.9833333333333334,2023-08-10 04:01:00+00:00,2023-08-09,-0.001877934824200178,-0.00811236898262902,0.05241202811567157,3.9833333333333334
2023-08-11 08:00:00+00:00,0.00017950245232256634,-0.0032147035080764006,0.0069711796177438605,0.004267611373485006,2023-08-12 08:00:00+00:00,0.00014277322716438334,2023-08-11 04:01:00+00:00,2023-08-10,0.0017948658076747392,-0.01474322321816188,0.00994633453069311,3.9833333333333334,2023-08-11 04:01:00+00:00,2023-08-10,0.0002926567515224576,-0.0001951065323569774,0.0032741917827931824,3.9833333333333334,2023-08-11 04:01:00+00:00,2023-08-10,-0.0008718816666570817,-0.01015912152272616,0.0054106235536893294,3.9833333333333334,2023-08-11 04:01:00+00:00,2023-08-10,-0.006916091698373261,-0.004406680092947368,0.05251860186809859,3.9833333333333334
2023-08-12 08:00:00+00:00,0.0006602796806447486,0.00014310292370792494,0.012610151313860979,0.003996245607300584,2023-08-13 08:00:00+00:00,-0.0008534580857251228,2023-08-12 04:01:00+00:00,2023-08-11,-0.006683039196223817,-0.01629245614639551,0.010010726684741214,3.9833333333333334,2023-08-12 04:01:00+00:00,2023-08-11,0.0031164780362242794,0.008005507197793839,0.003297722204364237,3.9833333333333334,2023-08-12 04:01:00+00:00,2023-08-11,-0.0011808749045831846,-0.015040944509594123,0.005410908804446142,3.9833333333333334,2023-08-12 04:01:00+00:00,2023-08-11,-0.06584326258405504,-0.1417522257693799,0.05473990979861373,3.9833333333333334
2023-08-15 08:00:00+00:00,0.0002322700668564437,-0.00044772428819238303,0.00755066265179012,0.0038684940846870513,2023-08-16 08:00:00+00:00,-0.007180156436009333,2023-08-15 04:01:00+00:00,2023-08-14,0.011743306658923203,-0.01321398132754877,0.010158312461122728,3.9833333333333334,2023-08-15 04:01:00+00:00,2023-08-14,0.0033976259990406987,0.011109053626564133,0.0032846560324627442,3.9833333333333334,2023-08-15 04:01:00+00:00,2023-08-14,-0.0013365424301090556,-0.013285836711649823,0.005348563847564718,3.9833333333333334,2023-08-15 04:01:00+00:00,2023-08-14,-0.0013486178712933672,-0.06213178110700616,0.05474543537308957,3.9833333333333334
2023-08-16 08:00:00+00:00,-0.0010556912282897457,-0.00720639785155511,-0.021023326436271486,0.0030654569637164806,2023-08-17 08:00:00+00:00,-0.019716299280045257,2023-08-16 04:01:00+00:00,2023-08-15,-0.011106030836147696,-0.015532742256109447,0.010095530308046701,3.9833333333333334,2023-08-16 04:01:00+00:00,2023-08-15,0.0001937659203603559,0.006610311931126877,0.0032979868139787756,3.9833333333333334,2023-08-16 04:01:00+00:00,2023-08-15,-0.00453705095613266,-0.012682808907352175,0.004503741153612507,3.9833333333333334,2023-08-16 04:01:00+00:00,2023-08-15,0.10495557538098277,0.028969668403060905,0.058918393980616345,3.9833333333333334
2023-08-17 08:00:00+00:00,-0.0012332554509768556,-0.019913608062907453,-0.030621656787345956,0.0029768337261396965,2023-08-18 08:00:00+00:00,-0.07658444553140942,2023-08-17 04:01:00+00:00,2023-08-16,-0.010776330592010552,-0.015027228157783644,0.010248748780556701,3.9833333333333334,2023-08-17 04:01:00+00:00,2023-08-16,0.0020326105557284535,0.009033137262875747,0.003273112510061627,3.9833333333333334,2023-08-17 04:01:00+00:00,2023-08-16,-0.003571844016842185,-0.011498193974323617,0.004525897892057029,3.9833333333333334,2023-08-17 04:01:00+00:00,2023-08-16,0.019254505790136545,0.05010210901739738,0.058702762534544095,3.9833333333333334
2023-08-18 08:00:00+00:00,0.0012111005514370277,-0.07967595324882878,-0.10708290652809836,0.008312283073628392,2023-08-19 08:00:00+00:00,-0.019371925841846438,2023-08-18 04:01:00+00:00,2023-08-17,-0.01085835485485731,-0.027680448820316367,0.009322586427516062,3.9833333333333334,2023-08-18 04:01:00+00:00,2023-08-17,0.00019340880270934946,0.008933889314062962,0.003113078381373809,3.9833333333333334,2023-08-18 04:01:00+00:00,2023-08-17,-0.006816780738754247,-0.01744309304642144,0.004619975675835047,3.9833333333333334,2023-08-18 04:01:00+00:00,2023-08-17,0.06405419648156752,0.12107239719733821,0.05993314704281036,3.9833333333333334
2023-08-19 08:00:00+00:00,-0.0019088190356040258,-0.019562028077291505,-0.1267880375290977,0.008688584010719888,2023-08-20 08:00:00+00:00,0.006576124700979902,2023-08-19 04:01:00+00:00,2023-08-18,-0.0014259957215294605,-0.022423405345621067,0.009325511691331747,3.9833333333333334,2023-08-19 04:01:00+00:00,2023-08-18,-0.0005802648656851872,0.005237146412153,0.0031355052574004666,3.9833333333333334,2023-08-19 04:01:00+00:00,2023-08-18,0.0006785755119542713,-0.015583642629883224,0.004639796151832405,3.9833333333333334,2023-08-19 04:01:00+00:00,2023-08-18,-0.03353539601689448,0.153380263764499,0.06013184547650984,3.9833333333333334
2023-08-22 08:00:00+00:00,0.0019439191378030074,0.0031977756784899213,-0.11910370609859304,0.008906724101300114,2023-08-23 08:00:00+00:00,-0.001898747026145342,2023-08-22 04:01:00+00:00,2023-08-21,0.016324229925817946,-0.017842482078727236,0.010202843302060723,3.9833333333333334,2023-08-22 04:01:00+00:00,2023-08-21,-0.0004837252533462788,0.001355795159766621,0.003130441329946332,3.9833333333333334,2023-08-22 04:01:00+00:00,2023-08-21,0.003385860768170268,-0.010861239431604703,0.004748454175982698,3.9833333333333334,2023-08-22 04:01:00+00:00,2023-08-21,-0.00987518916770469,0.14485369246808769,0.06027041706418177,3.9833333333333334
2023-08-23 08:00:00+00:00,0.0019518497575923277,-0.0019001681591545672,-0.11379747640619257,0.009147438042642928,2023-08-24 08:00:00+00:00,0.016128797042804344,2023-08-23 04:01:00+00:00,2023-08-22,-0.0018582591678715232,-0.008594710410450606,0.009980879100428162,3.9833333333333334,2023-08-23 04:01:00+00:00,2023-08-22,0.0022233633618178317,0.003385392601224634,0.0031337553513978104,3.9833333333333334,2023-08-23 04:01:00+00:00,2023-08-22,0.0015588467692913,-0.004765341706181138,0.004767359891534908,3.9833333333333334,2023-08-23 04:01:00+00:00,2023-08-22,-0.00938423308989389,0.030513883997211135,0.06035499573209563,3.9833333333333334
2023-08-24 08:00:00+00:00,0.001336750301426548,0.0159993484117351,-0.07788451993155003,0.009740597096487646,2023-08-25 08:00:00+00:00,-0.018766577823569497,2023-08-24 04:01:00+00:00,2023-08-23,0.01591007070538808,0.01809169088694793,0.010749090827850596,3.9833333333333334,2023-08-24 04:01:00+00:00,2023-08-23,-0.0019330853691412742,-0.0005803033236448532,0.0029347811384356766,3.9833333333333334,2023-08-24 04:01:00+00:00,2023-08-23,0.011409212696843696,0.010215715007505403,0.005447804570245162,3.9833333333333334,2023-08-24 04:01:00+00:00,2023-08-23,-0.06010913890800618,-0.04884976070093159,0.0609478243940259,3.9833333333333334
2023-08-25 08:00:00+00:00,-0.004818916335819878,-0.018944526944700512,-0.017153093627421862,0.006360519856177947,2023-08-26 08:00:00+00:00,0.002706645368641958,2023-08-25 04:01:00+00:00,2023-08-24,-0.022135038497021142,0.006815007244783686,0.011731363031842601,3.9833333333333334,2023-08-25 04:01:00+00:00,2023-08-24,0.005980559300589938,0.005206847174235073,0.002617417102092543,3.9833333333333334,2023-08-25 04:01:00+00:00,2023-08-24,-0.0005134524720187272,0.01651904327424024,0.004674240749209433,3.9833333333333334,2023-08-25 04:01:00+00:00,2023-08-24,0.07357144348127864,-0.03933251370122051,0.06001742849867819,3.9833333333333334
2023-08-26 08:00:00+00:00,-0.0013939941602902906,0.0027026051350922415,0.005111539584961874,0.005767172057290369,2023-08-27 08:00:00+00:00,-0.0002767667198191326,2023-08-26 04:01:00+00:00,2023-08-25,0.008427263304065846,0.016668266270378915,0.011009105850209538,3.9833333333333334,2023-08-26 04:01:00+00:00,2023-08-25,0.0009612465570265627,0.006748358596946616,0.002548318839515088,3.9833333333333334,2023-08-26 04:01:00+00:00,2023-08-25,-0.003704635660619182,0.01213583210166745,0.0043931455589062045,3.9833333333333334,2023-08-26 04:01:00+00:00,2023-08-25,-0.09252336889714563,-0.09832048658147148,0.06120677693516426,3.9833333333333334
2023-08-29 08:00:00+00:00,-0.0030329820922982975,0.002698587190692862,-0.003933539885809795,0.005407234987775637,2023-08-30 08:00:00+00:00,0.05506995023880745,2023-08-29 04:01:00+00:00,2023-08-28,0.00737676300012069,0.007720799344680973,0.011219112337731157,3.9833333333333334,2023-08-29 04:01:00+00:00,2023-08-28,-0.00019221939637947827,0.007039864453913686,0.002550890751478683,3.9833333333333334,2023-08-29 04:01:00+00:00,2023-08-28,0.0035505861182452136,0.012300557451742165,0.004298707817453064,3.9833333333333334,2023-08-29 04:01:00+00:00,2023-08-28,-0.039016652342451774,-0.1274619497562184,0.061990341948235855,3.9833333333333334
2023-08-30 08:00:00+00:00,0.001645893354222494,0.05360706827394033,0.051573696547285226,0.010211371963369801,2023-08-31 08:00:00+00:00,-0.006386441295731071,2023-08-30 04:01:00+00:00,2023-08-29,0.021302178525491655,0.03088123703804469,0.012396196885845917,3.9833333333333334,2023-08-30 04:01:00+00:00,2023-08-29,-0.004913015087694816,-9.651399559916033e-05,0.0027591711756679575,3.9833333333333334,2023-08-30 04:01:00+00:00,2023-08-29,0.00935609812937166,0.02009780881182331,0.004734393384743188,3.9833333333333334,2023-08-30 04:01:00+00:00,2023-08-29,-0.04267494802136884,-0.16075266468769378,0.06274604622959552,3.9833333333333334
2023-08-31 08:00:00+00:00,0.0016065115619099402,-0.006406921857111072,0.029167426278439205,0.009760751547690022,2023-09-01 08:00:00+00:00,-0.046590682743828826,2023-08-31 04:01:00+00:00,2023-08-30,0.0055695814989817904,0.020540747831638957,0.01141070388549453,3.9833333333333334,2023-08-31 04:01:00+00:00,2023-08-30,-0.003773400800478832,-0.0019368294269370334,0.002871942063133736,3.9833333333333334,2023-08-31 04:01:00+00:00,2023-08-30,0.004012104852721521,0.012700700967700169,0.004815759368378244,3.9833333333333334,2023-08-31 04:01:00+00:00,2023-08-30,-0.04024545947978275,-0.14088898525947016,0.053616322638615474,3.9833333333333334
2023-09-01 08:00:00+00:00,-0.003460217045461178,-0.04771096359693276,0.00040098962620687567,0.010710381728719215,2023-09-02 08:00:00+00:00,-0.007520318634353762,2023-09-01 04:01:00+00:00,2023-08-31,0.0024958835441157845,0.045171669872774746,0.011415711680943245,3.9833333333333334,2023-09-01 04:01:00+00:00,2023-08-31,0.004449171380475292,-0.0034682173470508707,0.003011527846619363,3.9833333333333334,2023-09-01 04:01:00+00:00,2023-08-31,-0.003605058890283175,0.009609094549436247,0.004832416072839978,3.9833333333333334,2023-09-01 04:01:00+00:00,2023-08-31,-0.0225874812318807,-0.23704790997262948,0.053720971187328645,3.9833333333333334
2023-09-02 08:00:00+00:00,-0.0001011754377131524,-0.007548351140979605,-0.009849966649864868,0.01081106113054682,2023-09-03 08:00:00+00:00,0.006232492074186746,2023-09-02 04:01:00+00:00,2023-09-01,-0.0006588786879753172,0.03608552788073497,0.011343554906535932,3.9833333333333334,2023-09-02 04:01:00+00:00,2023-09-01,0.005965524430269653,0.0015360605261925217,0.0029413012797620563,3.9833333333333334,2023-09-02 04:01:00+00:00,2023-09-01,0.0006101963941560484,0.013923926604210515,0.004754138042593427,3.9833333333333334,2023-09-02 04:01:00+00:00,2023-09-01,-0.03601289392496909,-0.1805374350004532,0.05063913248765969,3.9833333333333334
2023-09-06 08:00:00+00:00,-0.0020938903386635843,-0.00025765338534113573,-0.06424909197971411,0.005927403098161299,2023-09-07 08:00:00+00:00,0.00131991497508821,2023-09-06 04:01:00+00:00,2023-09-05,0.0011213154127087677,0.029830080293322632,0.011189212058778087,3.9833333333333334,2023-09-06 04:01:00+00:00,2023-09-05,0.0054532515652434554,0.007181531487814648,0.0030914844086273527,3.9833333333333334,2023-09-06 04:01:00+00:00,2023-09-05,-0.007398559238278146,0.0029747812476879783,0.004982715473832037,3.9833333333333334,2023-09-06 04:01:00+00:00,2023-09-05,0.013654542009391868,-0.030923054209525555,0.05015897225721724,3.9833333333333334
2023-09-07 08:00:00+00:00,-0.002906547820627381,0.0013190446530673475,-0.05652312546953556,0.005977828864293647,2023-09-08 08:00:00+00:00,0.019148472861546084,2023-09-07 04:01:00+00:00,2023-09-06,-0.008860240565136124,-0.00033233879730556006,0.011192351095419257,3.9833333333333334,2023-09-07 04:01:00+00:00,2023-09-06,0.0004769690765717982,0.012571515652081615,0.002992598448063385,3.9833333333333334,2023-09-07 04:01:00+00:00,2023-09-06,-0.004311249016006435,-0.010692565897690343,0.004944901908639607,3.9833333333333334,2023-09-07 04:01:00+00:00,2023-09-06,0.030923054209525347,0.040245459479782725,0.0508532689208701,3.9833333333333334
2023-09-08 08:00:00+00:00,0.0001302633339896886,0.018967828965421752,0.010155667092818862,0.0039508667389812294,2023-09-09 08:00:00+00:00,-0.014094570389252659,2023-09-08 04:01:00+00:00,2023-09-07,-0.007373265271006346,-0.013275185567293365,0.011011756961739796,3.9833333333333334,2023-09-08 04:01:00+00:00,2023-09-07,0.0019054593225868999,0.018250375775147504,0.002975458600817713,3.9833333333333334,2023-09-08 04:01:00+00:00,2023-09-07,-0.0008747530304011875,-0.015579423780812838,0.004840068356183598,3.9833333333333334,2023-09-08 04:01:00+00:00,2023-09-07,-0.003466207976486224,0.05936673273517715,0.050852169765757245,3.9833333333333334
2023-09-09 08:00:00+00:00,0.00043082505595215537,-0.01419483670831772,0.003509181525480796,0.004238966727226757,2023-09-10 08:00:00+00:00,-0.0013091948046328739,2023-09-09 04:01:00+00:00,2023-09-08,0.0014218618088648327,-0.014349207302543602,0.011009793586439071,3.9833333333333334,2023-09-09 04:01:00+00:00,2023-09-08,0.0002854987425351396,0.01408670313720696,0.0029755787637968135,3.9833333333333334,2023-09-09 04:01:00+00:00,2023-09-08,0.00010292966877578635,-0.01187143522175349,0.004837939507267168,3.9833333333333334,2023-09-09 04:01:00+00:00,2023-09-08,-0.039665256392431125,0.05571437026771498,0.04951757175756047,3.9833333333333334
2023-09-12 08:00:00+00:00,0.0009585306467947419,0.00035091552127107815,0.003380644191564772,0.006529288486235856,2023-09-13 08:00:00+00:00,0.002215104456503525,2023-09-12 04:01:00+00:00,2023-09-11,0.011817134074840752,-0.001873194539729079,0.011150982265982516,3.9833333333333334,2023-09-12 04:01:00+00:00,2023-09-11,-0.004960390338030862,0.003160788368905745,0.003243262290133371,3.9833333333333334,2023-09-12 04:01:00+00:00,2023-09-11,0.0023136852466132396,-0.010167946369296221,0.004862147535587152,3.9833333333333334,2023-09-12 04:01:00+00:00,2023-09-11,-0.0028943580263645075,-0.0014482261763647637,0.04951526283759009,3.9833333333333334
2023-09-13 08:00:00+00:00,2.5889142307278235e-05,0.002212654729560634,0.00585095230646674,0.0068946928285364036,2023-09-14 08:00:00+00:00,0.017949444182765673,2023-09-13 04:01:00+00:00,2023-09-12,-0.011194970185702147,-0.014189480138138384,0.011213087943632346,3.9833333333333334,2023-09-13 04:01:00+00:00,2023-09-12,0.0013379148638037464,-0.0009545483325333468,0.003189838897389358,3.9833333333333334,2023-09-13 04:01:00+00:00,2023-09-12,-0.006233426058524394,-0.009002813189543112,0.005053348462126013,3.9833333333333334,2023-09-13 04:01:00+00:00,2023-09-12,0.030683819938601697,0.01558105175284541,0.043349162850310076,3.9833333333333334
2023-09-14 08:00:00+00:00,0.0029944825781793583,0.01779063457882146,0.022322542232220938,0.007077851272928299,2023-09-15 08:00:00+00:00,0.008398356541266416,2023-09-14 04:01:00+00:00,2023-09-13,0.003837691243170127,-0.0014915483298330566,0.010908481437695154,3.9833333333333334,2023-09-14 04:01:00+00:00,2023-09-13,0.000572823767977404,-0.0008586936411276544,0.003187603343875938,3.9833333333333334,2023-09-14 04:01:00+00:00,2023-09-13,-0.0013444906370896348,-0.006036054810626784,0.00495967135550165,3.9833333333333334,2023-09-14 04:01:00+00:00,2023-09-13,-0.054145306617599864,-0.06948730907428011,0.04408537761622089,3.9833333333333334
2023-09-15 08:00:00+00:00,-0.0018690863167449834,0.008362906974958555,0.011717620241757806,0.0069499133387860915,2023-09-16 08:00:00+00:00,-0.0026797722927580647,2023-09-15 04:01:00+00:00,2023-09-14,0.00813434289349857,0.014016059834671399,0.010648364597752497,3.9833333333333334,2023-09-15 04:01:00+00:00,2023-09-14,0.006090103684780246,0.0033259507210655955,0.0033958430583180136,3.9833333333333334,2023-09-15 04:01:00+00:00,2023-09-14,0.0001552525418135886,-0.00500604923841127,0.00489070165184101,3.9833333333333334,2023-09-15 04:01:00+00:00,2023-09-14,-0.05020065399163709,-0.11622175508943101,0.0411603970257444,3.9833333333333334
2023-09-16 08:00:00+00:00,-0.0045915300000256565,-0.002683369310090605,0.023229087639984856,0.006699952168183195,2023-09-17 08:00:00+00:00,5.435090301753043e-05,2023-09-16 04:01:00+00:00,2023-09-15,-0.017700728863845328,-0.005106530838036981,0.011178874401774695,3.9833333333333334,2023-09-16 04:01:00+00:00,2023-09-15,-0.0008542112781686484,0.002186240700361976,0.003416194600476915,3.9833333333333334,2023-09-16 04:01:00+00:00,2023-09-15,0.0069089742955421585,0.0017999953883543066,0.004829223015367514,3.9833333333333334,2023-09-16 04:01:00+00:00,2023-09-15,0.07293724031268667,-0.0036192583843130685,0.045517972247408396,3.9833333333333334
2023-09-19 08:00:00+00:00,0.0010729400833238145,0.0050987938958883565,0.03890756763304604,0.005724974755383386,2023-09-20 08:00:00+00:00,0.00962483624927879,2023-09-19 04:01:00+00:00,2023-09-18,0.0015097873122069672,-0.015413877600671092,0.011155933280639753,3.9833333333333334,2023-09-19 04:01:00+00:00,2023-09-18,-0.001140060435998791,0.0060065706023946334,0.0034312263210784497,3.9833333333333334,2023-09-19 04:01:00+00:00,2023-09-18,0.00369272821268396,0.003179038354425259,0.004871983767861935,3.9833333333333334,2023-09-19 04:01:00+00:00,2023-09-18,0.01511363781004782,0.014388737452099452,0.04590159063149444,3.9833333333333334
2023-09-20 08:00:00+00:00,-0.0005112023878925953,0.009579181517914197,0.046274094421399674,0.005913085981535405,2023-09-21 08:00:00+00:00,-0.004261110522877032,2023-09-20 04:01:00+00:00,2023-09-19,-0.0022448046209024852,-0.006463712035872054,0.010642067941657929,3.9833333333333334,2023-09-20 04:01:00+00:00,2023-09-19,0.0,0.004668655738590473,0.0034228573094634562,3.9833333333333334,2023-09-20 04:01:00+00:00,2023-09-19,0.000153529093330107,0.009565993506280365,0.004840561852804073,3.9833333333333334,2023-09-20 04:01:00+00:00,2023-09-19,0.00782643624946422,-0.008468646237038477,0.046076486681923476,3.9833333333333334
2023-09-21 08:00:00+00:00,-0.0016618202288114503,-0.004270583854023248,0.024212875988554816,0.0059305693170882395,2023-09-22 08:00:00+00:00,-0.011682427378028493,2023-09-21 04:01:00+00:00,2023-09-20,-0.014675469334187952,-0.024976872613228885,0.011185467408530856,3.9833333333333334,2023-09-21 04:01:00+00:00,2023-09-20,-0.0003802366086578246,0.0037155953619547547,0.0034192572081655818,3.9833333333333334,2023-09-21 04:01:00+00:00,2023-09-20,0.006835378921540958,0.01774586306491085,0.0050248477780325046,3.9833333333333334,2023-09-21 04:01:00+00:00,2023-09-20,0.07045648214458033,0.11613314252514172,0.04770866106045266,3.9833333333333334
2023-09-22 08:00:00+00:00,0.0017646433259841388,-0.011751203102430304,0.0040987659111659846,0.0059203769288599314,2023-09-23 08:00:00+00:00,-0.0033544768845501505,2023-09-22 04:01:00+00:00,2023-09-21,-0.018587252965030387,-0.05169846847175921,0.01129533637419978,3.9833333333333334,2023-09-22 04:01:00+00:00,2023-09-21,0.0019000285421890695,-0.0004744797806359305,0.003366998001874128,3.9833333333333334,2023-09-22 04:01:00+00:00,2023-09-21,-0.014078610882454434,0.003511999640642101,0.005472929413979733,3.9833333333333334,2023-09-22 04:01:00+00:00,2023-09-21,0.1471437389347341,0.31347753545151286,0.05601285677586779,3.9833333333333334
2023-09-23 08:00:00+00:00,0.001999717897104958,-0.0033604919034837546,0.00342164331777267,0.0056918433265204195,2023-09-24 08:00:00+00:00,-0.0008233867412541507,2023-09-23 04:01:00+00:00,2023-09-22,0.0004666981338505849,-0.0335310414740641,0.010202092562320367,3.9833333333333334,2023-09-23 04:01:00+00:00,2023-09-22,0.002085913510252446,0.00246564500778402,0.0031679851065499936,3.9833333333333334,2023-09-23 04:01:00+00:00,2023-09-22,0.00308864657946728,-0.00030832807543148573,0.005521768573211624,3.9833333333333334,2023-09-23 04:01:00+00:00,2023-09-22,-0.019574603124629775,0.22096569201419697,0.051822106246102125,3.9833333333333334
2023-09-26 08:00:00+00:00,-0.003111019370054535,0.0031566200234501634,-0.021657791037947443,0.00450823681318718,2023-09-27 08:00:00+00:00,-0.0009763246041413209,2023-09-26 04:01:00+00:00,2023-09-25,0.004601350585378583,-0.030439478200892076,0.010062967406820549,3.9833333333333334,2023-09-26 04:01:00+00:00,2023-09-25,0.0039701173737789475,0.007575822817562617,0.0032482949162315486,3.9833333333333334,2023-09-26 04:01:00+00:00,2023-09-25,-0.00463655465273316,-0.008637610940848734,0.00555814577587406,3.9833333333333334,2023-09-26 04:01:00+00:00,2023-09-25,-0.017595761890379702,0.1882562923137691,0.05108880754654307,3.9833333333333334
2023-09-27 08:00:00+00:00,-0.0012070586591939048,-0.000977563158181884,-0.032214535714043514,0.0036231404509334962,2023-09-28 08:00:00+00:00,0.008139798486265892,2023-09-27 04:01:00+00:00,2023-09-26,-0.01521928495800573,-0.04341395853799593,0.010385667681221523,3.9833333333333334,2023-09-27 04:01:00+00:00,2023-09-26,0.002167492280472416,0.009743315098034422,0.0032488562017203935,3.9833333333333334,2023-09-27 04:01:00+00:00,2023-09-26,-0.008712806207367585,-0.017503946241546626,0.005806826924592271,3.9833333333333334,2023-09-27 04:01:00+00:00,2023-09-26,0.11396246582890468,0.29439232189320974,0.055129509683808045,3.9833333333333334
2023-09-28 08:00:00+00:00,0.003059855367574471,0.008107230012651609,-0.01983672184736871,0.005202133456923766,2023-09-29 08:00:00+00:00,0.02721089463752624,2023-09-28 04:01:00+00:00,2023-09-27,0.0023573512005405917,-0.02638113800326643,0.00893940773507178,3.9833333333333334,2023-09-28 04:01:00+00:00,2023-09-27,0.004133353079250668,0.014256904785943617,0.002997635556881968,3.9833333333333334,2023-09-28 04:01:00+00:00,2023-09-27,-0.015168120264880791,-0.03950744542796864,0.006151073888487316,3.9833333333333334,2023-09-28 04:01:00+00:00,2023-09-27,-0.03875619592612001,0.18517964382250937,0.05505400793181683,3.9833333333333334
2023-09-29 08:00:00+00:00,0.008200944518945263,0.026846892129765022,0.0187613733848268,0.006007440848701216,2023-09-30 08:00:00+00:00,-0.009132821608838104,2023-09-29 04:01:00+00:00,2023-09-28,0.008374168351561906,0.0005802833133260695,0.009095909143183357,3.9833333333333334,2023-09-29 04:01:00+00:00,2023-09-28,-0.004227512985321091,0.008129363258432668,0.0030409625199086274,3.9833333333333334,2023-09-29 04:01:00+00:00,2023-09-28,-0.0065261135339858,-0.031954948079499834,0.0060665482392788005,3.9833333333333334,2023-09-29 04:01:00+00:00,2023-09-28,-0.04950392047941632,-0.011468015591641182,0.05630016788847156,3.9833333333333334
2023-09-30 08:00:00+00:00,0.0006109898503900979,-0.009174784885357777,0.012947080402952624,0.006114828772328641,2023-10-01 08:00:00+00:00,0.006541718773670935,2023-09-30 04:01:00+00:00,2023-09-29,0.0008478278422874297,0.0009614130217634327,0.009055463053749902,3.9833333333333334,2023-09-30 04:01:00+00:00,2023-09-29,-0.0004708607074288551,0.005572589040752716,0.002985047871008106,3.9833333333333334,2023-09-30 04:01:00+00:00,2023-09-29,-0.006676127108041996,-0.04171972176700934,0.00613575728230653,3.9833333333333334,2023-09-30 04:01:00+00:00,2023-09-29,0.010327114155849415,0.018433701688837966,0.0551508810742599,3.9833333333333334
2023-10-03 08:00:00+00:00,-0.002209198610824359,-0.027619832218334875,0.04715861805236962,0.008281334728187383,2023-10-04 08:00:00+00:00,-0.003154609640658501,2023-10-03 04:01:00+00:00,2023-10-02,0.008278791394298324,0.004638853830682708,0.009371388528220169,3.9833333333333334,2023-10-03 04:01:00+00:00,2023-10-02,0.006852266525849693,0.008454738192822952,0.0030648318388268488,3.9833333333333334,2023-10-03 04:01:00+00:00,2023-10-02,-0.010179725849795318,-0.04726289296407148,0.006310063993757626,3.9833333333333334,2023-10-03 04:01:00+00:00,2023-10-02,0.00512383699986918,0.041153300579086956,0.0543786721332541,3.9833333333333334
2023-10-04 08:00:00+00:00,0.0008508822996180498,-0.0031588685625683253,0.044977312647983214,0.008346777970881215,2023-10-05 08:00:00+00:00,0.005617079184388807,2023-10-04 04:01:00+00:00,2023-10-03,-0.018498533411543505,0.00135960537714614,0.010015224183703162,3.9833333333333334,2023-10-04 04:01:00+00:00,2023-10-03,0.0009350021570160294,0.007222248069367085,0.002901644597411658,3.9833333333333334,2023-10-04 04:01:00+00:00,2023-10-03,-0.0030904957215760476,-0.04164058247828077,0.00623022732139313,3.9833333333333334,2023-10-04 04:01:00+00:00,2023-10-03,0.11620440368645157,0.04339523843663395,0.0591561964199731,3.9833333333333334
2023-10-05 08:00:00+00:00,-0.001583432455257494,0.005600997974617234,0.042471080609948815,0.007520504781542539,2023-10-06 08:00:00+00:00,0.0011058396883798505,2023-10-05 04:01:00+00:00,2023-10-04,0.014357196732030175,0.013359450908633417,0.01064264809036513,3.9833333333333334,2023-10-05 04:01:00+00:00,2023-10-04,-0.0018708793613004815,0.0012180156288150842,0.0029720064967646205,3.9833333333333334,2023-10-05 04:01:00+00:00,2023-10-04,-0.003644946549870909,-0.03011740876326962,0.006224225912826293,3.9833333333333334,2023-10-05 04:01:00+00:00,2023-10-04,-0.06258559280887388,0.019565841553880102,0.06166048663584474,3.9833333333333334
2023-10-06 08:00:00+00:00,0.0028740337317927356,0.0011055905120082414,0.01672977899219208,0.006915081002557544,2023-10-07 08:00:00+00:00,0.009127843722400497,2023-10-06 04:01:00+00:00,2023-10-05,-0.0035953412758669145,0.0013899412812056198,0.010575095058554957,3.9833333333333334,2023-10-06 04:01:00+00:00,2023-10-05,-0.004410472217120542,0.0010350563970158806,0.003189034035131394,3.9833333333333334,2023-10-06 04:01:00+00:00,2023-10-05,-0.0016363937105463577,-0.025227688939830097,0.006213530724626609,3.9833333333333334,2023-10-06 04:01:00+00:00,2023-10-05,-0.004855687986658808,0.06421407404663756,0.06168028497092307,3.9833333333333334
2023-10-07 08:00:00+00:00,-0.00034449871565911394,0.009086433464440847,0.034990997341990605,0.006860371842374473,2023-10-08 08:00:00+00:00,0.0005313582010404438,2023-10-07 04:01:00+00:00,2023-10-06,0.016838802725395396,0.017380916164313535,0.011354379680037488,3.9833333333333334,2023-10-07 04:01:00+00:00,2023-10-06,-0.002731092828867965,-0.0012251757244231452,0.003274911763931622,3.9833333333333334,2023-10-07 04:01:00+00:00,2023-10-06,0.007288529596721993,-0.01126303223506684,0.0065944333127660225,3.9833333333333334,2023-10-07 04:01:00+00:00,2023-10-06,-0.05789039675059726,-0.0040034368598092455,0.06261901639540243,3.9833333333333334
2023-10-10 08:00:00+00:00,0.0006920657098277161,-0.005835077113476946,0.004015435867318218,0.0042715653017448025,2023-10-11 08:00:00+00:00,-0.022765886502918775,2023-10-10 04:01:00+00:00,2023-10-09,0.004924006919678092,0.014026131689692693,0.011044771274472074,3.9833333333333334,2023-10-10 04:01:00+00:00,2023-10-09,0.0003771536440089207,-0.007700288606264325,0.0030182321639251972,3.9833333333333334,2023-10-10 04:01:00+00:00,2023-10-09,0.010298027471121074,0.009214721085849614,0.00712617655554547,3.9833333333333334,2023-10-10 04:01:00+00:00,2023-10-09,0.014224990931347214,0.00509771707166858,0.06252755851676536,3.9833333333333334
2023-10-11 08:00:00+00:00,0.00021836485522896965,-0.023028669131115585,-0.01585436470122898,0.004612481981980931,2023-10-12 08:00:00+00:00,-0.007819198836501506,2023-10-11 04:01:00+00:00,2023-10-10,0.005591323981164464,0.038115989082399944,0.010894803779685628,3.9833333333333334,2023-10-11 04:01:00+00:00,2023-10-10,-0.0023594932911441546,-0.010994784054424276,0.0030905573470398876,3.9833333333333334,2023-10-11 04:01:00+00:00,2023-10-10,0.0058829989508302205,0.018188215758256788,0.007276471682810173,3.9833333333333334,2023-10-11 04:01:00+00:00,2023-10-10,-0.03858814490518636,-0.1496948315199692,0.06337689500850248,3.9833333333333334
2023-10-12 08:00:00+00:00,-0.0013571206082794163,-0.007849929067063546,-0.029305291742909776,0.004901600001852761,2023-10-13 08:00:00+00:00,0.0023994187386660037,2023-10-12 04:01:00+00:00,2023-10-11,0.007217091627913064,0.03097588397828479,0.010991721853288759,3.9833333333333334,2023-10-12 04:01:00+00:00,2023-10-11,-9.451581540975695e-05,-0.009218420508533654,0.0030936939277883806,3.9833333333333334,2023-10-12 04:01:00+00:00,2023-10-11,0.006378589472663343,0.0282117517807904,0.007490812647626176,3.9833333333333334,2023-10-12 04:01:00+00:00,2023-10-11,-0.056778533670305276,-0.14388777238140057,0.06351751754214263,3.9833333333333334
2023-10-13 08:00:00+00:00,0.003478041379834096,0.0023969168229989934,-0.028013965431919117,0.004774784568574717,2023-10-14 08:00:00+00:00,-0.00023032566709801916,2023-10-13 04:01:00+00:00,2023-10-12,-0.003748244060899353,0.03082298119325188,0.010828855911758558,3.9833333333333334,2023-10-13 04:01:00+00:00,2023-10-12,0.007062508777174514,0.0022545604857622257,0.0031922653018367345,3.9833333333333334,2023-10-13 04:01:00+00:00,2023-10-12,-0.0022810124588872327,0.027567133032449016,0.00748770707210366,3.9833333333333334,2023-10-13 04:01:00+00:00,2023-10-12,0.036611776669452034,-0.10242030772528965,0.06222286838293635,3.9833333333333334
2023-10-14 08:00:00+00:00,-0.002304108226143242,-0.00023072428922051903,-0.037331123185580496,0.004704955335781185,2023-10-15 08:00:00+00:00,0.0005102572500446101,2023-10-14 04:01:00+00:00,2023-10-13,-0.012523979348285863,0.0014601991195700725,0.01046296573475528,3.9833333333333334,2023-10-14 04:01:00+00:00,2023-10-13,0.0007504158554638707,0.0057360691700927184,0.003175308677917649,3.9833333333333334,2023-10-14 04:01:00+00:00,2023-10-13,0.030594620514569293,0.05087322395029679,0.010227217583309056,3.9833333333333334,2023-10-14 04:01:00+00:00,2023-10-13,0.14633109111062836,0.10180118013593574,0.06784249641557699,3.9833333333333334
2023-10-17 08:00:00+00:00,0.0056662671342895266,0.020667871548345793,0.027788917284847007,0.006313032123650128,2023-10-18 08:00:00+00:00,0.0022486319327541526,2023-10-17 04:01:00+00:00,2023-10-16,0.011774945860448582,0.008311138060340777,0.010821988196757728,3.9833333333333334,2023-10-17 04:01:00+00:00,2023-10-16,-0.0038517936041779777,0.0015071219219067774,0.0033098020982306243,3.9833333333333334,2023-10-17 04:01:00+00:00,2023-10-16,-0.0037153410203654147,0.03685985545881057,0.010215973012233912,3.9833333333333334,2023-10-17 04:01:00+00:00,2023-10-16,-0.11565021856092406,-0.02807402935633534,0.0740378258856506,3.9833333333333334
2023-10-18 08:00:00+00:00,-0.0006970833117883046,0.002245755810156637,0.05306334222611927,0.005837711465193102,2023-10-19 08:00:00+00:00,-0.005746011079311608,2023-10-18 04:01:00+00:00,2023-10-17,-0.0033484855868799457,-0.0006286715077035676,0.010835913000619795,3.9833333333333334,2023-10-18 04:01:00+00:00,2023-10-17,9.414218399417251e-05,0.003960757397044396,0.003309132633169075,3.9833333333333334,2023-10-18 04:01:00+00:00,2023-10-17,0.0007234637750954676,0.03170032028307523,0.010218660918040185,3.9833333333333334,2023-10-18 04:01:00+00:00,2023-10-17,0.03819215952192012,0.04870627507077111,0.0742948705728786,3.9833333333333334
2023-10-19 08:00:00+00:00,0.0025028807488727267,-0.005762582912756296,0.055150688380426374,0.005293755136114792,2023-10-20 08:00:00+00:00,0.03210990716117634,2023-10-19 04:01:00+00:00,2023-10-18,-0.014168802220284604,-0.022014565355901957,0.010800894986936108,3.9833333333333334,2023-10-19 04:01:00+00:00,2023-10-18,0.0030072355647199345,0.007062508777175011,0.0033483513147628597,3.9833333333333334,2023-10-19 04:01:00+00:00,2023-10-18,0.01670125789974719,0.04202298871015868,0.010810507244028999,3.9833333333333334,2023-10-19 04:01:00+00:00,2023-10-18,0.07226863379677839,0.17775344253785463,0.07437118565707582,3.9833333333333334
2023-10-20 08:00:00+00:00,0.00017545692808162983,0.031604818584680935,0.08435859014210839,0.005864922766455345,2023-10-21 08:00:00+00:00,0.015570174538619641,2023-10-20 04:01:00+00:00,2023-10-19,-0.008495822866787961,-0.026762144161790177,0.01011051041359569,3.9833333333333334,2023-10-20 04:01:00+00:00,2023-10-19,-0.0030072355647199345,-0.0030072355647205343,0.0034319164399824196,3.9833333333333334,2023-10-20 04:01:00+00:00,2023-10-19,0.006179087235771874,0.05048308840481885,0.01035855583149942,3.9833333333333334,2023-10-20 04:01:00+00:00,2023-10-19,0.10743951848565914,0.24858118435406196,0.07102665467995936,3.9833333333333334
2023-10-21 08:00:00+00:00,0.0030816093734049588,0.015450545077381994,0.100039859508711,0.006671118940238072,2023-10-22 08:00:00+00:00,0.004056802645491908,2023-10-21 04:01:00+00:00,2023-10-20,-0.015148185383567991,-0.029386350197072364,0.010683735577789585,3.9833333333333334,2023-10-21 04:01:00+00:00,2023-10-20,-0.000847383284442671,-0.004605034704626276,0.0034196582213341198,3.9833333333333334,2023-10-21 04:01:00+00:00,2023-10-20,0.006993927388683652,0.02688239527893288,0.010435660631221998,3.9833333333333334,2023-10-21 04:01:00+00:00,2023-10-20,0.014382061862394657,0.11663215510582849,0.07068891525950685,3.9833333333333334
2023-10-24 08:00:00+00:00,-0.00181071367535246,0.10804260756042483,0.17889285127284035,0.011207636171828352,2023-10-25 08:00:00+00:00,-0.004189708346887366,2023-10-24 04:01:00+00:00,2023-10-23,0.0030151661309094635,-0.038146129926610206,0.01064986963505038,3.9833333333333334,2023-10-24 04:01:00+00:00,2023-10-23,-0.005857387867866493,-0.006610628968315308,0.003563626920948806,3.9833333333333334,2023-10-24 04:01:00+00:00,2023-10-23,-0.0033147413528471503,0.02728299494645026,0.010400620540155663,3.9833333333333334,2023-10-24 04:01:00+00:00,2023-10-23,-0.0637097536514859,0.16857262001526632,0.07242359165873935,3.9833333333333334
2023-10-25 08:00:00+00:00,-0.0041811566651457355,-0.004198509767094898,0.17244858569558885,0.01221860686262434,2023-10-26 08:00:00+00:00,0.023327750134165104,2023-10-25 04:01:00+00:00,2023-10-24,0.009608750678344435,-0.025188893661385246,0.010292019290582741,3.9833333333333334,2023-10-25 04:01:00+00:00,2023-10-24,0.00689295714366267,0.00018818599135403839,0.003873273918546524,3.9833333333333334,2023-10-25 04:01:00+00:00,2023-10-24,-0.0008556195855256021,0.025703911585829783,0.010147632580197232,3.9833333333333334,2023-10-25 04:01:00+00:00,2023-10-24,-0.07120444629179179,0.059176014201554786,0.07014444910477338,3.9833333333333334
2023-10-26 08:00:00+00:00,-0.004203597084705635,0.02305952839875621,0.20127069700710115,0.01249467105883067,2023-10-27 08:00:00+00:00,-0.020358266938164116,2023-10-26 04:01:00+00:00,2023-10-25,-0.025010020631057728,-0.03603011207215986,0.011770751825738704,3.9833333333333334,2023-10-26 04:01:00+00:00,2023-10-25,0.0024436303684529648,-0.00037541920491392707,0.003796468803100983,3.9833333333333334,2023-10-26 04:01:00+00:00,2023-10-25,0.004421031480322135,0.013423685166404997,0.009347931300849962,3.9833333333333334,2023-10-26 04:01:00+00:00,2023-10-25,0.06232864837782337,0.04923602878259974,0.07083730165251964,3.9833333333333334
2023-10-27 08:00:00+00:00,-0.005144953067395264,-0.020567769423281868,0.14909810899913836,0.01279599754036556,2023-10-28 08:00:00+00:00,0.003034883929905252,2023-10-27 04:01:00+00:00,2023-10-26,-0.01909905592476946,-0.0466333451301399,0.01225111321927499,3.9833333333333334,2023-10-27 04:01:00+00:00,2023-10-26,0.0006568732533498434,0.003288689613156792,0.0036696375913879333,3.9833333333333334,2023-10-27 04:01:00+00:00,2023-10-26,0.0012524110393510313,0.008497008969983871,0.009103494598720422,3.9833333333333334,2023-10-27 04:01:00+00:00,2023-10-26,0.023979617315482482,-0.034223872387577375,0.06975162619534246,3.9833333333333334
2023-10-28 08:00:00+00:00,-0.00044079002854324756,0.0030296996169249337,0.1366772635386812,0.012505161540088173,2023-10-29 08:00:00+00:00,0.0009281832868262008,2023-10-28 04:01:00+00:00,2023-10-27,0.005008821630028137,-0.026476338116545945,0.012338100075938642,3.9833333333333334,2023-10-28 04:01:00+00:00,2023-10-27,-0.00037531353669884027,0.00376075936090075,0.0036688097481907002,3.9833333333333334,2023-10-28 04:01:00+00:00,2023-10-27,0.0005505521194235641,0.002053633700723293,0.008835949859446227,3.9833333333333334,2023-10-28 04:01:00+00:00,2023-10-27,0.028130579571917114,-0.02047535467805474,0.06988551535385111,3.9833333333333334
2023-10-31 08:00:00+00:00,-0.0018761012452799264,-0.0014120850762087724,0.0042623762550621615,0.007680909275522867,2023-11-01 08:00:00+00:00,0.00896348010058201,2023-10-31 04:01:00+00:00,2023-10-30,0.01087752527374164,-0.018613978973712496,0.012463443336088108,3.9833333333333334,2023-10-31 04:01:00+00:00,2023-10-30,-0.004137628729593779,0.00548051849917259,0.003432815588011264,3.9833333333333334,2023-10-31 04:01:00+00:00,2023-10-30,0.003546356519757765,0.008914731573329181,0.008236148309814036,3.9833333333333334,2023-10-31 04:01:00+00:00,2023-10-30,-0.07414413786501495,-0.030909738891583577,0.07236242378359853,3.9833333333333334
2023-11-01 08:00:00+00:00,0.0009548469659836911,0.008923839431202762,0.017384725453359697,0.00644675806854111,2023-11-02 08:00:00+00:00,0.02405077547191281,2023-11-01 04:01:00+00:00,2023-10-31,0.005167502083466502,-0.02305522756859086,0.011897322712904265,3.9833333333333334,2023-11-01 04:01:00+00:00,2023-10-31,0.005075684355486665,0.0036632457109966746,0.0036343655848929874,3.9833333333333334,2023-11-01 04:01:00+00:00,2023-10-31,-0.005650119628119121,0.0041202315307352156,0.008372738847312556,3.9833333333333334,2023-11-01 04:01:00+00:00,2023-10-31,-0.08503404666014003,-0.04473933925993219,0.07015040302249774,3.9833333333333334
2023-11-02 08:00:00+00:00,-0.008237836228634166,0.023765827361912455,0.018091024416516138,0.006770803978661264,2023-11-03 08:00:00+00:00,-0.02309759732606642,2023-11-02 04:01:00+00:00,2023-11-01,0.017550414309097206,0.01950520737156551,0.012126943600944524,3.9833333333333334,2023-11-02 04:01:00+00:00,2023-11-01,0.002060444583647403,0.0032800599261913078,0.0036432150995020134,3.9833333333333334,2023-11-02 04:01:00+00:00,2023-11-01,-0.003415568514530065,-0.0037163684641168806,0.008361886493076528,3.9833333333333334,2023-11-02 04:01:00+00:00,2023-11-01,-0.0725825481291138,-0.17965053576686915,0.07062139575183927,3.9833333333333334
2023-11-03 08:00:00+00:00,-0.006275067812692825,-0.02336853353991628,0.015290260299881817,0.007393502917389067,2023-11-04 08:00:00+00:00,0.008791822888044365,2023-11-03 04:01:00+00:00,2023-11-02,0.01721484436757592,0.05581910766390849,0.012714897231066887,3.9833333333333334,2023-11-03 04:01:00+00:00,2023-11-02,-0.007136128939134068,-0.004512942266293333,0.003862723320838382,3.9833333333333334,2023-11-03 04:01:00+00:00,2023-11-02,0.003014320292922257,-0.0019544592105455246,0.008261036922517194,3.9833333333333334,2023-11-03 04:01:00+00:00,2023-11-02,-0.07442720599522001,-0.2780573590775714,0.0723159608892384,3.9833333333333334
2023-11-04 08:00:00+00:00,0.0017009976769983837,0.008753690004276112,0.021014250687233088,0.007687811821610059,2023-11-05 08:00:00+00:00,0.011345780989927778,2023-11-04 04:01:00+00:00,2023-11-03,0.011988563566292854,0.06279884960017511,0.012433259038588298,3.9833333333333334,2023-11-04 04:01:00+00:00,2023-11-03,-0.010419778906385346,-0.014557407635979028,0.0044728957397732515,3.9833333333333334,2023-11-04 04:01:00+00:00,2023-11-03,0.0028551882755012414,0.00035017694553197715,0.008234073824227344,3.9833333333333334,2023-11-04 04:01:00+00:00,2023-11-03,-0.04907756178600975,-0.35526550043549876,0.07202418842466411,3.9833333333333334
2023-11-07 08:00:00+00:00,0.0005353815766522274,0.0009446980139007339,0.02294444899494959,0.007503276747537404,2023-11-08 08:00:00+00:00,0.008262705254580283,2023-11-07 05:01:00+00:00,2023-11-06,0.0036648870029960534,0.055586211329427676,0.012412421965631798,2.9833333333333334,2023-11-07 05:01:00+00:00,2023-11-06,0.0019026316590924353,-0.008517147247292375,0.0045012571695138915,2.9833333333333334,2023-11-07 05:01:00+00:00,2023-11-06,-0.005316214827947974,-0.008512394402173586,0.008345767541722877,2.9833333333333334,2023-11-07 05:01:00+00:00,2023-11-06,-0.0013422820807296176,-0.28246364465121315,0.07185681672613908,2.9833333333333334
2023-11-08 08:00:00+00:00,-0.0012278698457457438,0.008229039863891282,0.022249649427638105,0.007961289894043894,2023-11-09 08:00:00+00:00,0.037093213355101184,2023-11-08 05:01:00+00:00,2023-11-07,0.009266762253242078,0.059685471499203314,0.01252073532772328,2.9833333333333334,2023-11-08 05:01:00+00:00,2023-11-07,0.0030366287481200516,-0.01055620285465981,0.004539623921022493,2.9833333333333334,2023-11-08 05:01:00+00:00,2023-11-07,-0.007622245166061248,-0.010484519940115256,0.008660023388236515,2.9833333333333334,2023-11-08 05:01:00+00:00,2023-11-07,-0.00538721841621026,-0.20281681640728308,0.07151130294846376,2.9833333333333334
2023-11-09 08:00:00+00:00,0.0025947162899608855,0.03642125512189369,0.03490507718761923,0.007762803668063905,2023-11-10 08:00:00+00:00,-0.00254755625385783,2023-11-09 05:01:00+00:00,2023-11-08,0.0011251957789077949,0.0432602529690134,0.01242348903298416,2.9833333333333334,2023-11-09 05:01:00+00:00,2023-11-08,0.0004735984838548646,-0.012143048954452194,0.00454168202946733,2.9833333333333334,2023-11-09 05:01:00+00:00,2023-11-08,-0.00798719733526898,-0.015056148760854407,0.00891786237466344,2.9833333333333334,2023-11-09 05:01:00+00:00,2023-11-08,-0.024608213721266203,-0.15484248199943582,0.07068939236209308,2.9833333333333334
2023-11-10 08:00:00+00:00,-0.008016360367099296,-0.0025505330723044543,0.05572307765523108,0.007640088726939427,2023-11-11 08:00:00+00:00,0.01554391632487162,2023-11-10 05:01:00+00:00,2023-11-09,-0.008218745051262744,0.017826663550176272,0.01253863106246534,2.9833333333333334,2023-11-10 05:01:00+00:00,2023-11-09,0.0030260762970648614,-0.001980843718252468,0.0042888829273443115,2.9833333333333334,2023-11-10 05:01:00+00:00,2023-11-09,0.006110620756335727,-0.011959848297441216,0.008911486387374207,2.9833333333333334,2023-11-10 05:01:00+00:00,2023-11-09,0.05650460538252977,-0.023910670621686163,0.07144715773813382,2.9833333333333334
2023-11-11 08:00:00+00:00,-0.0009067291833488866,0.015424347114910938,0.062393734765865995,0.007657259821968023,2023-11-12 08:00:00+00:00,0.003284566993817073,2023-11-11 05:01:00+00:00,2023-11-10,0.022217894659135595,0.028055994643017983,0.013104224865290762,2.9833333333333334,2023-11-11 05:01:00+00:00,2023-11-10,-0.00047223923764683207,0.007966695950485022,0.004281670887966108,2.9833333333333334,2023-11-11 05:01:00+00:00,2023-11-10,-0.016430362016443212,-0.031245398589385607,0.007049290907216963,2.9833333333333334,2023-11-11 05:01:00+00:00,2023-11-10,-0.07607196623838153,-0.05090507507405805,0.06363619514003174,2.9833333333333334
2023-11-14 08:00:00+00:00,0.0064483685044383066,-0.007507216751344488,0.0487701146809969,0.007593021203192863,2023-11-15 08:00:00+00:00,-0.030176213735414015,2023-11-14 05:01:00+00:00,2023-11-13,-0.00298789157837831,0.021403216061644883,0.012924340369301592,2.9833333333333334,2023-11-14 05:01:00+00:00,2023-11-13,-0.0018910457999474772,0.004173018491444985,0.004219795039698384,2.9833333333333334,2023-11-14 05:01:00+00:00,2023-11-13,0.0064302288559972,-0.01949895490544066,0.0071397431438449226,2.9833333333333334,2023-11-14 05:01:00+00:00,2023-11-13,0.04079376546973723,-0.008769027523591285,0.06020016722959938,2.9833333333333334
2023-11-15 08:00:00+00:00,0.005493055062602892,-0.03064088763230385,0.009900187184801904,0.008113932369131235,2023-11-16 08:00:00+00:00,0.05229154439624839,2023-11-15 05:01:00+00:00,2023-11-14,0.021069764957468706,0.033206218765870425,0.013625144210883108,2.9833333333333334,2023-11-15 05:01:00+00:00,2023-11-14,-0.014778388046316593,-0.013641998302991296,0.005318871255663615,2.9833333333333334,2023-11-15 05:01:00+00:00,2023-11-14,0.008323406508342401,-0.003553303231037569,0.007356303601361999,2.9833333333333334,2023-11-15 05:01:00+00:00,2023-11-14,-0.04149973090675285,-0.04488154001413371,0.05963898522080617,2.9833333333333334
2023-11-16 08:00:00+00:00,-0.0004734803685568778,0.05097020937764505,0.02444914144055328,0.009209370353494402,2023-11-17 08:00:00+00:00,-0.031986590895431655,2023-11-16 05:01:00+00:00,2023-11-15,0.00029781935997164055,0.03237884234693478,0.01308177956473344,2.9833333333333334,2023-11-16 05:01:00+00:00,2023-11-15,0.0026858412241415053,-0.011429755562704376,0.0053065432113295315,2.9833333333333334,2023-11-16 05:01:00+00:00,2023-11-15,-0.001119340273860736,0.0033145538303715827,0.006336042424611667,2.9833333333333334,2023-11-16 05:01:00+00:00,2023-11-15,0.0014114328384078334,-0.01886189345445968,0.05640769599720778,2.9833333333333334
2023-11-17 08:00:00+00:00,-0.00671667558882838,-0.03250933942075095,-0.005509664907893252,0.009587343133849627,2023-11-18 08:00:00+00:00,0.0048948999662248305,2023-11-17 05:01:00+00:00,2023-11-16,0.0010104302753557448,0.041608017673553335,0.012813755457801498,2.9833333333333334,2023-11-17 05:01:00+00:00,2023-11-16,-0.00019157542558811969,-0.014647407285358075,0.005288741303921853,2.9833333333333334,2023-11-17 05:01:00+00:00,2023-11-16,0.011640985506317314,0.00884491858035257,0.006726671768149063,2.9833333333333334,2023-11-17 05:01:00+00:00,2023-11-16,0.009824640428518272,-0.06554185840847133,0.04896987399915065,2.9833333333333334
2023-11-18 08:00:00+00:00,0.001246068075090534,0.004883233490293221,-0.016050778532511096,0.009451568907439912,2023-11-19 08:00:00+00:00,0.005336496678076008,2023-11-18 05:01:00+00:00,2023-11-17,0.000304397597904682,0.019694520612323595,0.0120793515881622,2.9833333333333334,2023-11-18 05:01:00+00:00,2023-11-17,-0.005283676688166317,-0.01945884473587721,0.0053790047922761056,2.9833333333333334,2023-11-18 05:01:00+00:00,2023-11-17,-0.0013092135083780931,0.023966067088417985,0.006536988127980086,2.9833333333333334,2023-11-18 05:01:00+00:00,2023-11-17,-0.036988569369340585,-0.026458461539430007,0.04841082654949814,2.9833333333333334
2023-11-21 08:00:00+00:00,-0.0049488513368736164,0.0009510982223951093,0.016117699339683173,0.009787532653146629,2023-11-22 08:00:00+00:00,-0.022535193888611915,2023-11-21 05:01:00+00:00,2023-11-20,0.011867017683393044,0.034549429874093054,0.012195126040862177,2.9833333333333334,2023-11-21 05:01:00+00:00,2023-11-20,-0.003376900045100939,-0.020944698981030536,0.005291779562424329,2.9833333333333334,2023-11-21 05:01:00+00:00,2023-11-20,-0.002219371576175355,0.015316466656245536,0.006514454454479045,2.9833333333333334,2023-11-21 05:01:00+00:00,2023-11-20,-0.02866789486957222,-0.09592012187873925,0.04747178404080399,2.9833333333333334
2023-11-22 08:00:00+00:00,0.0016426852376927314,-0.022792717323715933,0.023965869648271073,0.010606160409388977,2023-11-23 08:00:00+00:00,0.02550562846118809,2023-11-22 05:01:00+00:00,2023-11-21,-0.005847167222857053,0.007632497693769392,0.012352800274704392,2.9833333333333334,2023-11-22 05:01:00+00:00,2023-11-21,0.0011590373035392787,-0.0050072736311741126,0.004988852729229038,2.9833333333333334,2023-11-22 05:01:00+00:00,2023-11-21,0.010698475495605209,0.01769153564350893,0.006949980234146698,2.9833333333333334,2023-11-22 05:01:00+00:00,2023-11-21,-0.004484312447328609,-0.05890470341931524,0.046074659783452376,2.9833333333333334
2023-11-23 08:00:00+00:00,0.0018620876988304502,0.025185244994437212,-0.0018190947349367632,0.009473693737812603,2023-11-24 08:00:00+00:00,0.004114883853609808,2023-11-23 05:01:00+00:00,2023-11-22,0.004244221841636531,0.011578900175432972,0.010316909968626456,2.9833333333333334,2023-11-23 05:01:00+00:00,2023-11-22,0.00318059002444393,-0.0045125248308723505,0.005020402619676649,2.9833333333333334,2023-11-23 05:01:00+00:00,2023-11-22,-0.0044061390651322085,0.0144047368522369,0.006960705756404203,2.9833333333333334,2023-11-23 05:01:00+00:00,2023-11-22,-0.03817257350502956,-0.09848870976275259,0.042221743804250186,2.9833333333333334
2023-11-25 08:00:00+00:00,0.00011640150065161947,0.007418780879063644,0.037332500546911784,0.008649423086951245,2023-11-26 08:00:00+00:00,-0.00033410577106229855,2023-11-25 05:01:00+00:00,2023-11-24,-0.0012118715045534856,0.009356598395523023,0.008742315002824231,2.9833333333333334,2023-11-25 05:01:00+00:00,2023-11-24,-0.005016377911116976,-0.009337327316401092,0.005067621836011815,2.9833333333333334,2023-11-25 05:01:00+00:00,2023-11-24,0.004854475440973616,0.009178312069875409,0.007041743295502715,2.9833333333333334,2023-11-25 05:01:00+00:00,2023-11-24,-0.0269216575662643,-0.10214507880385196,0.039171301242098576,2.9833333333333334
2023-11-28 08:00:00+00:00,-0.0006587218851805687,-0.004787858848393744,-0.004699879673651388,0.008441490497352683,2023-11-29 08:00:00+00:00,0.02672381243445976,2023-11-28 05:01:00+00:00,2023-11-27,-0.001254026147194054,0.007798174650423603,0.008899136781341263,2.9833333333333334,2023-11-28 05:01:00+00:00,2023-11-27,-0.0019361533552126886,-0.005989803983447495,0.005061016332541169,2.9833333333333334,2023-11-28 05:01:00+00:00,2023-11-27,0.004681995083159585,0.016079678729209606,0.007075388591897465,2.9833333333333334,2023-11-28 05:01:00+00:00,2023-11-27,0.018290768366989063,-0.0551864155672909,0.03873431359076313,2.9833333333333334
2023-11-29 08:00:00+00:00,0.004108522165621409,0.026372705740506586,0.04446554339057118,0.006564391627642642,2023-11-30 08:00:00+00:00,-0.007972344061296432,2023-11-29 05:01:00+00:00,2023-11-28,0.003030691499166238,-0.0010381515338021225,0.008841735110404541,2.9833333333333334,2023-11-29 05:01:00+00:00,2023-11-28,-0.00436997009982143,-0.006982874038167831,0.005067405654099079,2.9833333333333334,2023-11-29 05:01:00+00:00,2023-11-28,0.013621756089284176,0.019002959322888965,0.0075383103695552955,2.9833333333333334,2023-11-29 05:01:00+00:00,2023-11-28,0.0,-0.050702103119962205,0.03603773949529628,2.9833333333333334
2023-11-30 08:00:00+00:00,-0.006826069470159624,-0.008004030625446981,0.011276267770686995,0.005915110227464377,2023-12-01 08:00:00+00:00,0.011936079134273081,2023-11-30 05:01:00+00:00,2023-11-29,-0.001426968004007989,0.0033820476850472667,0.00897768427374753,2.9833333333333334,2023-11-30 05:01:00+00:00,2023-11-29,0.0001945955961080159,-0.007947315745598883,0.004840755386454829,2.9833333333333334,2023-11-30 05:01:00+00:00,2023-11-29,0.003474337682143336,0.02688343607016438,0.007476691784154103,2.9833333333333334,2023-11-30 05:01:00+00:00,2023-11-29,0.022595429549647772,0.010065899934715095,0.03469096480659123,2.9833333333333334
2023-12-01 08:00:00+00:00,0.00527036383016366,0.011865405959615799,0.019034965257975576,0.005755309486920497,2023-12-02 08:00:00+00:00,0.011986168839726252,2023-12-01 05:01:00+00:00,2023-11-30,-0.0024881119973354515,-0.003350286153924334,0.008638002934285186,2.9833333333333334,2023-12-01 05:01:00+00:00,2023-11-30,0.007078163732971099,-0.004049742037071501,0.005173127238280065,2.9833333333333334,2023-12-01 05:01:00+00:00,2023-11-30,-0.004406156206906431,0.022226408088655024,0.0075798116958646425,2.9833333333333334,2023-12-01 05:01:00+00:00,2023-11-30,-0.004633212921488106,0.009331327428884222,0.03156762635216939,2.9833333333333334
2023-12-02 08:00:00+00:00,-0.0020595027590015746,0.011914903617456696,0.023531087996368737,0.005415252224895917,2023-12-03 08:00:00+00:00,0.020056337475014452,2023-12-02 05:01:00+00:00,2023-12-01,0.0031121803422031746,0.0009737656928318361,0.00807645426093314,2.9833333333333334,2023-12-02 05:01:00+00:00,2023-12-01,-0.0022247275284890122,-0.0012580916544433322,0.00501085910108557,2.9833333333333334,2023-12-02 05:01:00+00:00,2023-12-01,0.025002502306460173,0.0423744349541406,0.009276631181019596,2.9833333333333334,2023-12-02 05:01:00+00:00,2023-12-01,-0.022701561992056085,0.013551423003092611,0.030360165069814957,2.9833333333333334
2023-12-05 08:00:00+00:00,-0.007245647866275462,0.0020947565244523497,0.11261320254719294,0.00718090655528897,2023-12-06 08:00:00+00:00,0.05203404931612421,2023-12-05 05:01:00+00:00,2023-12-04,-0.009919917780205623,-0.007692125940178734,0.008344168493697927,2.9833333333333334,2023-12-05 05:01:00+00:00,2023-12-04,0.0035764646278240164,0.004254526328593274,0.004643008021667639,2.9833333333333334,2023-12-05 05:01:00+00:00,2023-12-04,-0.022992857408092426,0.014699582462889327,0.010755925017235893,2.9833333333333334,2023-12-05 05:01:00+00:00,2023-12-04,0.03500940966665267,0.0302700643027565,0.031850076491547114,2.9833333333333334
2023-12-06 08:00:00+00:00,-0.0010795548725770487,0.050725480061821746,0.13696597686850812,0.008750388422306883,2023-12-07 08:00:00+00:00,0.0044665838232940125,2023-12-06 05:01:00+00:00,2023-12-05,0.002398688507204483,-0.008324128932140702,0.00833881080434396,2.9833333333333334,2023-12-06 05:01:00+00:00,2023-12-05,0.003948232364608728,0.012572728793023232,0.00472428249659145,2.9833333333333334,2023-12-06 05:01:00+00:00,2023-12-05,-0.0028931746765508137,-0.001815348302946715,0.01059961361783463,2.9833333333333334,2023-12-06 05:01:00+00:00,2023-12-05,-0.01774053468782366,0.01252952961493253,0.03194739799255824,2.9833333333333334
2023-12-07 08:00:00+00:00,-0.0009755059516329823,0.004456638241953535,0.14942664573590864,0.008556377561518282,2023-12-08 08:00:00+00:00,-0.016361312468938016,2023-12-07 05:01:00+00:00,2023-12-06,-0.005662924023969396,-0.012560084952102635,0.008353343327545197,2.9833333333333334,2023-12-07 05:01:00+00:00,2023-12-06,0.0009606001883950555,0.013338733385309737,0.004663536166370602,2.9833333333333334,2023-12-07 05:01:00+00:00,2023-12-06,0.005680430228461653,0.0003907442433722743,0.010389775176463724,2.9833333333333334,2023-12-07 05:01:00+00:00,2023-12-06,0.009295186987123838,-0.0007707129475914402,0.03186876171068266,2.9833333333333334
2023-12-08 08:00:00+00:00,-0.004622574536835344,-0.01649663682814182,0.12106460294815116,0.00927982040383203,2023-12-09 08:00:00+00:00,0.023495338114409847,2023-12-08 05:01:00+00:00,2023-12-07,0.014740062514670527,0.004668089559903377,0.008853836828106166,2.9833333333333334,2023-12-08 05:01:00+00:00,2023-12-07,-0.005874162041749287,0.0003864076105890458,0.004796236652427707,2.9833333333333334,2023-12-08 05:01:00+00:00,2023-12-07,-0.0007327260089500243,0.00406417444132854,0.010368594687757207,2.9833333333333334,2023-12-08 05:01:00+00:00,2023-12-07,0.006915125519932452,0.010777625493829336,0.02855557186261959,2.9833333333333334
2023-12-09 08:00:00+00:00,0.0009248230950067438,0.023223797607802833,0.1323734969384972,0.009170300117688188,2023-12-10 08:00:00+00:00,-0.004838591758617672,2023-12-09 05:01:00+00:00,2023-12-08,0.0038745397035029328,0.005430448921203489,0.008506397001360454,2.9833333333333334,2023-12-09 05:01:00+00:00,2023-12-08,0.004529048587731843,0.007140183726809787,0.0048734657566652335,2.9833333333333334,2023-12-09 05:01:00+00:00,2023-12-08,-0.015711138123425172,-0.03664946598855689,0.0103026841497111,2.9833333333333334,2023-12-09 05:01:00+00:00,2023-12-08,-0.05589806077429893,-0.022418873288413653,0.026286202258739996,2.9833333333333334
2023-12-12 08:00:00+00:00,0.004327003163439258,-0.005145594668190001,0.009306158521358441,0.010840487015519002,2023-12-13 08:00:00+00:00,-0.01910905219120229,2023-12-12 05:01:00+00:00,2023-12-11,0.008483815737344358,0.02383418243875307,0.00733598504118341,2.9833333333333334,2023-12-12 05:01:00+00:00,2023-12-11,0.0008648920593596898,0.004428611158345964,0.00488886433107957,2.9833333333333334,2023-12-12 05:01:00+00:00,2023-12-11,-0.010378841273831263,-0.024035449854295746,0.010598762921984823,2.9833333333333334,2023-12-12 05:01:00+00:00,2023-12-11,0.022418873288413632,-0.03500940966665286,0.02481225868148602,2.9833333333333334
2023-12-13 08:00:00+00:00,0.0069781548879923605,-0.019294471698619895,-0.06071379323908321,0.009449513511822499,2023-12-14 08:00:00+00:00,0.0433828980369344,2023-12-13 05:01:00+00:00,2023-12-12,0.008136072060491273,0.029571565992039302,0.0073450977525790105,2.9833333333333334,2023-12-13 05:01:00+00:00,2023-12-12,-0.00221181728088915,-0.0017314384871516377,0.004893024258381333,2.9833333333333334,2023-12-13 05:01:00+00:00,2023-12-12,-0.00025082144767551995,-0.021393096625419685,0.010463884418938526,2.9833333333333334,2023-12-13 05:01:00+00:00,2023-12-12,-0.045351901252959514,-0.06262077623178867,0.025100960632629177,2.9833333333333334
2023-12-14 08:00:00+00:00,0.004324591697013602,0.042468464079869796,-0.02270196740116691,0.010559101228234119,2023-12-15 08:00:00+00:00,-0.004638571826183435,2023-12-14 05:01:00+00:00,2023-12-13,0.0126454003688945,0.04787989038490354,0.006422051469199085,2.9833333333333334,2023-12-14 05:01:00+00:00,2023-12-13,-0.009674061839733739,-0.012366100515280599,0.0042146202267698074,2.9833333333333334,2023-12-14 05:01:00+00:00,2023-12-13,0.002054930008296374,-0.02501859684558586,0.010459319299171346,2.9833333333333334,2023-12-14 05:01:00+00:00,2023-12-13,0.009892908383740018,-0.06202305483517245,0.02533858562127159,2.9833333333333334
2023-12-15 08:00:00+00:00,-0.002244552232676611,-0.004649363385022354,-0.010854693958047473,0.010785857091438164,2023-12-16 08:00:00+00:00,-0.011178456950458271,2023-12-15 05:01:00+00:00,2023-12-14,-0.001482714157305054,0.03165711371292818,0.006463718063039203,2.9833333333333334,2023-12-15 05:01:00+00:00,2023-12-14,-0.008885511313846628,-0.015377449787377677,0.004522903488898339,2.9833333333333334,2023-12-15 05:01:00+00:00,2023-12-14,0.023552607546577953,-0.000733263290058145,0.011403653942739256,2.9833333333333334,2023-12-15 05:01:00+00:00,2023-12-14,0.0235114194481012,-0.0454267609070034,0.02600880233745543,2.9833333333333334
2023-12-16 08:00:00+00:00,-0.0026283045427373253,-0.011241405451379385,-0.045319897017229605,0.011148188800902587,2023-12-17 08:00:00+00:00,-0.007955915625421084,2023-12-16 05:01:00+00:00,2023-12-15,0.005163813501345871,0.03294638751077195,0.006489221573439022,2.9833333333333334,2023-12-16 05:01:00+00:00,2023-12-15,0.005769943748484607,-0.014136554626624902,0.004780422674276691,2.9833333333333334,2023-12-16 05:01:00+00:00,2023-12-15,-0.0045091843776834395,0.010468690455684354,0.01146636452516617,2.9833333333333334,2023-12-16 05:01:00+00:00,2023-12-15,-0.01615544022228521,-0.005684140354989807,0.025142079226072544,2.9833333333333334
2023-12-19 08:00:00+00:00,-0.0010692262227536276,0.04539968133282129,0.026366635496106433,0.009832046795661416,2023-12-20 08:00:00+00:00,-0.002601067892426201,2023-12-19 05:01:00+00:00,2023-12-18,0.0063773049368869295,0.030839876710312637,0.006526237953093094,2.9833333333333334,2023-12-19 05:01:00+00:00,2023-12-18,-0.0003901386425697595,-0.015391585328554747,0.004667032305874371,2.9833333333333334,2023-12-19 05:01:00+00:00,2023-12-18,0.0023551597587738726,0.023202691488289295,0.01143871808157144,2.9833333333333334,2023-12-19 05:01:00+00:00,2023-12-18,0.02254523832105626,-0.005557775322347179,0.025301653097696223,2.9833333333333334
2023-12-20 08:00:00+00:00,0.011822412685550177,-0.0026042241841607817,0.04305688301056566,0.009539292228280292,2023-12-21 08:00:00+00:00,0.01957542395052858,2023-12-20 05:01:00+00:00,2023-12-19,0.004892364616779332,0.027596169266601637,0.006190518696446713,2.9833333333333334,2023-12-20 05:01:00+00:00,2023-12-19,-0.003322300952864232,-0.016502069000530393,0.0046653596481968556,2.9833333333333334,2023-12-20 05:01:00+00:00,2023-12-19,0.0056688307893031364,0.029122343725267882,0.011279969626869744,2.9833333333333334,2023-12-20 05:01:00+00:00,2023-12-19,-0.0023913921320755094,0.037402733798536675,0.025300712705597847,2.9833333333333334
2023-12-21 08:00:00+00:00,0.0026341372729721257,0.01938651810650319,0.019974937037199096,0.009406298247822187,2023-12-22 08:00:00+00:00,-0.004115665463027107,2023-12-21 05:01:00+00:00,2023-12-20,-0.015446532476646624,-0.0004957635789393225,0.007159155806651018,2.9833333333333334,2023-12-21 05:01:00+00:00,2023-12-20,0.002346325164954699,-0.004481681995841467,0.00469679952352899,2.9833333333333334,2023-12-21 05:01:00+00:00,2023-12-20,-0.002146518425999666,0.024920895290971544,0.011231591961521624,2.9833333333333334,2023-12-21 05:01:00+00:00,2023-12-20,0.08707788182788123,0.11458770724267807,0.03103257529842984,2.9833333333333334
2023-12-22 08:00:00+00:00,-0.009672835728251172,-0.004124386619831013,0.02049991380239024,0.008721373485487455,2023-12-23 08:00:00+00:00,-0.0005061447486794934,2023-12-22 05:01:00+00:00,2023-12-21,0.01220311863736967,0.013190069215735959,0.007508396621116085,2.9833333333333334,2023-12-22 05:01:00+00:00,2023-12-21,-0.005581481556929724,-0.0011776522389247556,0.00473674621366406,2.9833333333333334,2023-12-22 05:01:00+00:00,2023-12-21,0.001756574082429907,0.003124861826824126,0.011228820512698136,2.9833333333333334,2023-12-22 05:01:00+00:00,2023-12-21,-0.0014641291048893557,0.08961215868968714,0.03100847248415543,2.9833333333333334
2023-12-23 08:00:00+00:00,0.0008242167221776953,-0.0005060433269593962,0.031235275926810316,0.008166202633473696,2023-12-24 08:00:00+00:00,0.002039836730421296,2023-12-23 05:01:00+00:00,2023-12-22,0.0011922081214592595,0.009218463835847691,0.007468212264026107,2.9833333333333334,2023-12-23 05:01:00+00:00,2023-12-22,-0.0013756452426481047,-0.008323241230056986,0.004643757140045639,2.9833333333333334,2023-12-23 05:01:00+00:00,2023-12-22,0.008640015011213364,0.016274061215720816,0.011321036429626336,2.9833333333333334,2023-12-23 05:01:00+00:00,2023-12-22,-0.0464851304942151,0.059282468417757264,0.03229120726537706,2.9833333333333334
2023-12-27 08:00:00+00:00,0.005223030420388852,-0.007469005430060715,-0.010972226986122971,0.007075882618003772,2023-12-28 08:00:00+00:00,0.013975704626597585,2023-12-27 05:01:00+00:00,2023-12-26,0.0060055423708540445,0.008846701269816865,0.007456221487729197,2.9833333333333334,2023-12-27 05:01:00+00:00,2023-12-26,-0.0022640727258833593,-0.010197175313370858,0.004648448926691144,2.9833333333333334,2023-12-27 05:01:00+00:00,2023-12-26,0.0003382305220105408,0.014257131978957435,0.01130091885366473,2.9833333333333334,2023-12-27 05:01:00+00:00,2023-12-26,-0.0030745604542454785,0.03366266964245552,0.0320848915981396,2.9833333333333334
2023-12-28 08:00:00+00:00,-0.00831025035472166,0.013878709408686143,-0.01648003568394009,0.006204024830678883,2023-12-29 08:00:00+00:00,-0.01802171795646701,2023-12-28 05:01:00+00:00,2023-12-27,0.001677645751735568,0.005631982404772671,0.007460073641232089,2.9833333333333334,2023-12-28 05:01:00+00:00,2023-12-27,-0.00474171943560453,-0.01161659379611097,0.0046640018974752505,2.9833333333333334,2023-12-28 05:01:00+00:00,2023-12-27,0.011194259444756938,0.019782560634411375,0.011175151526744496,2.9833333333333334,2023-12-28 05:01:00+00:00,2023-12-27,-0.04406692515988864,-0.008012863385357148,0.03364452649355518,2.9833333333333334
2023-12-29 08:00:00+00:00,-0.009981869555860001,-0.01818632347319964,-0.03054197253730862,0.006441513384918238,2023-12-30 08:00:00+00:00,-0.007716208911761058,2023-12-29 05:01:00+00:00,2023-12-28,-0.0004928271791833083,0.020585687702233908,0.007435602473627651,2.9833333333333334,2023-12-29 05:01:00+00:00,2023-12-28,0.00237370788653557,-0.011589211074530422,0.0047152021161868,2.9833333333333334,2023-12-29 05:01:00+00:00,2023-12-28,-0.004597095407066654,0.01733198365334487,0.011237488501973331,2.9833333333333334,2023-12-29 05:01:00+00:00,2023-12-28,0.0032128541693254853,-0.09187789104391303,0.03320430321035793,2.9833333333333334
2023-12-30 08:00:00+00:00,-0.0006112967103959477,-0.007745896328535939,-0.0377818255388852,0.006834751402841481,2023-12-31 08:00:00+00:00,0.014063884181908737,2023-12-30 05:01:00+00:00,2023-12-29,-0.004301996575902578,0.0040805724889624775,0.007513770335820086,2.9833333333333334,2023-12-30 05:01:00+00:00,2023-12-29,0.0009873467583290108,-0.005020382759271496,0.00436645685702699,2.9833333333333334,2023-12-30 05:01:00+00:00,2023-12-29,-0.005631353670533912,0.009944055900380099,0.0112711184210527,2.9833333333333334,2023-12-30 05:01:00+00:00,2023-12-29,-0.0016051367812286443,-0.09201889872025214,0.033198587753426524,2.9833333333333334
2024-01-03 08:00:00+00:00,-0.00555906169219611,-0.009810474263062594,0.05845976975407512,0.00811298366944645,2024-01-04 08:00:00+00:00,-0.04995782214296385,2024-01-03 05:01:00+00:00,2024-01-02,-0.016901291748149916,-0.014012927380646212,0.008693261414238079,2.9833333333333334,2024-01-03 05:01:00+00:00,2024-01-02,0.008549112378521073,0.004904374861897231,0.004852649115335761,2.9833333333333334,2024-01-03 05:01:00+00:00,2024-01-02,0.0007719065974658434,0.002075947486632626,0.009732140162968448,2.9833333333333334,2024-01-03 05:01:00+00:00,2024-01-02,0.0584962066816086,0.012962438455571417,0.03540625516043038,2.9833333333333334
2024-01-04 08:00:00+00:00,-0.007912846699438703,-0.05124889762885263,-0.006667837283463616,0.00966967686699581,2024-01-05 08:00:00+00:00,0.023721397055590954,2024-01-04 05:01:00+00:00,2024-01-03,-0.010661679029833948,-0.030680148781334148,0.008746768477193068,2.9833333333333334,2024-01-04 05:01:00+00:00,2024-01-03,0.0025408216666349404,0.009709269254416258,0.004811982118511712,2.9833333333333334,2024-01-04 05:01:00+00:00,2024-01-03,-0.01486828511340299,-0.01313056814878139,0.008870508887915995,2.9833333333333334,2024-01-04 05:01:00+00:00,2024-01-03,0.06169356900533973,0.07773056791515676,0.03716641220482985,2.9833333333333334
2024-01-05 08:00:00+00:00,0.007158453487193128,0.023444187982816254,0.03496267417255241,0.01022779370304163,2024-01-06 08:00:00+00:00,-0.002838902559032741,2024-01-05 05:01:00+00:00,2024-01-04,-0.005297356609201387,-0.03765515114227228,0.008880002148318876,2.9833333333333334,2024-01-05 05:01:00+00:00,2024-01-04,-0.000390481419092481,0.014060507270928429,0.004693796421868378,2.9833333333333334,2024-01-05 05:01:00+00:00,2024-01-04,0.003518353456416712,-0.020806474137120962,0.008875742291171971,2.9833333333333334,2024-01-05 05:01:00+00:00,2024-01-04,0.006389798098771493,0.12818729117381633,0.03682932570533021,2.9833333333333334
2024-01-06 08:00:00+00:00,-0.006345907487940394,-0.0028427114577886927,0.03986585904329964,0.010046518016463874,2024-01-07 08:00:00+00:00,0.009777061017290922,2024-01-06 05:01:00+00:00,2024-01-05,0.0014711375126719162,-0.035691186450415,0.00872940231818193,2.9833333333333334,2024-01-06 05:01:00+00:00,2024-01-05,-9.75883098623953e-05,0.011589211074530424,0.0046789715361316405,2.9833333333333334,2024-01-06 05:01:00+00:00,2024-01-05,-9.754191406941004e-05,-0.016306920644124347,0.008786186901160386,2.9833333333333334,2024-01-06 05:01:00+00:00,2024-01-05,-0.056783811850178,0.06819062515431334,0.039282195496023624,2.9833333333333334
2024-01-09 08:00:00+00:00,-0.0021642104916850258,0.06281708240428222,0.029693654499317847,0.011091956691643548,2024-01-10 08:00:00+00:00,-0.02279825189341178,2024-01-09 05:01:00+00:00,2024-01-08,0.0208704165289344,-0.010518773345579532,0.009303323320331451,2.9833333333333334,2024-01-09 05:01:00+00:00,2024-01-08,-0.001954888462972093,0.008646975853229136,0.004537061412232547,2.9833333333333334,2024-01-09 05:01:00+00:00,2024-01-08,-0.007983804871105171,-0.018659371844694437,0.008967756005375044,2.9833333333333334,2024-01-09 05:01:00+00:00,2024-01-08,-0.0204320388172059,0.04936372311833603,0.0395567241736465,2.9833333333333334
2024-01-10 08:00:00+00:00,-0.007817611238383648,-0.02306193714801207,0.016442191614368367,0.011386430663693246,2024-01-11 08:00:00+00:00,0.0075051389943350255,2024-01-10 05:01:00+00:00,2024-01-09,0.0017300524285968066,0.008112570831167858,0.009291967416134101,2.9833333333333334,2024-01-10 05:01:00+00:00,2024-01-09,0.0035159779603590735,0.0036138414350669946,0.00448155491076835,2.9833333333333334,2024-01-10 05:01:00+00:00,2024-01-09,-0.00024591171893195707,-0.01967719016109327,0.00820472915574174,2.9833333333333334,2024-01-10 05:01:00+00:00,2024-01-09,-0.024769068112408643,-0.03390155167568134,0.03781231595502362,2.9833333333333334
2024-01-11 08:00:00+00:00,-0.008655444822332825,0.007477115564486342,0.0751682048077072,0.010334732306245079,2024-01-12 08:00:00+00:00,-0.0020218474927008456,2024-01-11 05:01:00+00:00,2024-01-10,0.006832747459489141,0.025606997320490446,0.009236754481109683,2.9833333333333334,2024-01-11 05:01:00+00:00,2024-01-10,-0.0020494720896451213,-0.0009764523212133229,0.004475470522947768,2.9833333333333334,2024-01-11 05:01:00+00:00,2024-01-10,-0.0025610490305085776,-0.007369954078197979,0.007839408275940934,2.9833333333333334,2024-01-11 05:01:00+00:00,2024-01-10,-0.005500996190347607,-0.10109611687136875,0.03751877897892246,2.9833333333333334
2024-01-12 08:00:00+00:00,0.00030847092036800916,-0.0020238941855418888,0.04970012263934909,0.010139398931386998,2024-01-13 08:00:00+00:00,-0.06314571383920997,2024-01-12 05:01:00+00:00,2024-01-11,0.0016570272030751454,0.03256138113276801,0.009113068687952405,2.9833333333333334,2024-01-12 05:01:00+00:00,2024-01-11,-0.000684091835155165,-0.0012700627372753243,0.0044638970804272374,2.9833333333333334,2024-01-12 05:01:00+00:00,2024-01-11,-0.004250116432860551,-0.015138423967476231,0.007919507910471883,2.9833333333333334,2024-01-12 05:01:00+00:00,2024-01-11,-0.01989719441526283,-0.12738310938540273,0.036302935341636894,2.9833333333333334
2024-01-13 08:00:00+00:00,0.011504344857641513,-0.06522751987118516,-0.012684685774047489,0.012107429584763893,2024-01-14 08:00:00+00:00,-0.002123519562573062,2024-01-13 05:01:00+00:00,2024-01-12,0.0007143041502839509,0.031804547770378555,0.008720714377612074,2.9833333333333334,2024-01-13 05:01:00+00:00,2024-01-12,0.0010748020873414532,-9.76723400718909e-05,0.003952801020498653,2.9833333333333334,2024-01-13 05:01:00+00:00,2024-01-12,0.015918654950178635,0.0008777728967722497,0.008624496335440775,2.9833333333333334,2024-01-13 05:01:00+00:00,2024-01-12,0.020684906153512372,-0.049914391381712955,0.036513693253395194,2.9833333333333334
2024-01-17 08:00:00+00:00,-0.004515770154942089,-0.0031643007256422144,-0.07019966534689394,0.011181611925387263,2024-01-18 08:00:00+00:00,0.006080511628506757,2024-01-17 05:01:00+00:00,2024-01-16,-0.00013123862885677795,0.010802892612587465,0.008707238215495856,2.9833333333333334,2024-01-17 05:01:00+00:00,2024-01-16,0.009331318432827196,0.011188534555727778,0.003951939977699893,2.9833333333333334,2024-01-17 05:01:00+00:00,2024-01-16,-0.010485737815719709,-0.0016241600478428318,0.007261489168519915,2.9833333333333334,2024-01-17 05:01:00+00:00,2024-01-16,0.04356539775729251,0.08124767227287978,0.03810109850315195,2.9833333333333334
2024-01-18 08:00:00+00:00,0.007561488618245349,0.006062567365974095,-0.07161421354540608,0.010702840441984445,2024-01-19 08:00:00+00:00,-0.03800647414489744,2024-01-18 05:01:00+00:00,2024-01-17,-0.00562647345416778,0.003446366729822989,0.008761809352144207,2.9833333333333334,2024-01-18 05:01:00+00:00,2024-01-17,0.0008703287523221803,0.008542885347691074,0.0037674891120832933,2.9833333333333334,2024-01-18 05:01:00+00:00,2024-01-17,-0.011742375592465493,-0.013120623921375193,0.0076487752497801575,2.9833333333333334,2024-01-18 05:01:00+00:00,2024-01-17,0.06638832653318483,0.15313699499641215,0.04030206194858146,2.9833333333333334
2024-01-19 08:00:00+00:00,0.0055472492787629335,-0.03874803345951502,-0.1083383528193792,0.011717938582557425,2024-01-20 08:00:00+00:00,0.008882077576296554,2024-01-19 05:01:00+00:00,2024-01-18,0.014592204999685165,0.01120582427001902,0.009239355214697431,2.9833333333333334,2024-01-19 05:01:00+00:00,2024-01-18,0.0008696456242951456,0.011462003061631105,0.003763463204965798,2.9833333333333334,2024-01-19 05:01:00+00:00,2024-01-18,0.007497354290409319,-0.0030622206004582157,0.007841664269615184,2.9833333333333334,2024-01-19 05:01:00+00:00,2024-01-18,-0.04565108002627216,0.12738310938540282,0.04202293293317027,2.9833333333333334
2024-01-20 08:00:00+00:00,0.00039142421278270945,0.00884310617625921,-0.03426772677193473,0.010601215903317814,2024-01-21 08:00:00+00:00,-5.8822187729123954e-05,2024-01-20 05:01:00+00:00,2024-01-19,0.019344441661830913,0.02889323872877556,0.010105050246430484,2.9833333333333334,2024-01-20 05:01:00+00:00,2024-01-19,-0.002417445433811949,0.009728649462973894,0.0037202874028711983,2.9833333333333334,2024-01-20 05:01:00+00:00,2024-01-19,0.0038016650471028868,0.004989560879505901,0.007775628115661838,2.9833333333333334,2024-01-20 05:01:00+00:00,2024-01-19,-0.06053616146872809,0.046162041763162624,0.039946759518994186,2.9833333333333334
2024-01-23 08:00:00+00:00,-0.005526180627610344,-0.031273079318304045,-0.07296656469347461,0.009158288207245973,2024-01-24 08:00:00+00:00,0.005054800137053617,2024-01-23 05:01:00+00:00,2024-01-22,0.0009456575750181884,0.029124592153509977,0.009292747265603503,2.9833333333333334,2024-01-23 05:01:00+00:00,2024-01-22,0.00038719306451806546,0.009041040440150385,0.003696078572097362,2.9833333333333334,2024-01-23 05:01:00+00:00,2024-01-22,-0.003504926533226538,-0.014434020603899115,0.007796134147461587,2.9833333333333334,2024-01-23 05:01:00+00:00,2024-01-22,-0.008305068498485113,-0.004538585703008073,0.03997686674274104,2.9833333333333334
2024-01-24 08:00:00+00:00,0.009224001197351228,0.005042318906597602,-0.06475994506123474,0.01044088163777207,2024-01-25 08:00:00+00:00,0.0037245107624630513,2024-01-24 05:01:00+00:00,2024-01-23,0.004251104474993994,0.03350693525736049,0.009012216754532926,2.9833333333333334,2024-01-24 05:01:00+00:00,2024-01-23,0.0028026199462152235,0.0025123419535387033,0.0034431305607569287,2.9833333333333334,2024-01-24 05:01:00+00:00,2024-01-23,0.0017787048445718767,-0.002169577943607839,0.0077964917604833595,2.9833333333333334,2024-01-24 05:01:00+00:00,2024-01-23,-0.049738301151430075,-0.09784228461173054,0.04017474832439334,2.9833333333333334
2024-01-25 08:00:00+00:00,0.002944525230898165,0.0037175919464015957,-0.06710492048080728,0.010463403607034039,2024-01-26 08:00:00+00:00,-0.0039870421131322775,2024-01-25 05:01:00+00:00,2024-01-24,0.005448739930494995,0.044582148642023575,0.0090449820073488,2.9833333333333334,2024-01-25 05:01:00+00:00,2024-01-24,-0.003674033734409221,-0.002032020533192629,0.003558328505793362,2.9833333333333334,2024-01-25 05:01:00+00:00,2024-01-24,-0.004849358164569217,0.004723439484287783,0.0075317388702161306,2.9833333333333334,2024-01-25 05:01:00+00:00,2024-01-24,0.045940347478671484,-0.1182902636662439,0.04156865494854608,2.9833333333333334
2024-01-26 08:00:00+00:00,-0.0024371085075802768,-0.003995261743265313,-0.03235214876455759,0.008594934512379653,2024-01-27 08:00:00+00:00,0.043536402301726396,2024-01-26 05:01:00+00:00,2024-01-25,0.0010103557011174047,0.031000299343455696,0.009000505183103519,2.9833333333333334,2024-01-26 05:01:00+00:00,2024-01-25,0.003191355495697046,0.0002896893382092416,0.003523932953552169,2.9833333333333334,2024-01-26 05:01:00+00:00,2024-01-25,0.0008924829817136271,-0.0018814318244076511,0.007539099671181043,2.9833333333333334,2024-01-26 05:01:00+00:00,2024-01-25,0.023318092991383654,-0.049321090648588105,0.04047646813193336,2.9833333333333334
2024-01-27 08:00:00+00:00,-0.0025111012696417134,0.0426153421768911,0.0014200872360743072,0.009455431776596843,2024-01-28 08:00:00+00:00,0.01627109948058192,2024-01-27 05:01:00+00:00,2024-01-26,-0.00549434485107092,0.006161512830553977,0.009149650461593783,2.9833333333333334,2024-01-27 05:01:00+00:00,2024-01-26,-0.0009659822397098949,0.0017411525323107468,0.003292303323394599,2.9833333333333334,2024-01-27 05:01:00+00:00,2024-01-26,-0.00024782532797651413,-0.005930922199486809,0.006954789794142678,2.9833333333333334,2024-01-27 05:01:00+00:00,2024-01-26,-0.014227121290131706,-0.003012050469991721,0.040680376976165916,2.9833333333333334
2024-01-30 08:00:00+00:00,-0.0037169423842300375,0.03055533050798551,0.08613272311248897,0.008816110700692412,2024-01-31 08:00:00+00:00,-0.007108914014959944,2024-01-30 05:01:00+00:00,2024-01-29,0.01000998550189891,0.015225840757434005,0.009329015256687334,2.9833333333333334,2024-01-30 05:01:00+00:00,2024-01-29,0.0013521287400042326,0.002706088207797255,0.003281253934631405,2.9833333333333334,2024-01-30 05:01:00+00:00,2024-01-29,0.004007216107133615,0.0015812204408737665,0.007041134003754415,2.9833333333333334,2024-01-30 05:01:00+00:00,2024-01-29,0.025317807984289953,0.030610826012783157,0.04096196152682516,2.9833333333333334
2024-01-31 08:00:00+00:00,0.0027899503652317748,-0.007134533376565171,0.07395587082932623,0.0075507429330834135,2024-02-01 08:00:00+00:00,-0.019973514524154634,2024-01-31 05:01:00+00:00,2024-01-30,-0.006817730073487738,0.00415700620895366,0.009435145447944594,2.9833333333333334,2024-01-31 05:01:00+00:00,2024-01-30,-0.002028879323138,-0.0021254110615565045,0.003358115421128741,2.9833333333333334,2024-01-31 05:01:00+00:00,2024-01-30,0.0030072124756514995,0.0028097280719527797,0.007033772972528444,2.9833333333333334,2024-01-31 05:01:00+00:00,2024-01-30,-0.02155416033498625,0.05879496682922745,0.03927592972940354,2.9833333333333334
2024-02-01 08:00:00+00:00,0.004144850571163872,-0.020175444664833984,0.05006283421809065,0.008733258863993319,2024-02-02 08:00:00+00:00,0.021254961169846487,2024-02-01 05:01:00+00:00,2024-01-31,-0.01961530401057665,-0.020907037732118564,0.009734514743706407,2.9833333333333334,2024-02-01 05:01:00+00:00,2024-01-31,-0.0012580916544440157,0.0002905310184095654,0.002881710154188571,2.9833333333333334,2024-02-01 05:01:00+00:00,2024-01-31,0.008284516486208204,0.015943602722730398,0.007326871943345136,2.9833333333333334,2024-02-01 05:01:00+00:00,2024-01-31,0.0752343097986099,0.08808892914916568,0.04048591347193691,2.9833333333333334
2024-02-02 08:00:00+00:00,0.0011527547444174502,0.02103175600767484,0.07508985196903092,0.008996541839132703,2024-02-03 08:00:00+00:00,-0.0007856216158507179,2024-02-02 05:01:00+00:00,2024-02-01,0.012033727775319747,-0.009883665657915756,0.009530766778127432,2.9833333333333334,2024-02-02 05:01:00+00:00,2024-02-01,-0.0021325482261262962,-0.005033372703413827,0.002898713038911115,2.9833333333333334,2024-02-02 05:01:00+00:00,2024-02-01,0.011020961319990086,0.026072081061007155,0.006951965581266974,2.9833333333333334,2024-02-02 05:01:00+00:00,2024-02-01,-0.033300987126971826,0.031469849030810494,0.04117939940339304,2.9833333333333334
2024-02-03 08:00:00+00:00,-0.0028039962709378585,-0.0007856982891059317,0.031688811503033806,0.007208632760390219,2024-02-04 08:00:00+00:00,-0.004831713432614015,2024-02-03 05:01:00+00:00,2024-02-02,0.017036212260746808,0.012646891453900105,0.009824054181141855,2.9833333333333334,2024-02-03 05:01:00+00:00,2024-02-02,0.008407017791687288,0.004339627327983448,0.0034124576247982893,2.9833333333333334,2024-02-03 05:01:00+00:00,2024-02-02,-0.008436893663618328,0.01788301272536514,0.007205156219186126,2.9833333333333334,2024-02-03 05:01:00+00:00,2024-02-02,-0.0021637224453106008,0.04353324787563112,0.03903286881377122,2.9833333333333334
2024-02-06 08:00:00+00:00,0.0009071495031260923,-0.004231649456903038,-0.010858298009526078,0.006873908547906448,2024-02-07 08:00:00+00:00,0.0006535324442835666,2024-02-06 05:01:00+00:00,2024-02-05,-0.0016843435082751768,0.0009525624437281544,0.009892130125330243,2.9833333333333334,2024-02-06 05:01:00+00:00,2024-02-05,0.005087104042675428,0.008074602630654824,0.0035410324975706795,2.9833333333333334,2024-02-06 05:01:00+00:00,2024-02-05,-0.005272641626064889,0.008603154992165905,0.007304492443675615,2.9833333333333334,2024-02-06 05:01:00+00:00,2024-02-05,-0.013081581897489425,0.00513385799385185,0.038846298637965654,2.9833333333333334
2024-02-07 08:00:00+00:00,0.0027539147737165592,0.0006533188326777731,-0.0030704458002831186,0.006733172204817675,2024-02-08 08:00:00+00:00,0.03716923567303443,2024-02-07 05:01:00+00:00,2024-02-06,-0.002291188279833989,0.0054791042373807325,0.009121046324019137,2.9833333333333334,2024-02-07 05:01:00+00:00,2024-02-06,-0.0025882835388131298,0.007515198414980054,0.0035714230343647574,2.9833333333333334,2024-02-07 05:01:00+00:00,2024-02-06,0.004152060324328133,0.009748002840843529,0.007122917607372453,2.9833333333333334,2024-02-07 05:01:00+00:00,2024-02-06,-0.04564952688757318,-0.01896150855873524,0.039876361196902785,2.9833333333333334
2024-02-08 08:00:00+00:00,-0.000623215784319342,0.036494655647910525,0.05359965451246142,0.005822058729919999,2024-02-09 08:00:00+00:00,0.03793836666610506,2024-02-08 05:01:00+00:00,2024-02-07,0.010322831249352404,0.03541723949730931,0.009274179363423214,2.9833333333333334,2024-02-08 05:01:00+00:00,2024-02-07,-0.0013447258661436479,0.007428564203279094,0.0035532820866519686,2.9833333333333334,2024-02-08 05:01:00+00:00,2024-02-07,0.00014625470467244384,0.0016097410593081639,0.007121474874412228,2.9833333333333334,2024-02-08 05:01:00+00:00,2024-02-07,-0.01776794522073999,-0.111963763578085,0.040078069507835754,2.9833333333333334
2024-02-09 08:00:00+00:00,0.003062126929645359,0.03723641418461898,0.06980431268940544,0.00612931286649513,2024-02-10 08:00:00+00:00,0.02055559920445016,2024-02-09 05:01:00+00:00,2024-02-08,0.0015813734751919384,0.024964885197181184,0.009238006538890727,2.9833333333333334,2024-02-09 05:01:00+00:00,2024-02-08,0.0010567329775481582,0.010617845406954277,0.0034936352956838226,2.9833333333333334,2024-02-09 05:01:00+00:00,2024-02-08,-0.0018538042095199714,-0.011265024470202226,0.007107437642031081,2.9833333333333334,2024-02-09 05:01:00+00:00,2024-02-08,-0.003122563036793924,-0.08178533948790723,0.03980224745231108,2.9833333333333334
2024-02-10 08:00:00+00:00,-0.0047583703331781635,0.02034740054143095,0.0909374115199422,0.007024227782367054,2024-02-11 08:00:00+00:00,0.02179750812907777,2024-02-10 05:01:00+00:00,2024-02-09,0.010028749638426149,0.017957422574863085,0.009369156989481911,2.9833333333333334,2024-02-10 05:01:00+00:00,2024-02-09,-0.0006723305607501118,0.0015384970545164172,0.0034933614809402993,2.9833333333333334,2024-02-10 05:01:00+00:00,2024-02-09,-0.004502563911302104,-0.007330694717886909,0.007116523144355938,2.9833333333333334,2024-02-10 05:01:00+00:00,2024-02-09,0.01088657719301489,-0.06873503984958133,0.0396120648566116,2.9833333333333334
2024-02-13 08:00:00+00:00,0.0038707884150994687,0.036243157963896426,0.15304604969683927,0.009340254114770772,2024-02-14 08:00:00+00:00,-0.002884175428129687,2024-02-13 05:01:00+00:00,2024-02-12,-0.004449712660166583,0.015192053422968286,0.00951371243571791,2.9833333333333334,2024-02-13 05:01:00+00:00,2024-02-12,0.0008643106217824936,-0.0026842963663760103,0.003493020795888766,2.9833333333333334,2024-02-13 05:01:00+00:00,2024-02-12,-0.002799791224128434,-0.004857844315950034,0.0061437156307529795,2.9833333333333334,2024-02-13 05:01:00+00:00,2024-02-12,0.0744945950079483,0.0188411370558561,0.041962470595874594,2.9833333333333334
2024-02-14 08:00:00+00:00,0.006447847033399512,-0.002888342676725945,0.1495043881874355,0.010311648270951124,2024-02-15 08:00:00+00:00,0.03887864366269489,2024-02-14 05:01:00+00:00,2024-02-13,-0.015908776035807648,0.0015744656669950975,0.010401860786042562,2.9833333333333334,2024-02-14 05:01:00+00:00,2024-02-13,0.0075551540543532525,0.007459141226789835,0.003282454894610446,2.9833333333333334,2024-02-14 05:01:00+00:00,2024-02-13,-0.012771842902622232,-0.02178174754289977,0.0063576952346658736,2.9833333333333334,2024-02-14 05:01:00+00:00,2024-02-13,0.1291247125315751,0.19361537647500462,0.04996691368595363,2.9833333333333334
2024-02-15 08:00:00+00:00,-0.010885823613303813,0.0381420973381182,0.15115182987764314,0.011332384014509771,2024-02-16 08:00:00+00:00,-0.0008613929844756285,2024-02-15 05:01:00+00:00,2024-02-14,0.011704304440426583,0.002955938858071671,0.010434235826702741,2.9833333333333334,2024-02-15 05:01:00+00:00,2024-02-14,-0.0022891832146747504,0.0065146838782596805,0.0033525549270244804,2.9833333333333334,2024-02-15 05:01:00+00:00,2024-02-14,-0.0014457947644990199,-0.023373797012071984,0.005797562786909875,2.9833333333333334,2024-02-15 05:01:00+00:00,2024-02-14,-0.09733114803038889,0.11405217366535556,0.05300597745621527,2.9833333333333334
2024-02-16 08:00:00+00:00,-0.010542318438941933,-0.0008621506379924209,0.1130532650550317,0.01132714585410518,2024-02-17 08:00:00+00:00,0.0034667130596148787,2024-02-16 05:01:00+00:00,2024-02-15,0.00213667756729663,0.0035112429501753706,0.010077992232839126,2.9833333333333334,2024-02-16 05:01:00+00:00,2024-02-15,-0.004018741992323882,0.0014392089083866625,0.003507261233182954,2.9833333333333334,2024-02-16 05:01:00+00:00,2024-02-15,0.005274681513256496,-0.016245311289295895,0.005664961795908037,2.9833333333333334,2024-02-16 05:01:00+00:00,2024-02-15,-0.026066991943984874,0.09110774475816427,0.0523220724333318,2.9833333333333334
2024-02-17 08:00:00+00:00,-0.0011055056147046827,0.0034607185294690127,0.09616658304306991,0.010965973573380867,2024-02-18 08:00:00+00:00,-0.004627890553393521,2024-02-17 05:01:00+00:00,2024-02-16,-0.008991481145649516,-0.015508987833901831,0.00956080643065833,2.9833333333333334,2024-02-17 05:01:00+00:00,2024-02-16,-0.00019181390686195954,0.00191972556227533,0.0034491351873156607,2.9833333333333334,2024-02-17 05:01:00+00:00,2024-02-16,0.004555566765318986,-0.007187180612673619,0.005695180028590606,2.9833333333333334,2024-02-17 05:01:00+00:00,2024-02-16,0.016283545634914187,0.0965047132000637,0.05046383171966082,2.9833333333333334
2024-02-21 08:00:00+00:00,-0.008368251286485773,-0.0052344272652163504,0.03411733024456001,0.008245965832457127,2024-02-22 08:00:00+00:00,0.005022238321584549,2024-02-21 05:01:00+00:00,2024-02-20,-0.007940581087144238,-0.018999856260877045,0.00977071619644617,2.9833333333333334,2024-02-21 05:01:00+00:00,2024-02-20,-0.0019197255622751541,-0.0008643106217831718,0.003490619320742327,2.9833333333333334,2024-02-21 05:01:00+00:00,2024-02-20,0.007726642514318982,0.003339253125773015,0.005894945657978442,2.9833333333333334,2024-02-21 05:01:00+00:00,2024-02-20,0.04713783352183709,-0.027504132188106153,0.049858464543293145,2.9833333333333334
2024-02-22 08:00:00+00:00,0.0046711483895691686,0.005009668949394209,0.0009849018558360618,0.006756813111634538,2024-02-23 08:00:00+00:00,-0.01759061720553301,2024-02-22 05:01:00+00:00,2024-02-21,-0.003836660488801158,-0.0069277407138714706,0.009779822226889973,2.9833333333333334,2024-02-22 05:01:00+00:00,2024-02-21,-0.0006727828932673319,-0.009092247569403503,0.0034489626136216434,2.9833333333333334,2024-02-22 05:01:00+00:00,2024-02-21,-0.0026999843937929313,0.013411111634601637,0.005926131378993954,2.9833333333333334,2024-02-22 05:01:00+00:00,2024-02-21,-0.005201572196073201,0.06462544364620951,0.04924186816045097,2.9833333333333334
2024-02-23 08:00:00+00:00,-0.0036080668094466972,-0.017746974342644738,-0.015899921848816063,0.006220951778928872,2024-02-24 08:00:00+00:00,0.0030000422264535587,2024-02-23 05:01:00+00:00,2024-02-22,0.02963777128920242,0.011005726134902347,0.011757074079443583,2.9833333333333334,2024-02-23 05:01:00+00:00,2024-02-22,-0.0004808679369903146,-0.007283932291718505,0.0033327311643458718,2.9833333333333334,2024-02-23 05:01:00+00:00,2024-02-22,-0.0017712662226276876,0.013085640176473273,0.005826979807595938,2.9833333333333334,2024-02-23 05:01:00+00:00,2024-02-22,-0.05356032383373677,0.03713211175645759,0.050933408323361226,2.9833333333333334
2024-02-24 08:00:00+00:00,0.004292252554177978,0.002995354677860184,-0.016365285700424916,0.006150415497793621,2024-02-25 08:00:00+00:00,0.012739309988309966,2024-02-24 05:01:00+00:00,2024-02-23,-0.0037332004700285637,0.005135848097578312,0.011813559822813412,2.9833333333333334,2024-02-24 05:01:00+00:00,2024-02-23,-0.00019236789784748964,-0.0034575581972424905,0.003265983010663444,2.9833333333333334,2024-02-24 05:01:00+00:00,2024-02-23,0.009166482576775437,0.01697744123999274,0.006151225329331251,2.9833333333333334,2024-02-24 05:01:00+00:00,2024-02-23,-0.05586464799279289,-0.03501608187124945,0.05253883331010863,2.9833333333333334
2024-02-27 08:00:00+00:00,0.0070078445385988175,0.08884677508426013,0.07825797155507482,0.009427342628478854,2024-02-28 08:00:00+00:00,0.03892321477212701,2024-02-27 05:01:00+00:00,2024-02-26,-0.00023859407980708625,0.013888735163422013,0.01171517384324982,2.9833333333333334,2024-02-27 05:01:00+00:00,2024-02-26,-0.0010588691184230115,-0.004324613408803046,0.0032677614325737746,2.9833333333333334,2024-02-27 05:01:00+00:00,2024-02-26,-0.005136561017412333,0.007285313457261698,0.00628966755223576,2.9833333333333334,2024-02-27 05:01:00+00:00,2024-02-26,-0.0007275373183772693,-0.0682162478191429,0.052247579314904605,2.9833333333333334
2024-02-28 08:00:00+00:00,0.0230077665131887,0.038185156458950285,0.12167755527924153,0.009642527356102337,2024-02-29 08:00:00+00:00,0.07668263076807125,2024-02-28 05:01:00+00:00,2024-02-27,0.0021011762966001157,0.023930492547164586,0.011543216908712964,2.9833333333333334,2024-02-28 05:01:00+00:00,2024-02-27,0.0,-0.0024048878465277083,0.0032560631086458484,2.9833333333333334,2024-02-28 05:01:00+00:00,2024-02-27,0.0025471241651953136,0.0021057951081384775,0.006255595269507117,2.9833333333333334,2024-02-28 05:01:00+00:00,2024-02-27,-0.022820276259056804,-0.1381743576000372,0.05227648211358375,2.9833333333333334
2024-02-29 08:00:00+00:00,0.018441881492366363,0.07388450409522884,0.19055239042507602,0.011323951685526709,2024-03-01 08:00:00+00:00,-0.020303419848160864,2024-02-29 05:01:00+00:00,2024-02-28,-0.005387057118143801,0.022380095917823216,0.011496206916530647,2.9833333333333334,2024-02-29 05:01:00+00:00,2024-02-28,0.0014436412895015849,-0.00028846366375902667,0.0032286974905364305,2.9833333333333334,2024-02-29 05:01:00+00:00,2024-02-28,-0.0006851446089459756,0.004120634892985422,0.006230885724164498,2.9833333333333334,2024-02-29 05:01:00+00:00,2024-02-28,0.030071939654377378,-0.10290084574958666,0.049792439817198185,2.9833333333333334
2024-03-01 08:00:00+00:00,0.005354839643331388,-0.020512367347198038,0.1877869974205227,0.011768729148684584,2024-03-02 08:00:00+00:00,0.009406029234625857,2024-03-01 05:01:00+00:00,2024-02-29,0.009429768689434681,0.0021720933180560237,0.010532415243808704,2.9833333333333334,2024-03-01 05:01:00+00:00,2024-02-29,0.0017296083787732286,0.0019220126520039368,0.0032229153752368622,2.9833333333333334,2024-03-01 05:01:00+00:00,2024-02-29,0.005857389854543094,0.011749290970155733,0.006088688784705846,2.9833333333333334,2024-03-01 05:01:00+00:00,2024-02-29,-0.03230824323265802,-0.08164876514850754,0.04975987825637839,2.9833333333333334
2024-03-02 08:00:00+00:00,-0.004755505493974965,0.009362067993788532,0.19415371073645088,0.011972734414508534,2024-03-03 08:00:00+00:00,-0.006673563198001609,2024-03-02 05:01:00+00:00,2024-03-01,0.014255187285634463,0.020160481073719653,0.010648461261010845,2.9833333333333334,2024-03-02 05:01:00+00:00,2024-03-01,-0.0028843693259101855,-0.0007699887760578378,0.0032585532138689065,2.9833333333333334,2024-03-02 05:01:00+00:00,2024-03-01,0.01975777501884579,0.022340583412226365,0.007133239517900878,2.9833333333333334,2024-03-02 05:01:00+00:00,2024-03-01,-0.02187940918125708,-0.04766352633697184,0.04996317999905518,2.9833333333333334
2024-03-05 08:00:00+00:00,-0.02956483333061044,0.03169357838907121,0.1652109232352265,0.011724335612326532,2024-03-06 08:00:00+00:00,0.008268909372559863,2024-03-05 05:01:00+00:00,2024-03-04,-0.004184564687209402,0.016214510466316577,0.010191007734640286,2.9833333333333334,2024-03-05 05:01:00+00:00,2024-03-04,-0.000288880342364628,0.0,0.002657444787938411,2.9833333333333334,2024-03-05 05:01:00+00:00,2024-03-04,0.014495799849846946,0.04197294427948526,0.007442242235458817,2.9833333333333334,2024-03-05 05:01:00+00:00,2024-03-04,0.028573372444055778,-0.018362616574538717,0.05037613674125958,2.9833333333333334
2024-03-06 08:00:00+00:00,0.05254800753551869,0.008234909242198673,0.13526067601847475,0.019969611923464768,2024-03-07 08:00:00+00:00,-0.004329713965018578,2024-03-06 05:01:00+00:00,2024-03-05,-0.01819384411132141,-0.004080509941604957,0.011101370477175524,2.9833333333333334,2024-03-06 05:01:00+00:00,2024-03-05,-0.0002889638183320997,-0.00028896381833204253,0.0023672350395130804,2.9833333333333334,2024-03-06 05:01:00+00:00,2024-03-05,0.007309837007266395,0.046735657121555786,0.007349749144762167,2.9833333333333334,2024-03-06 05:01:00+00:00,2024-03-05,0.06943754651095446,0.07389520619547241,0.0515268644471241,2.9833333333333334
2024-03-07 08:00:00+00:00,0.008174730196838453,-0.004338963690098085,0.05703720823314785,0.018962154733439218,2024-03-08 08:00:00+00:00,0.012581383589176154,2024-03-07 05:01:00+00:00,2024-03-06,0.006665746927376759,0.007972294103915346,0.01115057357607394,2.9833333333333334,2024-03-07 05:01:00+00:00,2024-03-06,-0.004151188981360576,-0.005883794089194311,0.0024698989992546633,2.9833333333333334,2024-03-07 05:01:00+00:00,2024-03-06,0.007581278321351803,0.055002080051853676,0.007433132073070081,2.9833333333333334,2024-03-07 05:01:00+00:00,2024-03-06,0.002762432695909922,0.046585699237005146,0.051251253456488954,2.9833333333333334
2024-03-08 08:00:00+00:00,0.0009961370563402738,0.012502744991715208,0.09005232057206117,0.01873653302705414,2024-03-09 08:00:00+00:00,0.015852010219118418,2024-03-08 05:01:00+00:00,2024-03-07,0.015443820293372212,0.013986345707853154,0.011425290563748669,2.9833333333333334,2024-03-08 05:01:00+00:00,2024-03-07,-0.005334927491491115,-0.0129483299594586,0.0027013661343812338,2.9833333333333334,2024-03-08 05:01:00+00:00,2024-03-07,0.0032381950663333825,0.05238288526364441,0.007412904352426368,2.9833333333333334,2024-03-08 05:01:00+00:00,2024-03-07,-0.004146515961848785,0.07474742650781441,0.05126148074132774,2.9833333333333334
2024-03-09 08:00:00+00:00,0.0006049687600224729,0.01572767931380264,0.09641793189207525,0.01878527996949928,2024-03-10 08:00:00+00:00,0.015500674782804369,2024-03-09 05:01:00+00:00,2024-03-08,-0.015395040974146568,-0.015663882551929107,0.012033807145558939,2.9833333333333334,2024-03-09 05:01:00+00:00,2024-03-08,-0.0007783794127664834,-0.010842340046315112,0.0026735191672682046,2.9833333333333334,2024-03-09 05:01:00+00:00,2024-03-08,0.009331921931869935,0.04195703217666831,0.007473587089568694,2.9833333333333334,2024-03-09 05:01:00+00:00,2024-03-08,0.020562753296510472,0.11718958898558221,0.05135493995729117,2.9833333333333334
2024-03-12 08:00:00+00:00,0.006986248683459095,0.015385263866457954,0.08672959272700298,0.0184188115936812,2024-03-13 08:00:00+00:00,0.010178020024652845,2024-03-12 04:01:00+00:00,2024-03-11,-0.003711959127478792,-0.015191276992199276,0.011861615675753692,3.9833333333333334,2024-03-12 04:01:00+00:00,2024-03-11,0.001264577595947891,-0.009288882108002083,0.002708719591009317,3.9833333333333334,2024-03-12 04:01:00+00:00,2024-03-11,0.0014174793013914666,0.028878711628212855,0.00726462773184671,3.9833333333333334,2024-03-12 04:01:00+00:00,2024-03-11,0.03204546567234923,0.12066168221387523,0.04923241552332523,3.9833333333333334
2024-03-13 08:00:00+00:00,0.011009920646325,0.010126710030447105,0.0886213935152516,0.008392170413885474,2024-03-14 08:00:00+00:00,0.005062785540898673,2024-03-13 04:01:00+00:00,2024-03-12,0.014786778457143157,0.017789345576267636,0.012257663129759115,3.9833333333333334,2024-03-13 04:01:00+00:00,2024-03-12,0.0008744725533214037,-0.008125445736348987,0.002709006634727462,3.9833333333333334,2024-03-13 04:01:00+00:00,2024-03-12,-0.010333753973922555,0.011235120647023936,0.007787589393521378,3.9833333333333334,2024-03-13 04:01:00+00:00,2024-03-12,-0.09504740224401598,-0.043823266541095196,0.04465442599269051,3.9833333333333334
2024-03-14 08:00:00+00:00,-0.000588158695284946,0.005049875476047922,0.09801023268139768,0.007925099789937608,2024-03-15 08:00:00+00:00,-0.06522069266907027,2024-03-14 04:01:00+00:00,2024-03-13,-0.008302539704796885,0.0028210589440931587,0.01181775748794773,3.9833333333333334,2024-03-14 04:01:00+00:00,2024-03-13,-0.0016524734641976124,-0.005626730219186059,0.0019206507457651038,3.9833333333333334,2024-03-14 04:01:00+00:00,2024-03-13,0.0067634437014358895,0.010417286027108043,0.006851594580052027,3.9833333333333334,2024-03-14 04:01:00+00:00,2024-03-13,-0.006524126076943304,-0.05310982531394841,0.039252660810816575,3.9833333333333334
2024-03-15 08:00:00+00:00,0.0032820140046148083,-0.0674446663985645,0.01806282129111791,0.012749600286173713,2024-03-16 08:00:00+00:00,0.014378301397785176,2024-03-15 04:01:00+00:00,2024-03-14,-0.002974241474060335,-0.015597002823340428,0.011592047447784502,3.9833333333333334,2024-03-15 04:01:00+00:00,2024-03-14,0.0055299650077902385,0.005238162280095759,0.002391954193725288,3.9833333333333334,2024-03-15 04:01:00+00:00,2024-03-14,-0.006117374677577558,0.0010617162831974888,0.007126432118828709,3.9833333333333334,2024-03-15 04:01:00+00:00,2024-03-14,0.04618938246937443,-0.002773926882725208,0.04025660010205022,3.9833333333333334
2024-03-16 08:00:00+00:00,0.0033523187900463824,0.01427576779845129,0.01661090977576684,0.012605970948957164,2024-03-17 08:00:00+00:00,-0.054668530348561895,2024-03-16 04:01:00+00:00,2024-03-15,-0.011532394665852763,-0.011734356515046092,0.011894349638801415,3.9833333333333334,2024-03-16 04:01:00+00:00,2024-03-15,0.0006770124008701472,0.006693554093732363,0.0022716946688645166,3.9833333333333334,2024-03-16 04:01:00+00:00,2024-03-15,-0.0027720045470100985,-0.011042210195682797,0.007271241220722691,3.9833333333333334,2024-03-16 04:01:00+00:00,2024-03-15,0.0006942034294761257,-0.022642476749759777,0.040103329223506165,3.9833333333333334
2024-03-19 08:00:00+00:00,-0.017947915321165908,-0.05288760651555747,-0.10852022708484518,0.014420866077087388,2024-03-20 08:00:00+00:00,-0.026990198322428105,2024-03-19 04:01:00+00:00,2024-03-18,0.009876787065680404,0.0018543896781146449,0.011900696718926091,3.9833333333333334,2024-03-19 04:01:00+00:00,2024-03-18,0.00144922033316508,0.006878196830948901,0.0023096447544848956,3.9833333333333334,2024-03-19 04:01:00+00:00,2024-03-18,0.001294580973497439,-0.01116510852357676,0.0072831525502525165,3.9833333333333334,2024-03-19 04:01:00+00:00,2024-03-18,-0.0055671681713502785,-0.06025511059345931,0.039407838834056824,3.9833333333333334
2024-03-20 08:00:00+00:00,0.01757859360563785,-0.02736096863088866,-0.14600790574618092,0.016219598995730188,2024-03-21 08:00:00+00:00,0.06396882993939612,2024-03-20 04:01:00+00:00,2024-03-19,0.0026203851690649316,-0.010312003609965242,0.011723649200833101,3.9833333333333334,2024-03-20 04:01:00+00:00,2024-03-19,0.002218003013697789,0.008221727291325295,0.002345429530590899,3.9833333333333334,2024-03-20 04:01:00+00:00,2024-03-19,-0.002127705546571157,-0.002959060096224843,0.0073046813778273045,3.9833333333333334,2024-03-20 04:01:00+00:00,2024-03-19,-0.03623842350055684,-0.0014461318499996267,0.03841054588319538,3.9833333333333334
2024-03-21 08:00:00+00:00,0.0049497390932558005,0.06200609532060029,-0.08905168590162883,0.018095294492114878,2024-03-22 08:00:00+00:00,-0.012050126304038344,2024-03-21 04:01:00+00:00,2024-03-20,0.011463975760895195,0.009454511855726837,0.011864630805492833,3.9833333333333334,2024-03-21 04:01:00+00:00,2024-03-20,-0.0038605770767521363,0.006013623678771786,0.0024882356785047824,3.9833333333333334,2024-03-21 04:01:00+00:00,2024-03-20,0.0006017769722728161,-0.009120726825387894,0.007209194893691169,3.9833333333333334,2024-03-21 04:01:00+00:00,2024-03-20,-0.0580952618410171,-0.05301726761407347,0.040171149598551024,3.9833333333333334
2024-03-22 08:00:00+00:00,0.002966406533609245,-0.012123317646884136,-0.033730337149948435,0.015644473708428076,2024-03-23 08:00:00+00:00,-0.02421650333698444,2024-03-22 04:01:00+00:00,2024-03-21,0.0043911672324732365,0.01681992056226218,0.009976963612494427,3.9833333333333334,2024-03-22 04:01:00+00:00,2024-03-21,0.0056891945309960334,0.006172853201976842,0.002823182618481826,3.9833333333333334,2024-03-22 04:01:00+00:00,2024-03-21,0.010907419475124414,0.007904067327313207,0.0073221746576085135,3.9833333333333334,2024-03-22 04:01:00+00:00,2024-03-21,-0.009245058144050855,-0.10845170822749924,0.03872925027715025,3.9833333333333334
2024-03-23 08:00:00+00:00,0.015912281141977402,-0.024514544365867922,-0.07252064931426776,0.016199763143510477,2024-03-24 08:00:00+00:00,0.00012435073970107346,2024-03-23 04:01:00+00:00,2024-03-22,0.0010397538942932272,0.029392069122407657,0.00991799391073976,3.9833333333333334,2024-03-23 04:01:00+00:00,2024-03-22,0.0041260942723848615,0.009621935073490977,0.002967596086840182,3.9833333333333334,2024-03-23 04:01:00+00:00,2024-03-22,-0.011370275303799637,-0.000694203429475795,0.007923851201292355,3.9833333333333334,2024-03-23 04:01:00+00:00,2024-03-22,0.010777625493829213,-0.09836828616314568,0.03703455385661481,3.9833333333333334
2024-03-26 08:00:00+00:00,0.000898023323367525,0.053399253855740375,0.08559307617384379,0.015810795646614407,2024-03-27 08:00:00+00:00,-0.010787615990493493,2024-03-26 04:01:00+00:00,2024-03-25,-0.00340715068860753,0.01610813136811891,0.009965823020601111,3.9833333333333334,2024-03-26 04:01:00+00:00,2024-03-25,-0.0019169654555462046,0.00625574928478023,0.002993380564776521,3.9833333333333334,2024-03-26 04:01:00+00:00,2024-03-25,0.007563869063015538,0.005575084660041809,0.007776377055921242,3.9833333333333334,2024-03-26 04:01:00+00:00,2024-03-25,0.00990484288093807,-0.08289627511085731,0.03713862376293264,3.9833333333333334
2024-03-27 08:00:00+00:00,-0.00944951996957677,-0.010846367614724226,0.10210767719000821,0.013787296201753606,2024-03-28 08:00:00+00:00,0.009652640335025664,2024-03-27 04:01:00+00:00,2024-03-26,-0.003646255647858254,0.009841490551195878,0.01001361037999688,3.9833333333333334,2024-03-27 04:01:00+00:00,2024-03-26,0.0005754609535788546,0.004613207224661777,0.002994200939268822,3.9833333333333334,2024-03-27 04:01:00+00:00,2024-03-26,0.00036753439179104674,0.008070324598403853,0.007802168491476659,3.9833333333333334,2024-03-27 04:01:00+00:00,2024-03-26,0.003783583779639166,-0.04287426783066164,0.03683041884584354,3.9833333333333334
2024-03-28 08:00:00+00:00,0.015878889020692455,0.009606352609725099,0.04970793447913322,0.01243203478002482,2024-03-29 08:00:00+00:00,-0.008594293331272707,2024-03-28 04:01:00+00:00,2024-03-27,0.0038530124280935496,0.0022305272183952233,0.009932666833268424,3.9833333333333334,2024-03-28 04:01:00+00:00,2024-03-27,0.0005751299887180039,0.00904891429013138,0.0029818082852989007,3.9833333333333334,2024-03-28 04:01:00+00:00,2024-03-27,0.006135898336309786,0.013604445962440679,0.007774546161042436,3.9833333333333334,2024-03-28 04:01:00+00:00,2024-03-27,-0.035361101559473695,-0.020140107549118144,0.03685811707532571,3.9833333333333334
2024-03-29 08:00:00+00:00,-0.009244753127189753,-0.008631438471805386,0.053199813654212114,0.012132641571493049,2024-03-30 08:00:00+00:00,0.0008334526129103459,2024-03-29 04:01:00+00:00,2024-03-28,-0.0014315049265132274,-0.0035921449405927884,0.009749883239010361,3.9833333333333334,2024-03-29 04:01:00+00:00,2024-03-28,0.0019148361635918931,0.005274555922727185,0.0029871653181035335,3.9833333333333334,2024-03-29 04:01:00+00:00,2024-03-28,0.01215977082804276,0.014856797315358808,0.007999793468234167,3.9833333333333334,2024-03-29 04:01:00+00:00,2024-03-28,0.017836843575025352,0.006941794169958195,0.03653409553416258,3.9833333333333334
2024-04-02 08:00:00+00:00,-0.0037319206568611207,-0.04615931281475481,-0.05888694893164442,0.010752105534790436,2024-04-03 08:00:00+00:00,-0.004808029433229777,2024-04-02 04:01:00+00:00,2024-04-01,0.002107360029601324,-0.002524538805284509,0.009216999830372623,3.9833333333333334,2024-04-02 04:01:00+00:00,2024-04-01,0.004485321180904833,0.00563378283124802,0.0030424076997209097,3.9833333333333334,2024-04-02 04:01:00+00:00,2024-04-01,0.017745552406589482,0.04397262502574795,0.007798798679100551,3.9833333333333334,2024-04-02 04:01:00+00:00,2024-04-01,0.04802122910655493,0.044185397782683794,0.037801106188753125,3.9833333333333334
2024-04-03 08:00:00+00:00,-0.001356887370022264,-0.004819473986554658,-0.0528600553034749,0.011179022281552013,2024-04-04 08:00:00+00:00,-0.0006711928968164971,2024-04-03 04:01:00+00:00,2024-04-02,-0.009414872400315133,-0.008532260516992273,0.009413295438776172,3.9833333333333334,2024-04-03 04:01:00+00:00,2024-04-02,-0.0019061857824116402,0.005644562504382018,0.0030871915895611863,3.9833333333333334,2024-04-03 04:01:00+00:00,2024-04-02,0.0108837798572603,0.04729253581999297,0.007574468263742486,3.9833333333333334,2024-04-03 04:01:00+00:00,2024-04-02,0.06796670413163897,0.10224725903338487,0.04020734703451755,3.9833333333333334
2024-04-04 08:00:00+00:00,0.007160978675219809,-0.0006714181460555382,-0.06313782605925548,0.010312445268740417,2024-04-05 08:00:00+00:00,0.012696925584631868,2024-04-04 04:01:00+00:00,2024-04-03,0.0021173145737556354,-0.0027686902953780387,0.00842344372755148,3.9833333333333334,2024-04-04 04:01:00+00:00,2024-04-03,-0.005452729783682386,-0.00038362823287922416,0.0033584147686034935,3.9833333333333334,2024-04-04 04:01:00+00:00,2024-04-03,0.014445060959115352,0.06137006238731757,0.007921981525047852,3.9833333333333334,2024-04-04 04:01:00+00:00,2024-04-03,-0.01935098392252721,0.07911269133121823,0.03740451529651198,3.9833333333333334
2024-04-05 08:00:00+00:00,-0.013847201772954065,0.012616694778209345,-0.04188969280924074,0.011024759420356831,2024-04-06 08:00:00+00:00,0.015856239471393918,2024-04-05 04:01:00+00:00,2024-04-04,-0.015617310131661455,-0.022239012855132426,0.00904723658705972,3.9833333333333334,2024-04-05 04:01:00+00:00,2024-04-04,-0.0012477541735407272,-0.002206512395138392,0.003219570777435692,3.9833333333333334,2024-04-05 04:01:00+00:00,2024-04-04,-0.002811724573290597,0.05242243947771702,0.008007227161276748,3.9833333333333334,2024-04-05 04:01:00+00:00,2024-04-04,0.13187265550318195,0.24634644839387376,0.047710062051496735,3.9833333333333334
2024-04-06 08:00:00+00:00,0.003005009698686223,0.015731991969598687,-0.026990949602568655,0.01169111651699363,2024-04-07 08:00:00+00:00,0.020178544482131855,2024-04-06 04:01:00+00:00,2024-04-05,0.01276478873130138,-0.008042719197318228,0.008817431959017534,3.9833333333333334,2024-04-06 04:01:00+00:00,2024-04-05,0.001727284760779213,-0.0023940637979507308,0.002936789521830611,3.9833333333333334,2024-04-06 04:01:00+00:00,2024-04-05,0.01585795844256488,0.05612062709224029,0.008479894092632558,3.9833333333333334,2024-04-06 04:01:00+00:00,2024-04-05,-0.019765930721800995,0.20874367409704772,0.04801184463109525,3.9833333333333334
2024-04-09 08:00:00+00:00,-0.012720104077315497,-0.00446037253411808,0.05743327179527167,0.009697849026388221,2024-04-10 08:00:00+00:00,-0.01488563164515555,2024-04-09 04:01:00+00:00,2024-04-08,-0.0004568789186922828,-0.01060695814561137,0.008094158297709448,3.9833333333333334,2024-04-09 04:01:00+00:00,2024-04-08,-0.001535249392271787,-0.008414634371127456,0.0029618102226070717,3.9833333333333334,2024-04-09 04:01:00+00:00,2024-04-08,0.0023848481504602503,0.04075992283611085,0.008391694675838682,3.9833333333333334,2024-04-09 04:01:00+00:00,2024-04-08,-0.05382465001378023,0.10689779497671278,0.04961549454715388,3.9833333333333334
2024-04-10 08:00:00+00:00,0.002687628985851731,-0.01499753239850012,0.047255213383326305,0.009507082915221482,2024-04-11 08:00:00+00:00,0.020187558401973504,2024-04-10 04:01:00+00:00,2024-04-09,0.003843995073594897,0.0026519093282987944,0.008076983608299589,3.9833333333333334,2024-04-10 04:01:00+00:00,2024-04-09,9.604048388478503e-05,-0.006412408104830645,0.0029611292481958812,3.9833333333333334,2024-04-10 04:01:00+00:00,2024-04-09,0.00483724055191459,0.03471338353076426,0.008378645243537777,3.9833333333333334,2024-04-10 04:01:00+00:00,2024-04-09,-0.013921338518608106,0.025009752326465438,0.04918906942928423,3.9833333333333334
2024-04-11 08:00:00+00:00,-0.001634041070239789,0.019986205583038093,0.06791283711241966,0.009993827707716948,2024-04-12 08:00:00+00:00,0.00039583804569098824,2024-04-11 04:01:00+00:00,2024-04-10,-0.008747065682660704,-0.008212470928117851,0.007602353721786912,3.9833333333333334,2024-04-11 04:01:00+00:00,2024-04-10,0.01050629020472904,0.00954661188357991,0.0036968370235823814,3.9833333333333334,2024-04-11 04:01:00+00:00,2024-04-10,-0.0059438064861172535,0.014324516085531886,0.008038934309397701,3.9833333333333334,2024-04-11 04:01:00+00:00,2024-04-10,0.05329396194384772,0.09765469819284076,0.0452556977990255,3.9833333333333334
2024-04-12 08:00:00+00:00,-0.003009146819074715,0.0003960424080033173,0.05569218474221367,0.009509651644042268,2024-04-13 08:00:00+00:00,-0.046880758577807935,2024-04-12 04:01:00+00:00,2024-04-11,0.016317721344357494,0.02372256054789997,0.008250493391166788,3.9833333333333334,2024-04-12 04:01:00+00:00,2024-04-11,0.0002849834196911871,0.011079349476812765,0.0036459518563824013,3.9833333333333334,2024-04-12 04:01:00+00:00,2024-04-11,0.010294323008475104,0.027430563667297545,0.008140020768002935,3.9833333333333334,2024-04-12 04:01:00+00:00,2024-04-11,-0.05797781125627388,-0.09219576856661547,0.04745161654678901,3.9833333333333334
2024-04-13 08:00:00+00:00,0.00424896597533575,-0.04801555057155502,-0.008055357798939936,0.010812230847807185,2024-04-14 08:00:00+00:00,-0.044216210974826975,2024-04-13 04:01:00+00:00,2024-04-12,-0.01677141496643131,-0.005813643149832359,0.00910299909571319,3.9833333333333334,2024-04-13 04:01:00+00:00,2024-04-12,0.007192934072434376,0.016544998788467928,0.0037669299889658545,3.9833333333333334,2024-04-13 04:01:00+00:00,2024-04-12,0.0005899328012883842,0.01216253802602085,0.007823876883380682,3.9833333333333334,2024-04-13 04:01:00+00:00,2024-04-12,0.1492522404114709,0.07682240256665612,0.05692025667567181,3.9833333333333334
2024-04-16 08:00:00+00:00,0.008858764342274839,-0.04234951467733061,-0.10267098849697959,0.013436634698904888,2024-04-17 08:00:00+00:00,-0.0034373918582635277,2024-04-16 04:01:00+00:00,2024-04-15,-0.016615195742087252,-0.021971959973228015,0.009503142470688663,3.9833333333333334,2024-04-16 04:01:00+00:00,2024-04-15,0.0016018676588585024,0.019682115839597406,0.0037648153608301695,3.9833333333333334,2024-04-16 04:01:00+00:00,2024-04-15,0.003741738683111784,0.013519428558672516,0.007636268562488304,3.9833333333333334,2024-04-16 04:01:00+00:00,2024-04-15,0.10518719041257052,0.23583424299300684,0.06076402279230994,3.9833333333333334
2024-04-17 08:00:00+00:00,-0.008560388899807592,-0.0034436286864581683,-0.09111708478493759,0.013982738682453298,2024-04-18 08:00:00+00:00,-0.03348881518092628,2024-04-17 04:01:00+00:00,2024-04-16,0.0003856568988425124,-0.025430298147979473,0.009201137223622296,3.9833333333333334,2024-04-17 04:01:00+00:00,2024-04-16,0.000470683413127837,0.020056758768841092,0.0037694874625790577,3.9833333333333334,2024-04-17 04:01:00+00:00,2024-04-16,0.010353289681328981,0.019035477688087207,0.007681064434169225,3.9833333333333334,2024-04-17 04:01:00+00:00,2024-04-16,-0.04412089498574856,0.2056346865258664,0.06203007245263058,3.9833333333333334
2024-04-18 08:00:00+00:00,-0.013151862499620748,-0.034062249919702484,-0.1451655402876781,0.014933965418068582,2024-04-19 08:00:00+00:00,0.055070378148513344,2024-04-18 04:01:00+00:00,2024-04-17,-0.012499908262572745,-0.029183140727892236,0.009524265599972962,3.9833333333333334,2024-04-18 04:01:00+00:00,2024-04-17,-0.002921685216049852,0.006628783348062368,0.003875678048335064,3.9833333333333334,2024-04-18 04:01:00+00:00,2024-04-17,-0.008089842994962737,0.0168894411792421,0.008090551840046641,3.9833333333333334,2024-04-18 04:01:00+00:00,2024-04-17,-0.01037977087542341,0.1419609537065954,0.061224993267453044,3.9833333333333334
2024-04-19 08:00:00+00:00,0.043733546798316425,0.053607473848584,-0.09195410884709754,0.01740035818503962,2024-04-20 08:00:00+00:00,-0.009078010844160822,2024-04-19 04:01:00+00:00,2024-04-18,-0.005693021217332728,-0.05119388328958225,0.009054704662190386,3.9833333333333334,2024-04-19 04:01:00+00:00,2024-04-18,0.0018859466134539815,0.008229746541824812,0.0037039990629789757,3.9833333333333334,2024-04-19 04:01:00+00:00,2024-04-18,0.004011411802351539,0.010606529973118244,0.008027951515921044,3.9833333333333334,2024-04-19 04:01:00+00:00,2024-04-18,-0.011599135843352038,0.18833962911951757,0.05920093688981871,3.9833333333333334
2024-04-20 08:00:00+00:00,8.161528217875968e-05,-0.009119467068700217,-0.05305802534424268,0.016233657018990662,2024-04-21 08:00:00+00:00,0.01859642452098309,2024-04-20 04:01:00+00:00,2024-04-19,-0.02071754866654807,-0.055140016989698296,0.009779038388580621,3.9833333333333334,2024-04-20 04:01:00+00:00,2024-04-19,0.0,0.0010368124693903456,0.0035656651174862087,3.9833333333333334,2024-04-20 04:01:00+00:00,2024-04-19,0.006567232825074321,0.01658382999690413,0.007923624572450902,3.9833333333333334,2024-04-20 04:01:00+00:00,2024-04-19,0.038686382389833796,0.07777377109788049,0.05909024793786945,3.9833333333333334
2024-04-23 08:00:00+00:00,-0.005058606718272074,0.0018139040476199775,0.03987073581642591,0.013326227581685437,2024-04-24 08:00:00+00:00,0.008034821290657801,2024-04-23 04:01:00+00:00,2024-04-22,0.010116735300590207,-0.028408085947020222,0.010208351529966502,3.9833333333333334,2024-04-23 04:01:00+00:00,2024-04-22,-0.0006596588253815483,-0.0012247140148493652,0.0035065612502762993,3.9833333333333334,2024-04-23 04:01:00+00:00,2024-04-22,-0.02832009236890176,-0.015478001055110458,0.01031172649075665,3.9833333333333334,2024-04-23 04:01:00+00:00,2024-04-22,-0.09938045106208993,-0.12679387037677992,0.06471557964306815,3.9833333333333334
2024-04-24 08:00:00+00:00,0.0003416416122679067,0.008002864064251984,0.05131722856713589,0.01229843266174174,2024-04-25 08:00:00+00:00,-0.03921454448529804,2024-04-24 04:01:00+00:00,2024-04-23,0.015026945777263379,-0.013766797068599587,0.010988716214895404,3.9833333333333334,2024-04-24 04:01:00+00:00,2024-04-23,-0.0036832395776800197,-0.005378637005657841,0.0035991803435402284,3.9833333333333334,2024-04-24 04:01:00+00:00,2024-04-23,-0.0018341925532574521,-0.02766548328969599,0.010361441228412056,3.9833333333333334,2024-04-24 04:01:00+00:00,2024-04-23,-0.07665412247896741,-0.15932709786999866,0.0677568203003279,3.9833333333333334
2024-04-25 08:00:00+00:00,-0.004115672216380872,-0.04000429630208168,0.04537518218475674,0.011338737138468889,2024-04-26 08:00:00+00:00,0.004044956737941918,2024-04-25 04:01:00+00:00,2024-04-24,0.0031618775370905183,0.001894988731064876,0.011048600478869583,3.9833333333333334,2024-04-25 04:01:00+00:00,2024-04-24,0.0016071680745444183,-0.0008497837150629503,0.003604758285170486,3.9833333333333334,2024-04-25 04:01:00+00:00,2024-04-24,-0.0015811114553345718,-0.02115675175006836,0.010403195764310279,3.9833333333333334,2024-04-25 04:01:00+00:00,2024-04-24,0.0176883954819802,-0.13125893151259557,0.06777528876560125,3.9833333333333334
2024-04-26 08:00:00+00:00,-0.0016211952436435695,0.004036953471259517,-0.004195338192567504,0.007135958782234484,2024-04-27 08:00:00+00:00,-0.020382115265599188,2024-04-26 04:01:00+00:00,2024-04-25,-0.005509637340834317,0.002078372607562733,0.010989605373298105,3.9833333333333334,2024-04-26 04:01:00+00:00,2024-04-25,-0.0024591153729396353,-0.005194845701457232,0.0036755326832749275,3.9833333333333334,2024-04-26 04:01:00+00:00,2024-04-25,0.0017518420775370913,-0.023416321474882266,0.010392497245602077,3.9833333333333334,2024-04-26 04:01:00+00:00,2024-04-25,-0.03829440467641687,-0.1579542003456603,0.06788028151462398,3.9833333333333334
2024-04-27 08:00:00+00:00,-0.0018275460854333403,-0.020593011280434358,-0.01566888240430167,0.00734530746870227,2024-04-28 08:00:00+00:00,0.015066025228517077,2024-04-27 04:01:00+00:00,2024-04-26,0.016376502579200647,0.03917242385331044,0.011764720920043855,3.9833333333333334,2024-04-27 04:01:00+00:00,2024-04-26,0.003214562339008964,-0.001980283362448303,0.003711404464161181,3.9833333333333334,2024-04-27 04:01:00+00:00,2024-04-26,0.0020043724734284396,-0.0279791818265289,0.010185546802759172,3.9833333333333334,2024-04-27 04:01:00+00:00,2024-04-26,-0.022369353785621104,-0.21900993652111525,0.0682064502878854,3.9833333333333334
2024-04-30 08:00:00+00:00,-0.007874849454037047,0.011927941240874557,-0.04567267374467051,0.0075215840281180855,2024-05-01 08:00:00+00:00,-0.0894513493064153,2024-04-30 04:01:00+00:00,2024-04-29,0.003629190929602899,0.03268487948232245,0.011794105289351977,3.9833333333333334,2024-04-30 04:01:00+00:00,2024-04-29,-0.0034039424232714666,-0.004724566960338196,0.0037027184134045374,3.9833333333333334,2024-04-30 04:01:00+00:00,2024-04-29,0.004463439244165812,0.004804349786539999,0.009577709539087367,3.9833333333333334,2024-04-30 04:01:00+00:00,2024-04-29,-0.024243611609992666,-0.14387309706901802,0.06784420196304525,3.9833333333333334
2024-05-01 08:00:00+00:00,-0.04665190419335552,-0.09370812221313855,-0.14738366002206107,0.012310178646020986,2024-05-02 08:00:00+00:00,0.0031492173913043597,2024-05-01 04:01:00+00:00,2024-04-30,-0.01942128824045497,-0.0017633545353952142,0.012350447223699152,3.9833333333333334,2024-05-01 04:01:00+00:00,2024-04-30,0.00604344974818094,0.005002122365522832,0.0038797346568152278,3.9833333333333334,2024-05-01 04:01:00+00:00,2024-04-30,-0.02351739098197303,-0.016878848642176196,0.010926466133370541,3.9833333333333334,2024-05-01 04:01:00+00:00,2024-04-30,0.06466632483127155,-0.002552649758778978,0.0676832325260144,3.9833333333333334
2024-05-02 08:00:00+00:00,0.004138154037050867,0.003144442905607882,-0.10423492081437152,0.012752768943958165,2024-05-03 08:00:00+00:00,0.02617253352399085,2024-05-02 04:01:00+00:00,2024-05-01,-0.007027724066595908,-0.011952956139082442,0.012362567387085736,3.9833333333333334,2024-05-02 04:01:00+00:00,2024-05-01,-0.004340030184241783,-0.0009450758932631211,0.003794454835275677,3.9833333333333334,2024-05-02 04:01:00+00:00,2024-05-01,0.003511175426182511,-0.011786561760659179,0.010453205960473552,3.9833333333333334,2024-05-02 04:01:00+00:00,2024-05-01,-0.016752969135374052,-0.036994014376133186,0.06763967151162728,3.9833333333333334
2024-05-03 08:00:00+00:00,-0.00890688536477846,0.025835893940472116,-0.08243598034515895,0.013279522414334674,2024-05-04 08:00:00+00:00,0.06366350547399824,2024-05-03 04:01:00+00:00,2024-05-02,0.01279350246567823,0.0063501836674305315,0.012392829985115029,3.9833333333333334,2024-05-03 04:01:00+00:00,2024-05-02,-0.004358948180741784,-0.00284490870106517,0.003940301140137671,3.9833333333333334,2024-05-03 04:01:00+00:00,2024-05-02,-0.0006059396429014541,-0.01414434348109825,0.010434558811950474,3.9833333333333334,2024-05-03 04:01:00+00:00,2024-05-02,-0.04723192466441839,-0.0459315343641349,0.06131971939114947,3.9833333333333334
2024-05-04 08:00:00+00:00,0.0037400478643085933,0.061719086646769,-0.00012388241795575702,0.014755137987054738,2024-05-05 08:00:00+00:00,0.012354542311087124,2024-05-04 04:01:00+00:00,2024-05-03,0.019714928946726218,0.009688610034957407,0.012885366700318103,3.9833333333333334,2024-05-04 04:01:00+00:00,2024-05-03,-0.002567436109225163,-0.008626907149298497,0.003990246927130403,3.9833333333333334,2024-05-04 04:01:00+00:00,2024-05-03,-0.00043306914959817533,-0.01658178510412442,0.009746630482828368,3.9833333333333334,2024-05-04 04:01:00+00:00,2024-05-03,-0.08453735296670528,-0.10809953354521853,0.0637801724131066,3.9833333333333334
2024-05-07 08:00:00+00:00,0.0067796773694244195,-0.013588182094589547,0.00821572905866258,0.014756932258049348,2024-05-08 08:00:00+00:00,-0.02295739149978593,2024-05-07 04:01:00+00:00,2024-05-06,0.011269985900675294,0.017329405006029405,0.01315640640484228,3.9833333333333334,2024-05-07 04:01:00+00:00,2024-05-06,0.00019044432927550758,-0.005032520396752158,0.0039659478971275485,3.9833333333333334,2024-05-07 04:01:00+00:00,2024-05-06,0.009741813013569356,-0.011303411334720988,0.01000811046876945,3.9833333333333334,2024-05-07 04:01:00+00:00,2024-05-06,0.0,-0.08385592193522584,0.06290213645918148,3.9833333333333334
2024-05-08 08:00:00+00:00,-0.010967001813707355,-0.023225016324073484,0.07869883494772775,0.01089361648085273,2024-05-09 08:00:00+00:00,-0.015349151234567815,2024-05-08 04:01:00+00:00,2024-05-07,-0.0001172360153400831,0.03663345723114262,0.013124981307882594,3.9833333333333334,2024-05-08 04:01:00+00:00,2024-05-07,0.0034210866671360307,-0.007654883477796639,0.004020310478937077,3.9833333333333334,2024-05-08 04:01:00+00:00,2024-05-07,-0.003007262715250647,0.009206716932001634,0.00994462710121779,3.9833333333333334,2024-05-08 04:01:00+00:00,2024-05-07,-0.01946169209280013,-0.16798393885929788,0.06295134209593779,3.9833333333333334
2024-05-09 08:00:00+00:00,-0.006950774387593839,-0.015468168907215769,0.060086223134903985,0.009959945321305579,2024-05-10 08:00:00+00:00,0.029791932367244423,2024-05-09 04:01:00+00:00,2024-05-08,-0.0003560024045370369,0.043305178893203386,0.012971149041392006,3.9833333333333334,2024-05-09 04:01:00+00:00,2024-05-08,0.0013272601985692134,-0.0019875930949863462,0.003287135222067312,3.9833333333333334,2024-05-09 04:01:00+00:00,2024-05-08,-0.0008177778756612852,0.004877763630157547,0.009871274631965857,3.9833333333333334,2024-05-09 04:01:00+00:00,2024-05-08,-0.01753762066532749,-0.16876859038925118,0.06140079306824129,3.9833333333333334
2024-05-10 08:00:00+00:00,0.0025693264409891725,0.029356932958697908,0.06360726215312985,0.009779879854258267,2024-05-11 08:00:00+00:00,-0.03264973007233429,2024-05-10 04:01:00+00:00,2024-05-09,0.0015719546810153417,0.03208363110853948,0.012414099275161425,3.9833333333333334,2024-05-10 04:01:00+00:00,2024-05-09,-0.003036340553602912,-0.0006649854678467325,0.0033625792792592035,3.9833333333333334,2024-05-10 04:01:00+00:00,2024-05-09,0.007721052221883795,0.013204755494942993,0.009738241908806991,3.9833333333333334,2024-05-10 04:01:00+00:00,2024-05-09,-0.02413507573524054,-0.1456717414600732,0.06046096501254922,3.9833333333333334
2024-05-11 08:00:00+00:00,0.004708329211368323,-0.03319494823791216,-0.03130677273155122,0.009497034485699008,2024-05-12 08:00:00+00:00,-0.003253765700353628,2024-05-11 04:01:00+00:00,2024-05-10,0.0026309717589825254,0.014999673920795755,0.011822439450894243,3.9833333333333334,2024-05-11 04:01:00+00:00,2024-05-10,0.0007598955558245635,0.002662346197202134,0.002913636046308018,3.9833333333333334,2024-05-11 04:01:00+00:00,2024-05-10,0.014718290342319307,0.02835611498686063,0.010330228749956502,3.9833333333333334,2024-05-11 04:01:00+00:00,2024-05-10,-0.011093616148503127,-0.07222800464187157,0.04781063166423519,3.9833333333333334
2024-05-14 08:00:00+00:00,-0.007276871045624134,-0.00480793041555721,-0.026003596513378642,0.00931779666526896,2024-05-15 08:00:00+00:00,0.0025735310118950583,2024-05-14 04:01:00+00:00,2024-05-13,0.0020588513677726183,0.005788539387893779,0.01112154025527811,3.9833333333333334,2024-05-14 04:01:00+00:00,2024-05-13,-0.0008549503053654206,0.0016169515625619327,0.0028787991815465014,3.9833333333333334,2024-05-14 04:01:00+00:00,2024-05-13,-0.013565277960946531,0.005049024012345033,0.010719520582805403,3.9833333333333334,2024-05-14 04:01:00+00:00,2024-05-13,0.08034912716421339,0.00812112252234173,0.044717453487383235,3.9833333333333334
2024-05-15 08:00:00+00:00,0.003947807145598503,0.0025702251515684624,-0.00020835503773680762,0.008785307885440597,2024-05-16 08:00:00+00:00,0.06347097774999422,2024-05-15 04:01:00+00:00,2024-05-14,0.006799339910244839,0.012705115313479141,0.011183963858797056,3.9833333333333334,2024-05-15 04:01:00+00:00,2024-05-14,-0.001997803843080348,-0.003801938947655168,0.0028893225798486124,3.9833333333333334,2024-05-15 04:01:00+00:00,2024-05-14,0.007187044351227634,0.01524333107882245,0.010567717027944437,3.9833333333333334,2024-05-15 04:01:00+00:00,2024-05-14,-0.013323661198470838,0.01425915341667141,0.04427404312276786,3.9833333333333334
2024-05-16 08:00:00+00:00,0.0025315260093528025,0.06153806591108147,0.07679787978056045,0.010295733892891767,2024-05-17 08:00:00+00:00,0.0036936849492807955,2024-05-16 04:01:00+00:00,2024-05-15,0.014836954869368313,0.027898072587382916,0.011027813176440008,3.9833333333333334,2024-05-16 04:01:00+00:00,2024-05-15,-0.006304985160508814,-0.011434184306732462,0.0031225512428579836,3.9833333333333334,2024-05-16 04:01:00+00:00,2024-05-15,0.014722231684084264,0.030783340638569058,0.010985575373698259,3.9833333333333334,2024-05-16 04:01:00+00:00,2024-05-15,-0.0750255086328191,-0.04322873455082019,0.04617786661547565,3.9833333333333334
2024-05-17 08:00:00+00:00,0.01216050542137026,0.003687030678706782,0.05112797750056937,0.010319353302987281,2024-05-18 08:00:00+00:00,0.007532808039172778,2024-05-17 04:01:00+00:00,2024-05-16,-0.0020826199347006025,0.024243497971668283,0.010905912857303584,3.9833333333333334,2024-05-17 04:01:00+00:00,2024-05-16,0.0010535953432624368,-0.00734424840986757,0.0030908035779641653,3.9833333333333334,2024-05-17 04:01:00+00:00,2024-05-16,-0.0039326895869455925,0.019129598829739473,0.010981689749812507,3.9833333333333334,2024-05-17 04:01:00+00:00,2024-05-16,-0.0024125464053836865,-0.021506205220963505,0.046301013406395496,3.9833333333333334
2024-05-18 08:00:00+00:00,-0.0008675052596220922,0.007504277981184654,0.09182720371966625,0.008479281770261249,2024-05-19 08:00:00+00:00,0.006539834864796701,2024-05-18 04:01:00+00:00,2024-05-17,-0.0006322988695472986,0.020980227343138196,0.009405453273435024,3.9833333333333334,2024-05-18 04:01:00+00:00,2024-05-17,-9.575545859963341e-05,-0.008199899424291906,0.003089569048663594,3.9833333333333334,2024-05-18 04:01:00+00:00,2024-05-17,0.013283796071969611,0.01769510455938981,0.011299599550571816,3.9833333333333334,2024-05-18 04:01:00+00:00,2024-05-17,-0.035235107465910076,-0.045647696538369996,0.04440281657338601,3.9833333333333334
2024-05-21 08:00:00+00:00,-0.005707717587213779,0.058884823676533735,0.1332591520749704,0.010155979201254394,2024-05-22 08:00:00+00:00,-0.016412639693672126,2024-05-21 04:01:00+00:00,2024-05-20,0.006875768127331483,0.025797144102696037,0.009326498196739788,3.9833333333333334,2024-05-21 04:01:00+00:00,2024-05-20,0.0011482419069395178,-0.006196707211987532,0.0031204081639532102,3.9833333333333334,2024-05-21 04:01:00+00:00,2024-05-20,0.00869055412197639,0.03995093664231153,0.009249270896638885,3.9833333333333334,2024-05-21 04:01:00+00:00,2024-05-20,0.013256200747134628,-0.11274062295544882,0.04112731087165842,3.9833333333333334
2024-05-22 08:00:00+00:00,-0.0034469678160817807,-0.016548678076654753,0.11414024884674716,0.010879097502983461,2024-05-23 08:00:00+00:00,0.0002732553969735374,2024-05-22 04:01:00+00:00,2024-05-21,0.00211893405863961,0.021116738251090644,0.008968855708795897,3.9833333333333334,2024-05-22 04:01:00+00:00,2024-05-21,0.0008603352424856325,-0.0033385681264206006,0.0030578438078223335,3.9833333333333334,2024-05-22 04:01:00+00:00,2024-05-21,-0.005180546866779601,0.027583345424304996,0.009350566811993826,3.9833333333333334,2024-05-22 04:01:00+00:00,2024-05-21,-0.02415777621697801,-0.12357473797395632,0.03869742064499432,3.9833333333333334
2024-05-23 08:00:00+00:00,0.0041370892124064085,0.00027307466753902763,0.05287525760320481,0.009532723923270139,2024-05-24 08:00:00+00:00,-0.036970748149577015,2024-05-23 04:01:00+00:00,2024-05-22,-0.00045974305307616703,0.005820040328647431,0.00901111240701774,3.9833333333333334,2024-05-23 04:01:00+00:00,2024-05-22,0.0026717455887519392,0.005638162622839342,0.00310516466742682,3.9833333333333334,2024-05-23 04:01:00+00:00,2024-05-22,-0.013696570608894731,-0.0008354568686740682,0.009951400734625304,3.9833333333333334,2024-05-23 04:01:00+00:00,2024-05-22,0.03561453000836412,-0.012934699332773195,0.039665331405966626,3.9833333333333334
2024-05-24 08:00:00+00:00,-0.010898474494794641,-0.037671348490072074,0.011516878434425816,0.010564071364273498,2024-05-25 08:00:00+00:00,0.023795366991418376,2024-05-24 04:01:00+00:00,2024-05-23,-0.004383167168596103,0.00351949309475085,0.008956812797357317,3.9833333333333334,2024-05-24 04:01:00+00:00,2024-05-23,0.0016186451187039097,0.0062032123982810015,0.0030992326103922952,3.9833333333333334,2024-05-24 04:01:00+00:00,2024-05-23,-0.023552367885869785,-0.0204551351675987,0.01137750706056852,3.9833333333333334,2024-05-24 04:01:00+00:00,2024-05-23,0.03831274646650451,0.027790593539115123,0.040786959274565826,3.9833333333333334
2024-05-25 08:00:00+00:00,-5.715874359069062e-05,0.02351652427857289,0.027529124731813927,0.01077131271953754,2024-05-26 08:00:00+00:00,0.00852649441275588,2024-05-25 04:01:00+00:00,2024-05-24,0.009882548262286406,0.014034340226584709,0.008567440411397618,3.9833333333333334,2024-05-25 04:01:00+00:00,2024-05-24,-0.0037172933835787347,0.002581674473302587,0.0030809942249953744,3.9833333333333334,2024-05-25 04:01:00+00:00,2024-05-24,-0.001155875377572002,-0.03489480661713974,0.011368490656836447,3.9833333333333334,2024-05-25 04:01:00+00:00,2024-05-24,-0.0680424339346235,-0.0050167329295982025,0.042788721930621165,3.9833333333333334
2024-05-29 08:00:00+00:00,-0.012904752040856948,0.0037289680775057024,-0.025688984871257894,0.009741874751619334,2024-05-30 08:00:00+00:00,-0.005332400055396147,2024-05-29 04:01:00+00:00,2024-05-28,0.0032427538240593634,0.010401325923313746,0.00856634715323762,3.9833333333333334,2024-05-29 04:01:00+00:00,2024-05-28,-0.0010509780682603775,0.0003824544981026871,0.003011594086779941,3.9833333333333334,2024-05-29 04:01:00+00:00,2024-05-28,0.009379731952794401,-0.03420562878632173,0.011528283008057784,3.9833333333333334,2024-05-29 04:01:00+00:00,2024-05-28,0.04431104632491101,0.08560510478487639,0.04234255159838305,3.9833333333333334
2024-05-30 08:00:00+00:00,-0.007864876893385997,-0.005346963181464916,-0.03130902272026176,0.009558610851140754,2024-05-31 08:00:00+00:00,0.008736165666216378,2024-05-30 04:01:00+00:00,2024-05-29,-0.007056817279318395,0.0012255745853559275,0.00720339972794965,3.9833333333333334,2024-05-30 04:01:00+00:00,2024-05-29,0.004673108174339191,0.004195227429956256,0.0028679741837752144,3.9833333333333334,2024-05-30 04:01:00+00:00,2024-05-29,-0.0065138698027444875,-0.035538951722286764,0.010262084845365076,3.9833333333333334,2024-05-30 04:01:00+00:00,2024-05-29,0.10008345855698231,0.1500740333334948,0.04885969715183029,3.9833333333333334
2024-05-31 08:00:00+00:00,-0.0052786003419225125,0.008698227456045258,0.015060553225855557,0.00818929856269135,2024-06-01 08:00:00+00:00,-0.007963769710304214,2024-05-31 04:01:00+00:00,2024-05-30,-0.010628546148831575,-0.008943228510400069,0.007520603938393959,3.9833333333333334,2024-05-31 04:01:00+00:00,2024-05-30,-0.0036221301060788136,-0.002098648264874157,0.002821901409461721,3.9833333333333334,2024-05-31 04:01:00+00:00,2024-05-30,0.0007258390297684159,-0.021116542083623062,0.010242589525222454,3.9833333333333334,2024-05-31 04:01:00+00:00,2024-05-30,0.013217583731954363,0.12497887059894457,0.04788790949692232,3.9833333333333334
2024-06-01 08:00:00+00:00,-0.0012298724118871007,-0.007995355354558985,-0.016451326407276347,0.008071377375696315,2024-06-02 08:00:00+00:00,0.0013150565996278285,2024-06-01 04:01:00+00:00,2024-05-31,-0.00010841530912664155,-0.004668476650930812,0.007220153084361198,3.9833333333333334,2024-06-01 04:01:00+00:00,2024-05-31,-0.000477606885276316,-0.0041949002688552285,0.002671580508711663,3.9833333333333334,2024-06-01 04:01:00+00:00,2024-05-31,-0.008573073570683043,-0.006137247768436715,0.010448321592023859,3.9833333333333334,2024-06-01 04:01:00+00:00,2024-05-31,-0.11330104228893667,0.07972026224463108,0.05087628760980003,3.9833333333333334
2024-06-04 08:00:00+00:00,-0.002266401855615996,0.0015506056492907386,0.01930647162321035,0.005885648419120352,2024-06-05 08:00:00+00:00,0.03168026832964288,2024-06-04 04:01:00+00:00,2024-06-03,0.00346389321223306,-0.01108713170098409,0.006027424722082724,3.9833333333333334,2024-06-04 04:01:00+00:00,2024-06-03,-0.005076384499319353,-0.005553991384595702,0.0028374109389116752,3.9833333333333334,2024-06-04 04:01:00+00:00,2024-06-03,0.019778210440975386,0.014796838050110615,0.011316362320081258,3.9833333333333334,2024-06-04 04:01:00+00:00,2024-06-03,0.01459879942115272,0.05890984574606384,0.05101343015284382,3.9833333333333334
2024-06-05 08:00:00+00:00,0.003551523920720001,0.03118879709649904,0.04676630064220368,0.0061917132245189535,2024-06-06 08:00:00+00:00,-0.0025074441723937912,2024-06-05 04:01:00+00:00,2024-06-04,0.002891853773988373,-0.011438031751055832,0.005622891908561132,3.9833333333333334,2024-06-05 04:01:00+00:00,2024-06-04,-0.0002881035246513619,-0.004791116840986922,0.0028339591245761836,3.9833333333333334,2024-06-05 04:01:00+00:00,2024-06-04,-0.009286282396957724,-0.003869176299641531,0.011368825935377734,3.9833333333333334,2024-06-05 04:01:00+00:00,2024-06-04,0.0038066281215627384,0.018405427542715343,0.050845575661919,3.9833333333333334
2024-06-06 08:00:00+00:00,-0.0004016288475572338,-0.002510592722378705,0.0496026711012899,0.006025771954689104,2024-06-07 08:00:00+00:00,0.0012468062470130103,2024-06-06 04:01:00+00:00,2024-06-05,0.0201764361424992,0.01579522167076263,0.0069781970065933745,3.9833333333333334,2024-06-06 04:01:00+00:00,2024-06-05,0.0015356182576500288,-0.007928606757676484,0.002727800001843029,3.9833333333333334,2024-06-06 04:01:00+00:00,2024-06-05,0.01189965056283171,0.014544344065935147,0.011623202389106312,3.9833333333333334,2024-06-06 04:01:00+00:00,2024-06-05,-0.04110698953477154,-0.1227850205490385,0.05153543274839628,3.9833333333333334
2024-06-07 08:00:00+00:00,0.0016934595314292977,0.0012457481998752544,0.042150191845119915,0.006045130112430011,2024-06-08 08:00:00+00:00,-0.021485160809286863,2024-06-07 04:01:00+00:00,2024-06-06,-0.0007284654843786598,0.025695302335215452,0.006986830184825933,3.9833333333333334,2024-06-07 04:01:00+00:00,2024-06-06,-0.0016316956437716357,-0.0059381722953687245,0.0027010959689554334,3.9833333333333334,2024-06-07 04:01:00+00:00,2024-06-06,0.006461881606936615,0.020280386643102246,0.011674133170171129,3.9833333333333334,2024-06-07 04:01:00+00:00,2024-06-06,-0.003966685090105226,-0.13996928937109804,0.05126466173535165,3.9833333333333334
2024-06-08 08:00:00+00:00,0.0021609311631198835,-0.02171918639036265,0.02842636080931612,0.007016747735494559,2024-06-09 08:00:00+00:00,-0.004118294621325513,2024-06-08 04:01:00+00:00,2024-06-07,-0.0010646553294382244,0.024739062314903786,0.007030467560977989,3.9833333333333334,2024-06-08 04:01:00+00:00,2024-06-07,0.007560215191439568,0.0020996497813478643,0.0032085712325483997,3.9833333333333334,2024-06-08 04:01:00+00:00,2024-06-07,-0.027949784212456308,0.000903676001330381,0.013280816500922344,3.9833333333333334,2024-06-08 04:01:00+00:00,2024-06-07,-0.029034297528845343,-0.05570254461100648,0.0516167327079514,3.9833333333333334
2024-06-11 08:00:00+00:00,-0.013141298209825791,-0.025335718831378626,-0.02113725985679662,0.0073785671793072894,2024-06-12 08:00:00+00:00,-0.0017247253152202768,2024-06-11 04:01:00+00:00,2024-06-10,0.003872335993948539,0.0251475050966191,0.00703816679051189,3.9833333333333334,2024-06-11 04:01:00+00:00,2024-06-10,0.0024757405056137216,0.009651774786280503,0.003257086185031588,3.9833333333333334,2024-06-11 04:01:00+00:00,2024-06-10,0.0008598452808357138,-0.01801468915881062,0.012807563937171147,3.9833333333333334,2024-06-11 04:01:00+00:00,2024-06-10,0.04167269640056803,-0.028628647631591092,0.04905648351233083,3.9833333333333334
2024-06-12 08:00:00+00:00,0.0006915287561426453,-0.0017263626162885432,-0.05405241956958425,0.007275901029875822,2024-06-13 08:00:00+00:00,0.004019946143751563,2024-06-12 04:01:00+00:00,2024-06-11,0.007079057794813437,0.029334709117445356,0.00711247043070481,3.9833333333333334,2024-06-12 04:01:00+00:00,2024-06-11,0.0007605459934802994,0.01070042430441254,0.0032567842022160403,3.9833333333333334,2024-06-12 04:01:00+00:00,2024-06-11,-0.00017186794582357834,-0.008900274707675893,0.01246263859245662,3.9833333333333334,2024-06-12 04:01:00+00:00,2024-06-11,0.008597161197211545,-0.02383811455594232,0.04906482914859312,3.9833333333333334
2024-06-13 08:00:00+00:00,0.0036963128185085736,0.004012183655607045,-0.04752964319159852,0.010126485123811068,2024-06-14 08:00:00+00:00,-0.012105166792666933,2024-06-13 04:01:00+00:00,2024-06-12,0.013186881743544987,0.02234515471848976,0.007441797913776193,3.9833333333333334,2024-06-13 04:01:00+00:00,2024-06-12,-0.005526999180847092,0.003637806865915447,0.003460251807822348,3.9833333333333334,2024-06-13 04:01:00+00:00,2024-06-12,0.012047802533209584,-0.0087521227372979,0.012663163964063827,3.9833333333333334,2024-06-13 04:01:00+00:00,2024-06-12,-0.06510937146055396,-0.047840496481724885,0.04833453428252239,3.9833333333333334
2024-06-14 08:00:00+00:00,0.002408998225813974,-0.012179178678366015,-0.06095457006983973,0.010326588032675412,2024-06-15 08:00:00+00:00,-0.012375610903702428,2024-06-14 04:01:00+00:00,2024-06-13,0.005724105035012528,0.028797725237881076,0.006942704164124108,3.9833333333333334,2024-06-14 04:01:00+00:00,2024-06-13,0.005241807821713351,0.010511310331400002,0.003344407192364527,3.9833333333333334,2024-06-14 04:01:00+00:00,2024-06-13,-0.0157510739899811,-0.030965078334215294,0.012618047369648406,3.9833333333333334,2024-06-14 04:01:00+00:00,2024-06-13,-0.008340331916218968,-0.05221414330783843,0.04835746870691331,3.9833333333333334
2024-06-15 08:00:00+00:00,-0.0028845870154210473,-0.01245282649779317,-0.05168821017727013,0.009763103553289782,2024-06-16 08:00:00+00:00,0.0028649912775990938,2024-06-15 04:01:00+00:00,2024-06-14,0.004224664098311237,0.03408704466563029,0.006863107527247756,3.9833333333333334,2024-06-15 04:01:00+00:00,2024-06-14,0.0033215319127366527,0.006272627052696197,0.0034054257487929626,3.9833333333333334,2024-06-15 04:01:00+00:00,2024-06-14,0.013327572731793857,0.010312278610034063,0.01303574310556538,3.9833333333333334,2024-06-15 04:01:00+00:00,2024-06-14,0.058553308751574384,0.03537346297258083,0.04949602429567616,3.9833333333333334
2024-06-18 08:00:00+00:00,0.002630278241337436,-0.007576991862227136,-0.028486340582091926,0.010081490169628985,2024-06-19 08:00:00+00:00,-0.0052627804236505815,2024-06-18 04:01:00+00:00,2024-06-17,0.01228193167198377,0.04249664034366589,0.007117673566567799,3.9833333333333334,2024-06-18 04:01:00+00:00,2024-06-17,-0.002181471476737862,0.0016154150703453414,0.0034567919435491154,3.9833333333333334,2024-06-18 04:01:00+00:00,2024-06-17,-0.008593326747149632,0.0008591065820491685,0.012708260405680715,3.9833333333333334,2024-06-18 04:01:00+00:00,2024-06-17,0.007083854888404684,0.0007846214604179258,0.04944608070218909,3.9833333333333334
2024-06-19 08:00:00+00:00,-0.0011796754224260297,-0.005276677632627988,-0.03203665559843141,0.009823594502096116,2024-06-20 08:00:00+00:00,0.008142894908972353,2024-06-19 04:01:00+00:00,2024-06-18,0.0003069142465648156,0.03572449679541767,0.007106687765380075,3.9833333333333334,2024-06-19 04:01:00+00:00,2024-06-18,-0.0005698315100719498,0.0002850375667929143,0.0034589516209769956,3.9833333333333334,2024-06-19 04:01:00+00:00,2024-06-18,0.007656275864060369,0.008687250391933927,0.012665086815874837,3.9833333333333334,2024-06-19 04:01:00+00:00,2024-06-18,-0.03593200922606288,-0.04374454896285695,0.04984751317468016,3.9833333333333334
2024-06-21 08:00:00+00:00,-0.004731813287824238,-0.025485063892659098,-0.04124480404387732,0.007145873941413533,2024-06-22 08:00:00+00:00,0.004958752604879324,2024-06-21 04:01:00+00:00,2024-06-20,-0.007894847569044572,0.014642767482827277,0.00752725185008576,3.9833333333333334,2024-06-21 04:01:00+00:00,2024-06-20,0.0031301349156409586,0.00894217166328077,0.0035141050114599315,3.9833333333333334,2024-06-21 04:01:00+00:00,2024-06-20,0.009372658410383927,0.006012106269107392,0.012883739224628049,3.9833333333333334,2024-06-21 04:01:00+00:00,2024-06-20,0.06213178110700612,0.10636503608383184,0.05054208866685541,3.9833333333333334
2024-06-22 08:00:00+00:00,0.0029888079793121136,0.004946653475298486,-0.023845324070785573,0.006792216917833068,2024-06-23 08:00:00+00:00,-0.0016230628678026715,2024-06-22 04:01:00+00:00,2024-06-21,-0.0026295327609524577,0.006289129686861484,0.007590566595312041,3.9833333333333334,2024-06-22 04:01:00+00:00,2024-06-21,0.001986913132718371,0.005687276974285674,0.0034945200706321595,3.9833333333333334,2024-06-22 04:01:00+00:00,2024-06-21,-0.01608478966333493,0.0056783905957536,0.013016173898480941,3.9833333333333334,2024-06-22 04:01:00+00:00,2024-06-21,-0.006042314455962483,0.04176941287629493,0.0478524554779519,3.9833333333333334
2024-06-25 08:00:00+00:00,-0.010122906152377098,-0.02876312169726775,-0.07898123376182029,0.008512416789652961,2024-06-26 08:00:00+00:00,0.017052933534326797,2024-06-25 04:01:00+00:00,2024-06-24,-0.011528411810921568,-0.009463946222369747,0.008087992740102436,3.9833333333333334,2024-06-25 04:01:00+00:00,2024-06-24,-0.003123984406331104,-0.000758239344780939,0.003568186944605552,3.9833333333333334,2024-06-25 04:01:00+00:00,2024-06-24,0.005646328451708094,-0.0020028536843318748,0.011986415493476192,3.9833333333333334,2024-06-25 04:01:00+00:00,2024-06-24,0.009800304598292175,0.044485862586182076,0.047337420525474204,3.9833333333333334
2024-06-26 08:00:00+00:00,-0.0034943724945915022,0.01690916441825535,-0.05679539171093688,0.008477157063306835,2024-06-27 08:00:00+00:00,-0.015003397600972801,2024-06-26 04:01:00+00:00,2024-06-25,0.011564002882206381,-0.010181875012147748,0.008179891591657216,3.9833333333333334,2024-06-26 04:01:00+00:00,2024-06-25,0.001326505675220524,0.002749737807176687,0.003455369665740812,3.9833333333333334,2024-06-26 04:01:00+00:00,2024-06-25,-0.005817886729155397,0.0007725863336618572,0.012058340590447594,3.9833333333333334,2024-06-26 04:01:00+00:00,2024-06-25,-0.03745183592880208,0.04296603588344334,0.0471829816161865,3.9833333333333334
2024-06-27 08:00:00+00:00,-0.0039940521605750234,-0.0151170871570863,-0.08002239929247747,0.008319214914133465,2024-06-28 08:00:00+00:00,0.009145637867941314,2024-06-27 04:01:00+00:00,2024-06-26,0.002530655920182312,-0.007958133338530031,0.008177207345110496,3.9833333333333334,2024-06-27 04:01:00+00:00,2024-06-26,0.004157640249605521,0.007477209566853933,0.0035338135269731355,3.9833333333333334,2024-06-27 04:01:00+00:00,2024-06-26,-0.0075797510424155945,-0.01446344057281427,0.011954012730822808,3.9833333333333334,2024-06-27 04:01:00+00:00,2024-06-26,-0.022844632684022148,0.005593302636511377,0.04102098373004833,3.9833333333333334
2024-06-28 08:00:00+00:00,-0.007763751693504517,0.00910406977420104,-0.04543326562561737,0.0079563088618115,2024-06-29 08:00:00+00:00,-0.004852647945778665,2024-06-28 04:01:00+00:00,2024-06-27,0.0019210141825354299,0.001857728413051038,0.007878464061394076,3.9833333333333334,2024-06-28 04:01:00+00:00,2024-06-27,-0.0013209983541484505,0.003026076297065263,0.003430317073577594,3.9833333333333334,2024-06-28 04:01:00+00:00,2024-06-27,0.01006509690162627,-0.013771002081571553,0.012119903840083674,3.9833333333333334,2024-06-28 04:01:00+00:00,2024-06-27,-0.02501138849361295,-0.08154986696410774,0.04094656794182198,3.9833333333333334
2024-06-29 08:00:00+00:00,0.004766280306535364,-0.004864460271353182,-0.05524437937226908,0.008409573032015148,2024-06-30 08:00:00+00:00,0.0077918440419115775,2024-06-29 04:01:00+00:00,2024-06-28,-0.0053790375645697,-0.0008917763905665863,0.007487674557916199,3.9833333333333334,2024-06-29 04:01:00+00:00,2024-06-28,-0.0003777591348805842,0.0006614040294660238,0.0033053398473594895,3.9833333333333334,2024-06-29 04:01:00+00:00,2024-06-28,0.0012830932322307476,0.003596880813994358,0.012122538525755015,3.9833333333333334,2024-06-29 04:01:00+00:00,2024-06-28,0.016207810226853248,-0.059299742281291826,0.032935594294234996,3.9833333333333334
2024-07-02 08:00:00+00:00,-0.008089181737020112,-0.010290951999816575,0.03154504974869581,0.00618697004447903,2024-07-03 08:00:00+00:00,-0.028101389110649855,2024-07-02 04:01:00+00:00,2024-07-01,0.0065502838712490075,0.017186919291604416,0.007490479865153956,3.9833333333333334,2024-07-02 04:01:00+00:00,2024-07-01,0.0002833147177812023,0.004068703153578137,0.0032973059388030318,3.9833333333333334,2024-07-02 04:01:00+00:00,2024-07-01,-0.00029932470566507163,-0.002348772343379262,0.01195715650853455,3.9833333333333334,2024-07-02 04:01:00+00:00,2024-07-01,-0.017843133567584157,-0.08694318044716794,0.03287946033887497,3.9833333333333334
2024-07-03 08:00:00+00:00,-0.0019363527526046198,-0.028503630079057457,-0.013867744748617107,0.006912694621139199,2024-07-04 08:00:00+00:00,-0.04353572473538292,2024-07-03 04:01:00+00:00,2024-07-02,0.010027673605325305,0.015650590014722802,0.00763909146572007,3.9833333333333334,2024-07-03 04:01:00+00:00,2024-07-02,-0.0017011657333814156,0.0010410317449758054,0.0030709487841564125,3.9833333333333334,2024-07-03 04:01:00+00:00,2024-07-02,-0.002354302065506353,0.0011148123202698885,0.01105384775094533,3.9833333333333334,2024-07-03 04:01:00+00:00,2024-07-02,-0.015670423756861673,-0.0651617682752277,0.032939575480937865,3.9833333333333334
2024-07-04 08:00:00+00:00,-0.015035998231825332,-0.04451184023517908,-0.04326249782670984,0.00798037366452304,2024-07-05 08:00:00+00:00,-0.06535470033574375,2024-07-04 04:01:00+00:00,2024-07-03,0.008693918510171983,0.021813852604711893,0.007718318258766781,3.9833333333333334,2024-07-04 04:01:00+00:00,2024-07-03,-0.003031450698364857,-0.006148059202993715,0.003179251114333655,3.9833333333333334,2024-07-04 04:01:00+00:00,2024-07-03,0.015310327766781207,0.024004891129467167,0.011417990058857465,3.9833333333333334,2024-07-04 04:01:00+00:00,2024-07-03,0.0049751346401136765,-0.03734200095109169,0.031836592824620584,3.9833333333333334
2024-07-06 08:00:00+00:00,0.0034685389060378213,0.03947421664603644,-0.07561588722681602,0.010601169708860972,2024-07-07 08:00:00+00:00,0.013496625799385153,2024-07-06 04:01:00+00:00,2024-07-05,0.010120683737575575,0.030013522159751498,0.006888262133117302,3.9833333333333334,2024-07-06 04:01:00+00:00,2024-07-05,-0.004945837316700619,-0.009772898165546405,0.0034030133437375704,3.9833333333333334,2024-07-06 04:01:00+00:00,2024-07-05,0.011873206838102668,0.025813001065942944,0.011416597872516218,3.9833333333333334,2024-07-06 04:01:00+00:00,2024-07-05,0.017785432433216286,0.0032102756302481894,0.0316091921128241,3.9833333333333334
2024-07-09 08:00:00+00:00,-0.000901604118293875,0.022393480247601728,-0.09214524249726594,0.012711828823842477,2024-07-10 08:00:00+00:00,0.03258496093271268,2024-07-09 04:01:00+00:00,2024-07-08,0.0023299839348620566,0.03772254365918327,0.006824434339043701,3.9833333333333334,2024-07-09 04:01:00+00:00,2024-07-08,0.0012387907934261477,-0.008156348237239732,0.0033780661250895055,3.9833333333333334,2024-07-09 04:01:00+00:00,2024-07-08,-0.014366352909866542,0.01016355492384589,0.011784814569647032,3.9833333333333334,2024-07-09 04:01:00+00:00,2024-07-08,-0.008853176536884888,0.012200232660947196,0.030178569949709556,3.9833333333333334
2024-07-10 08:00:00+00:00,0.013622498510072134,0.03206532908533216,-0.03157628333287635,0.012598106594093949,2024-07-11 08:00:00+00:00,-0.01333531373314012,2024-07-10 04:01:00+00:00,2024-07-09,0.0006593116059203652,0.031831571393853765,0.006773164596447594,3.9833333333333334,2024-07-10 04:01:00+00:00,2024-07-09,0.0010469768033471993,-0.0073926861516741904,0.0029406620036015576,3.9833333333333334,2024-07-10 04:01:00+00:00,2024-07-09,0.0018598739074624504,0.01232275353697381,0.009870083733180941,3.9833333333333334,2024-07-10 04:01:00+00:00,2024-07-09,0.011254138074423103,0.039124794492232225,0.03023103827829311,3.9833333333333334
2024-07-11 08:00:00+00:00,0.01077243819324103,-0.013425027496121376,-0.000489470593818615,0.012269301766310893,2024-07-12 08:00:00+00:00,-0.018637601711590235,2024-07-11 04:01:00+00:00,2024-07-10,0.010813136062761686,0.032617033851292054,0.006958699401520239,3.9833333333333334,2024-07-11 04:01:00+00:00,2024-07-10,-0.0006661245228283263,-0.006357644941120618,0.002891106399038027,3.9833333333333334,2024-07-11 04:01:00+00:00,2024-07-10,0.004970963640971604,0.01964801924345206,0.00991161482766054,3.9833333333333334,2024-07-11 04:01:00+00:00,2024-07-10,0.026815486862409088,0.06096514671452743,0.026821269957130807,3.9833333333333334
2024-07-12 08:00:00+00:00,0.00338411816641937,-0.01881364552905912,0.04828488042041697,0.011047195968711978,2024-07-13 08:00:00+00:00,0.018620850877169914,2024-07-12 04:01:00+00:00,2024-07-11,-0.022698870344273203,0.0012242449968464957,0.009121384690485478,3.9833333333333334,2024-07-12 04:01:00+00:00,2024-07-11,-0.005823689134446752,-0.009149883377202628,0.00315689955720071,3.9833333333333334,2024-07-12 04:01:00+00:00,2024-07-11,0.01757790696518935,0.02191559844185949,0.010563125618190223,3.9833333333333334,2024-07-12 04:01:00+00:00,2024-07-11,0.005432687013227078,0.05243456784639046,0.026684336829704003,3.9833333333333334
2024-07-13 08:00:00+00:00,0.00614429814295292,0.018449608592649876,0.02726027236703047,0.01067717217716813,2024-07-14 08:00:00+00:00,0.03251967111068477,2024-07-13 04:01:00+00:00,2024-07-12,0.005926135538377508,-0.002970303202351795,0.008814672740966414,3.9833333333333334,2024-07-13 04:01:00+00:00,2024-07-12,-0.0033568928618565863,-0.007560938922358521,0.003004165083860058,3.9833333333333334,2024-07-13 04:01:00+00:00,2024-07-12,-0.0004955813954206079,0.009546810208337144,0.010304819007294632,3.9833333333333334,2024-07-13 04:01:00+00:00,2024-07-12,-0.03625298499514873,-0.001603849581974516,0.02482915816117311,3.9833333333333334
2024-07-16 08:00:00+00:00,-0.029099921940577644,0.000873105288664254,0.09636783391382177,0.0105982759161502,2024-07-17 08:00:00+00:00,0.03757054812456495,2024-07-16 04:01:00+00:00,2024-07-15,0.0027206716614216475,-0.0025796154757905263,0.008776566781559693,3.9833333333333334,2024-07-16 04:01:00+00:00,2024-07-15,0.0009603045111106212,-0.007839425204673425,0.0027309815316075197,3.9833333333333334,2024-07-16 04:01:00+00:00,2024-07-15,0.003381705391811707,0.02729486851001397,0.00948634701818134,3.9833333333333334,2024-07-16 04:01:00+00:00,2024-07-15,0.051614270156636,0.05886359711154637,0.027433046338983223,3.9833333333333334
2024-07-17 08:00:00+00:00,-0.006775547482263278,0.036881815765390416,0.10118432059388004,0.011007064227926303,2024-07-18 08:00:00+00:00,-0.009041188966687819,2024-07-17 04:01:00+00:00,2024-07-16,0.0005756105269814071,-0.0026633165547295203,0.008766399644998814,3.9833333333333334,2024-07-17 04:01:00+00:00,2024-07-16,0.0007674777505330965,-0.008118924257487779,0.0026003371335192467,3.9833333333333334,2024-07-17 04:01:00+00:00,2024-07-16,0.01588864550722313,0.04132364010977457,0.00965824676889019,3.9833333333333334,2024-07-17 04:01:00+00:00,2024-07-16,0.005321183213280012,0.05293064225040349,0.02598883567252271,3.9833333333333334
2024-07-18 08:00:00+00:00,-0.0030429316136189044,-0.00908215531200416,0.10552719277799721,0.010811364719803835,2024-07-19 08:00:00+00:00,-0.015061390486794002,2024-07-18 04:01:00+00:00,2024-07-17,-0.029828675393320125,-0.04330512801081336,0.010920130038255461,3.9833333333333334,2024-07-18 04:01:00+00:00,2024-07-17,-0.004999497496068095,-0.012452297230727709,0.0027613315816235706,3.9833333333333334,2024-07-18 04:01:00+00:00,2024-07-17,-0.0032064262561508627,0.03314625021265223,0.009405438660257809,3.9833333333333334,2024-07-18 04:01:00+00:00,2024-07-17,0.09330942022834732,0.1194245756163415,0.03282157940938726,3.9833333333333334
2024-07-19 08:00:00+00:00,-0.009857834548105515,-0.015175965119658134,0.10916487318739806,0.01056790249483994,2024-07-20 08:00:00+00:00,0.04503186406382653,2024-07-19 04:01:00+00:00,2024-07-18,-0.00476156390498339,-0.025367821571523043,0.010964977622559722,3.9833333333333334,2024-07-19 04:01:00+00:00,2024-07-18,0.004040003307986595,-0.0025886047882937367,0.002962325459073412,3.9833333333333334,2024-07-19 04:01:00+00:00,2024-07-18,-0.00142383529497625,0.01414450795248712,0.009374436515931148,3.9833333333333334,2024-07-19 04:01:00+00:00,2024-07-18,0.09543573696438656,0.20942762556750139,0.03639331633691988,3.9833333333333334
2024-07-20 08:00:00+00:00,-0.0005967065371486058,0.04404752711426107,0.13476279170900934,0.011181687545458235,2024-07-21 08:00:00+00:00,0.00209923730065098,2024-07-20 04:01:00+00:00,2024-07-19,-0.009303220805705337,-0.04059717791560489,0.011019258643929436,3.9833333333333334,2024-07-20 04:01:00+00:00,2024-07-19,0.002205527645442018,0.002973815719004171,0.002909091720411515,3.9833333333333334,2024-07-20 04:01:00+00:00,2024-07-19,-0.023603115988079182,-0.008963026640172018,0.010845775503239638,3.9833333333333334,2024-07-20 04:01:00+00:00,2024-07-19,0.036367644170875124,0.28204825473352485,0.03669901321498635,3.9833333333333334
2024-07-23 08:00:00+00:00,-0.013398038044600824,-0.009864666130562362,0.05687732395461171,0.009409611183025345,2024-07-24 08:00:00+00:00,-0.007480173035327997,2024-07-23 04:01:00+00:00,2024-07-22,0.015262529025127591,-0.02805532055190022,0.011557654524591435,3.9833333333333334,2024-07-23 04:01:00+00:00,2024-07-22,-0.0008624787816513546,0.0011510324262420657,0.002846549962681105,3.9833333333333334,2024-07-23 04:01:00+00:00,2024-07-22,-0.0018357660625296646,-0.01418049809451306,0.010134603091320893,3.9833333333333334,2024-07-23 04:01:00+00:00,2024-07-22,-0.10253963931618504,0.1278943452607041,0.04466085916152627,3.9833333333333334
2024-07-24 08:00:00+00:00,0.00038280276112701017,-0.007508289829723484,0.01248721835949787,0.009024291072298476,2024-07-25 08:00:00+00:00,-0.029419776627621852,2024-07-24 04:01:00+00:00,2024-07-23,-0.0034630721631039307,-0.03209400324198514,0.01125972594901951,3.9833333333333334,2024-07-24 04:01:00+00:00,2024-07-23,0.0013412475025855741,0.0017248021782950355,0.002822186792015426,3.9833333333333334,2024-07-24 04:01:00+00:00,2024-07-23,0.005247866128097911,-0.02482127747363758,0.010126087756064724,3.9833333333333334,2024-07-24 04:01:00+00:00,2024-07-23,-0.012825015475916857,0.10974814657150696,0.04374141368803986,3.9833333333333334
2024-07-25 08:00:00+00:00,0.0006302855935729212,-0.029861217890998194,-0.008291844219496271,0.009312818256920055,2024-07-26 08:00:00+00:00,0.0429812579910811,2024-07-25 04:01:00+00:00,2024-07-24,-0.03723090869938339,-0.03949623654804798,0.013787487897326256,3.9833333333333334,2024-07-25 04:01:00+00:00,2024-07-24,-0.0005745792118032611,0.006149720462560036,0.0027897590067495694,3.9833333333333334,2024-07-25 04:01:00+00:00,2024-07-24,0.003483272169553686,-0.018131579047932812,0.009993548299557514,3.9833333333333334,2024-07-25 04:01:00+00:00,2024-07-24,0.20338440133374736,0.2198231276769073,0.06136432970668152,3.9833333333333334
2024-07-26 08:00:00+00:00,-0.002261586775384572,0.04208320652936256,0.0489673274295246,0.009535596716682377,2024-07-27 08:00:00+00:00,0.01713425631359633,2024-07-26 04:01:00+00:00,2024-07-25,-0.010660149177365241,-0.04539482182043008,0.013888244816776819,3.9833333333333334,2024-07-26 04:01:00+00:00,2024-07-25,-0.00028741345631999593,0.0018223036982530348,0.0025599780795247822,3.9833333333333334,2024-07-26 04:01:00+00:00,2024-07-25,-0.026085498105246963,-0.042793241858204455,0.011629444341424655,3.9833333333333334,2024-07-26 04:01:00+00:00,2024-07-25,0.023014714440228623,0.14740210515274904,0.060520589436916156,3.9833333333333334
2024-07-27 08:00:00+00:00,0.003514275524395316,0.016989120461355728,0.02190892077661919,0.008097611323891191,2024-07-28 08:00:00+00:00,-0.006993580521565623,2024-07-27 04:01:00+00:00,2024-07-26,0.010201327585322773,-0.025890273429403227,0.014144460635751211,3.9833333333333334,2024-07-27 04:01:00+00:00,2024-07-26,-0.000383370864086352,-0.0007665948112750637,0.002558581787824828,3.9833333333333334,2024-07-27 04:01:00+00:00,2024-07-26,0.0116169856456656,-0.007573140224458963,0.01169903935712951,3.9833333333333334,2024-07-27 04:01:00+00:00,2024-07-26,-0.11893483631896773,-0.007900375337093604,0.06810003816256144,3.9833333333333334
2024-07-30 08:00:00+00:00,0.005121228305483783,-0.03775374823152302,0.005631792489987436,0.008448171011302252,2024-07-31 08:00:00+00:00,-0.010873461584418709,2024-07-30 04:01:00+00:00,2024-07-29,0.0018816767168399195,-0.03927112573769029,0.014145595670409444,3.9833333333333334,2024-07-30 04:01:00+00:00,2024-07-29,0.0022979507136726696,0.002393834684048291,0.0026478175966995897,3.9833333333333334,2024-07-30 04:01:00+00:00,2024-07-29,-0.0013448565274174484,-0.007082230689346908,0.011709750052916142,3.9833333333333334,2024-07-30 04:01:00+00:00,2024-07-29,0.012731302606759254,0.1073705665858506,0.06769457506023402,3.9833333333333334
2024-07-31 08:00:00+00:00,0.002509791009160267,-0.010933009724196361,0.0022070725955146476,0.008168582783230774,2024-08-01 08:00:00+00:00,-0.028621043730369666,2024-07-31 04:01:00+00:00,2024-07-30,-0.013906731600135558,-0.04971478517472276,0.014263660633463397,3.9833333333333334,2024-07-31 04:01:00+00:00,2024-07-30,-9.559090253397073e-05,0.0009569962789290497,0.002642344877303425,3.9833333333333334,2024-07-31 04:01:00+00:00,2024-07-30,0.011374192580416498,-0.0009559042370289021,0.011940223304959129,3.9833333333333334,2024-07-31 04:01:00+00:00,2024-07-30,0.06359681280919638,0.1837923948709638,0.06810409940338041,3.9833333333333334
2024-08-01 08:00:00+00:00,0.006121427516113442,-0.029038768057781078,0.0030295224287319386,0.008256705957308711,2024-08-02 08:00:00+00:00,-0.0025576493192762673,2024-08-01 04:01:00+00:00,2024-07-31,0.029676153403915606,0.017192276928576906,0.015777791903615803,3.9833333333333334,2024-08-01 04:01:00+00:00,2024-07-31,-0.004313494100995463,-0.002781918610263063,0.0027594548271846512,3.9833333333333334,2024-08-01 04:01:00+00:00,2024-07-31,0.008899986305409335,0.004460809898826464,0.012019236712295506,3.9833333333333334,2024-08-01 04:01:00+00:00,2024-07-31,-0.07816017699709299,-0.09775218345987662,0.07147673535313173,3.9833333333333334
2024-08-02 08:00:00+00:00,-0.006913109247287608,-0.0025607702401665524,-0.041614454340797254,0.009796546360262575,2024-08-03 08:00:00+00:00,-0.03899456502681331,2024-08-02 04:01:00+00:00,2024-08-01,-0.024681214131049956,0.0031712119748919395,0.016379716838701094,3.9833333333333334,2024-08-02 04:01:00+00:00,2024-08-01,0.0030692494838229223,0.0005747443298797447,0.002832775156607403,3.9833333333333334,2024-08-02 04:01:00+00:00,2024-08-01,0.022131218623378857,0.05267752662745296,0.012505055257882243,3.9833333333333334,2024-08-02 04:01:00+00:00,2024-08-01,0.12778447055875164,0.00701757265864654,0.07578120905985183,3.9833333333333334
2024-08-03 08:00:00+00:00,-0.0037873756403996595,-0.03977537666301623,-0.09837895146516934,0.010611142909435729,2024-08-04 08:00:00+00:00,-0.02088838477883137,2024-08-03 04:01:00+00:00,2024-08-02,-0.024085068902085283,-0.03111518451251432,0.016685565812869535,3.9833333333333334,2024-08-03 04:01:00+00:00,2024-08-02,-0.011655471739614676,-0.01069735654564899,0.0036659003119407277,3.9833333333333334,2024-08-03 04:01:00+00:00,2024-08-02,-0.004443913014855916,0.03661662796693158,0.012379062648423506,3.9833333333333334,2024-08-03 04:01:00+00:00,2024-08-02,0.22968477886273497,0.3556371878403494,0.08899608655621384,3.9833333333333334
2024-08-06 08:00:00+00:00,0.005986814903929272,0.06122592990540017,-0.17862443256686822,0.019846480867560707,2024-08-07 08:00:00+00:00,0.01648076128405984,2024-08-06 04:01:00+00:00,2024-08-05,-0.030037997373764114,-0.06303485860311939,0.017484862434390756,3.9833333333333334,2024-08-06 04:01:00+00:00,2024-08-05,-0.005050973722581453,-0.018046280981902536,0.003750379664684785,3.9833333333333334,2024-08-06 04:01:00+00:00,2024-08-05,-0.010337541384044968,0.02762394311030426,0.012138038252199428,3.9833333333333334,2024-08-06 04:01:00+00:00,2024-08-05,0.5001661916240487,0.8430720768576389,0.13681392069537043,3.9833333333333334
2024-08-07 08:00:00+00:00,0.0010354807284116418,0.016311248280818175,-0.15138017456185365,0.020574732426108373,2024-08-08 08:00:00+00:00,0.0047885741812629945,2024-08-07 04:01:00+00:00,2024-08-06,0.010161005822160618,-0.038967121180821955,0.01781971337109824,3.9833333333333334,2024-08-07 04:01:00+00:00,2024-08-06,0.0027229305388676295,-0.015227759540500934,0.0038193659950129834,3.9833333333333334,2024-08-07 04:01:00+00:00,2024-08-06,-0.005250137033868896,0.010999613496018636,0.012236301011613979,3.9833333333333334,2024-08-07 04:01:00+00:00,2024-08-06,-0.33068141334524936,0.4487938507031931,0.16188127641240674,3.9833333333333334
2024-08-08 08:00:00+00:00,0.0025165618280400537,0.004777320275433317,-0.11756408622863938,0.021554497337236186,2024-08-09 08:00:00+00:00,0.06416990188392102,2024-08-08 04:01:00+00:00,2024-08-07,-0.01171520356854927,-0.08035847815328699,0.017396550180830597,3.9833333333333334,2024-08-08 04:01:00+00:00,2024-08-07,0.002231127952566858,-0.008683137486939108,0.003888344397782744,3.9833333333333334,2024-08-08 04:01:00+00:00,2024-08-07,0.00032886706196944004,0.0024284942525783096,0.01220754156558637,3.9833333333333334,2024-08-08 04:01:00+00:00,2024-08-07,0.005039607498405818,0.5319936351986921,0.16204609201549622,3.9833333333333334
2024-08-09 08:00:00+00:00,-0.008097116156529083,0.06219472124636128,-0.0528085947421115,0.022184637357261294,2024-08-10 08:00:00+00:00,-0.00035439913327472983,2024-08-09 04:01:00+00:00,2024-08-08,0.03012539040973472,-0.025551873612503002,0.018881907781021973,3.9833333333333334,2024-08-09 04:01:00+00:00,2024-08-08,9.691523114696565e-05,-0.011655471739615158,0.0037143115325451413,3.9833333333333334,2024-08-09 04:01:00+00:00,2024-08-08,0.012623550107243808,-0.007079174263556793,0.01190190892010424,3.9833333333333334,2024-08-09 04:01:00+00:00,2024-08-08,-0.15756764205842666,0.24664152258151353,0.16780271528205098,3.9833333333333334
2024-08-10 08:00:00+00:00,0.0066649411165613515,-0.0003544620057380464,-0.013387680084833275,0.021959858366099157,2024-08-11 08:00:00+00:00,0.006820780575789609,2024-08-10 04:01:00+00:00,2024-08-09,0.005377081884446966,0.00391027717402777,0.018866103235488194,3.9833333333333334,2024-08-10 04:01:00+00:00,2024-08-09,-0.0006784560021992903,-0.0006784560021994059,0.0036572359169809764,3.9833333333333334,2024-08-10 04:01:00+00:00,2024-08-09,0.004091748620267843,0.001456487371566901,0.01191885405913065,3.9833333333333334,2024-08-10 04:01:00+00:00,2024-08-09,-0.15520209407615182,-0.1382453503573732,0.1723406893056749,3.9833333333333334
2024-08-13 08:00:00+00:00,0.0033488916175983263,0.00955697697794549,0.056212559746110696,0.01387078621936298,2024-08-14 08:00:00+00:00,0.02829211967645784,2024-08-13 04:01:00+00:00,2024-08-12,0.0015614407091106841,0.03550971525690317,0.018843922541583166,3.9833333333333334,2024-08-13 04:01:00+00:00,2024-08-12,0.0,0.004372517720382116,0.0036439088216800915,3.9833333333333334,2024-08-13 04:01:00+00:00,2024-08-12,0.012295770394628036,0.024089799150239982,0.012173529078345388,3.9833333333333334,2024-08-13 04:01:00+00:00,2024-08-12,0.016553445168778325,-0.6218580968126436,0.17222947513591602,3.9833333333333334
2024-08-14 08:00:00+00:00,-0.0006369246651090066,0.027899289775678748,0.06780060124097106,0.01350297248993456,2024-08-15 08:00:00+00:00,-0.04684734318963013,2024-08-14 04:01:00+00:00,2024-08-13,0.024737317314460938,0.05008602674920408,0.019945144092728767,3.9833333333333334,2024-08-14 04:01:00+00:00,2024-08-13,-0.005639313337416851,-0.003989726155902317,0.003804114604589473,3.9833333333333334,2024-08-14 04:01:00+00:00,2024-08-13,0.0015164410069505863,0.030856377191059135,0.011695677873879007,3.9833333333333334,2024-08-14 04:01:00+00:00,2024-08-13,-0.13360037479265952,-0.42477705826005374,0.17573815915523133,3.9833333333333334
2024-08-15 08:00:00+00:00,-0.006568246759281138,-0.047980030391437875,0.015043250574100058,0.012773975264873564,2024-08-16 08:00:00+00:00,0.006831338972062895,2024-08-15 04:01:00+00:00,2024-08-14,0.0008546085488774224,0.06265583886663052,0.018972519938917774,3.9833333333333334,2024-08-15 04:01:00+00:00,2024-08-14,9.751997633067333e-05,-0.0061233341321386,0.0036785172558252968,3.9833333333333334,2024-08-15 04:01:00+00:00,2024-08-14,-0.011268328818177409,0.019259181310913528,0.011976722309199573,3.9833333333333334,2024-08-15 04:01:00+00:00,2024-08-14,-0.11262253292528923,-0.5424391986837492,0.17699099290721063,3.9833333333333334
2024-08-16 08:00:00+00:00,0.009746612069566396,0.006807938866423033,-0.04034353180583811,0.012571777430431981,2024-08-17 08:00:00+00:00,0.01353148699582385,2024-08-16 04:01:00+00:00,2024-08-15,0.024277294711861686,0.056807743168757655,0.019841344557281468,3.9833333333333334,2024-08-16 04:01:00+00:00,2024-08-15,0.003989337871885823,-0.0022309114913997385,0.00367518994772751,3.9833333333333334,2024-08-16 04:01:00+00:00,2024-08-15,0.005108497079691965,0.01174412828336096,0.012013357972172616,3.9833333333333334,2024-08-16 04:01:00+00:00,2024-08-15,-0.06112660078247378,-0.44599815740779586,0.17626847735090143,3.9833333333333334
2024-08-17 08:00:00+00:00,0.0015139391085021714,0.013440754010777609,-0.026548315789322603,0.013051622884447141,2024-08-18 08:00:00+00:00,0.005491999729948738,2024-08-17 04:01:00+00:00,2024-08-16,0.0009420394090486894,0.05237270069336069,0.019735389147607724,3.9833333333333334,2024-08-17 04:01:00+00:00,2024-08-16,-0.005062357640317927,-0.006614813129517969,0.0037445053760675633,3.9833333333333334,2024-08-17 04:01:00+00:00,2024-08-16,0.018051520714696068,0.025703900377788937,0.011153203877201628,3.9833333333333334,2024-08-17 04:01:00+00:00,2024-08-16,-0.028639986137001028,-0.3194360494686451,0.17611825650294377,3.9833333333333334
2024-08-20 08:00:00+00:00,0.005021257673831769,0.04056841288864406,0.028068530413369906,0.01273028379986422,2024-08-21 08:00:00+00:00,-0.01989911091348895,2024-08-20 04:01:00+00:00,2024-08-19,0.013136822351855315,0.06394808233610458,0.019654218659360952,3.9833333333333334,2024-08-20 04:01:00+00:00,2024-08-19,-0.005578675579700487,-0.012193488709218006,0.0038853601157932843,3.9833333333333334,2024-08-20 04:01:00+00:00,2024-08-19,0.001378197116301827,0.014786327099462907,0.011105793583951787,3.9833333333333334,2024-08-20 04:01:00+00:00,2024-08-19,-0.010186845306992875,-0.34617633994441643,0.17464452263470742,3.9833333333333334
2024-08-21 08:00:00+00:00,0.006586487955148712,-0.020099597098306516,-0.019930356460615486,0.013122177867751444,2024-08-22 08:00:00+00:00,0.021307613429061734,2024-08-21 04:01:00+00:00,2024-08-20,-0.0023638543566377734,0.03684691066500501,0.019645979250448,3.9833333333333334,2024-08-21 04:01:00+00:00,2024-08-20,-0.004426279239488906,-0.010980454611290644,0.0039028725586511544,3.9833333333333334,2024-08-21 04:01:00+00:00,2024-08-20,0.003652883560905984,0.016922769653419302,0.011094303123403277,3.9833333333333334,2024-08-21 04:01:00+00:00,2024-08-20,0.08062012035591337,-0.13195584479584357,0.17555571709725182,3.9833333333333334
2024-08-22 08:00:00+00:00,0.007165314943801349,0.02108361274871198,0.04913328667953429,0.013305241496159817,2024-08-23 08:00:00+00:00,0.001392981243864222,2024-08-22 04:01:00+00:00,2024-08-21,0.005311451798126754,0.04130375391425436,0.017610320502745205,3.9833333333333334,2024-08-22 04:01:00+00:00,2024-08-21,-0.003951027653131156,-0.015029002240752548,0.003935354421441387,3.9833333333333334,2024-08-22 04:01:00+00:00,2024-08-21,-0.0012161777834780452,0.026974920688117254,0.011130808117978593,3.9833333333333334,2024-08-22 04:01:00+00:00,2024-08-21,0.024262465411956757,0.004929153541402521,0.1692948696935302,3.9833333333333334
2024-08-23 08:00:00+00:00,0.007824302726037402,0.0013921756940210458,0.04371752350713224,0.011021753176159901,2024-08-24 08:00:00+00:00,0.05314850712125874,2024-08-23 04:01:00+00:00,2024-08-22,-0.016939780553309802,8.66786490839309e-05,0.01790222982044006,3.9833333333333334,2024-08-23 04:01:00+00:00,2024-08-22,0.00464084973759693,-0.014377490375040892,0.004171131831697808,3.9833333333333334,2024-08-23 04:01:00+00:00,2024-08-22,-0.01216398597816859,0.009702437630257355,0.00956381888603695,3.9833333333333334,2024-08-23 04:01:00+00:00,2024-08-22,0.07573102868092851,0.14178678300480432,0.1701648210727182,3.9833333333333334
2024-08-24 08:00:00+00:00,0.0075380968634757295,0.051784091863067226,0.08206086135942194,0.01136711360397585,2024-08-25 08:00:00+00:00,-0.006945969058540058,2024-08-24 04:01:00+00:00,2024-08-23,0.011681513835860358,0.010826153075893885,0.017942128126479922,3.9833333333333334,2024-08-24 04:01:00+00:00,2024-08-23,-0.007812934985010678,-0.017128067719734515,0.004401744372876731,3.9833333333333334,2024-08-24 04:01:00+00:00,2024-08-23,0.011692844126281798,0.0033437610418434577,0.009567283533492604,3.9833333333333334,2024-08-24 04:01:00+00:00,2024-08-23,-0.10125373370517332,0.06917303543663238,0.16957312264012805,3.9833333333333334
2024-08-27 08:00:00+00:00,-0.0010755345083470758,-0.011455177734985417,0.03195028566911913,0.010514582466477152,2024-08-28 08:00:00+00:00,-0.0683812616132441,2024-08-27 04:01:00+00:00,2024-08-26,-0.010420262989660145,-0.01273093226562009,0.018148848152216904,3.9833333333333334,2024-08-27 04:01:00+00:00,2024-08-26,0.0012898474141769256,-0.010259544725856808,0.004358438307626852,3.9833333333333334,2024-08-27 04:01:00+00:00,2024-08-26,0.0034891351064381126,0.005454699031979253,0.009503119414779711,3.9833333333333334,2024-08-27 04:01:00+00:00,2024-08-26,0.018119833461963886,0.09747971420558921,0.1696014426665379,3.9833333333333334
2024-08-28 08:00:00+00:00,-0.017390780623223634,-0.07083146799968625,-0.01878158523226054,0.01202184116291758,2024-08-29 08:00:00+00:00,0.016772757042629483,2024-08-28 04:01:00+00:00,2024-08-27,0.0033290811040380675,-0.007037996804944579,0.01780039906702885,3.9833333333333334,2024-08-28 04:01:00+00:00,2024-08-27,-0.002979102700727765,-0.00881236818709596,0.004346545415688169,3.9833333333333334,2024-08-28 04:01:00+00:00,2024-08-27,-0.0009005497345491165,0.0009012657365234406,0.009369896324981739,3.9833333333333334,2024-08-28 04:01:00+00:00,2024-08-27,-0.04560638329359623,-0.02874678944392025,0.1691569403896581,3.9833333333333334
2024-08-29 08:00:00+00:00,0.007458953505375732,0.01663364769647555,-0.023231550284496867,0.011421541882139145,2024-08-30 08:00:00+00:00,-0.005249238552440638,2024-08-29 04:01:00+00:00,2024-08-28,-0.011853547980702928,-0.02420299658377534,0.01680194014158412,3.9833333333333334,2024-08-29 04:01:00+00:00,2024-08-28,0.005356026370427536,0.0004946858364634277,0.0046002493492766,3.9833333333333334,2024-08-29 04:01:00+00:00,2024-08-28,-0.00593234641373197,-0.00381490289372972,0.009463521818749026,3.9833333333333334,2024-08-29 04:01:00+00:00,2024-08-28,0.1033494215290327,0.05034016667315562,0.16999583916409627,3.9833333333333334
2024-08-30 08:00:00+00:00,0.004041995607986237,-0.005263232925408981,-0.02988695890392686,0.011989268596985526,2024-08-31 08:00:00+00:00,-0.002971093337040598,2024-08-30 04:01:00+00:00,2024-08-29,-0.0013098527296371287,-0.008573068760101603,0.01577881273380433,3.9833333333333334,2024-08-30 04:01:00+00:00,2024-08-29,0.0024699909711660695,-0.0016761729299686768,0.004571006587297436,3.9833333333333334,2024-08-30 04:01:00+00:00,2024-08-29,0.008826874975790489,0.017175958060229358,0.008399706064957891,3.9833333333333334,2024-08-30 04:01:00+00:00,2024-08-29,-0.08919217091793996,-0.11458303292571258,0.16847897283108051,3.9833333333333334
2024-08-31 08:00:00+00:00,-0.0023157867545293698,-0.0029755162994807806,-0.08464656706647482,0.011021708278814664,2024-09-01 08:00:00+00:00,-0.010430153070453918,2024-08-31 04:01:00+00:00,2024-08-30,0.012812043156722908,-0.00744253943923792,0.014801178745622026,3.9833333333333334,2024-08-31 04:01:00+00:00,2024-08-30,0.003546109136158826,0.009682871191201887,0.00402408533289408,3.9833333333333334,2024-08-31 04:01:00+00:00,2024-08-30,-0.012854183643682404,-0.0073710697097351735,0.008911908148196241,3.9833333333333334,2024-08-31 04:01:00+00:00,2024-08-30,-0.04242071588395202,-0.05575001510449183,0.158939925150784,3.9833333333333334
2024-09-04 08:00:00+00:00,0.0016229283320434718,-0.04084878019048704,-0.032166250696758644,0.010152985541520308,2024-09-05 08:00:00+00:00,0.007209318718500057,2024-09-04 04:01:00+00:00,2024-09-03,-0.03196983154745503,-0.028992107997033948,0.01503251177101675,3.9833333333333334,2024-09-04 04:01:00+00:00,2024-09-03,0.0012775011179968487,0.009670524895021237,0.003914321796090925,3.9833333333333334,2024-09-04 04:01:00+00:00,2024-09-03,-0.0018216048942010232,-0.012681809710373734,0.008529044712897211,3.9833333333333334,2024-09-04 04:01:00+00:00,2024-09-03,0.2870387787660391,0.29478575101621274,0.10507912284232732,3.9833333333333334
2024-09-05 08:00:00+00:00,0.000344385521993118,0.007183455808555809,-0.041616442584678524,0.010304867564552012,2024-09-06 08:00:00+00:00,-0.02363428635414866,2024-09-05 04:01:00+00:00,2024-09-04,-0.001971473982303351,-0.03429266308337587,0.014968175340643352,3.9833333333333334,2024-09-05 04:01:00+00:00,2024-09-04,-0.004626232130553909,0.008023395465195269,0.0039485034586381855,3.9833333333333334,2024-09-05 04:01:00+00:00,2024-09-04,0.0011883542693791327,-0.010592905706445528,0.008377745639202095,3.9833333333333334,2024-09-05 04:01:00+00:00,2024-09-04,0.02854618190636149,0.21998251139354166,0.1054404296451097,3.9833333333333334
2024-09-06 08:00:00+00:00,-0.013946200444241441,-0.023917876951967735,-0.060271086611237285,0.009745073006493202,2024-09-07 08:00:00+00:00,-0.027207232133449222,2024-09-06 04:01:00+00:00,2024-09-05,0.0004718245403889654,-0.021967290562283102,0.014612276750391543,3.9833333333333334,2024-09-06 04:01:00+00:00,2024-09-05,-0.002469502894687281,0.00019786620008032063,0.00389892584047512,3.9833333333333334,2024-09-06 04:01:00+00:00,2024-09-05,0.006746823772507682,0.0020862644797944906,0.00843692819483368,3.9833333333333334,2024-09-06 04:01:00+00:00,2024-09-05,-0.06892586756719687,0.2402488147442844,0.10082155713825722,3.9833333333333334
2024-09-07 08:00:00+00:00,0.008641474409657235,-0.02758438134328484,-0.08487995165504142,0.010655450802628832,2024-09-08 08:00:00+00:00,0.00276774859079687,2024-09-07 04:01:00+00:00,2024-09-06,-0.02725722550777654,-0.0479146633404245,0.014616578767159433,3.9833333333333334,2024-09-07 04:01:00+00:00,2024-09-06,0.0006920727401391602,-0.0015800520309462024,0.003910178165287771,3.9833333333333334,2024-09-07 04:01:00+00:00,2024-09-06,-0.007301174682313061,-0.01404178517830976,0.008320022465878863,3.9833333333333334,2024-09-07 04:01:00+00:00,2024-09-06,0.11744797115333228,0.40011750178156913,0.09840630624241986,3.9833333333333334
2024-09-10 08:00:00+00:00,0.012200077629056949,0.04001796795474406,-0.03255545343846566,0.011763810975859053,2024-09-11 08:00:00+00:00,-0.00885289668247502,2024-09-10 04:01:00+00:00,2024-09-09,0.012915781174291041,-0.04781092532285488,0.014857213958435036,3.9833333333333334,2024-09-10 04:01:00+00:00,2024-09-09,0.0036502061982117695,-0.0014759549688938515,0.004045959226900835,3.9833333333333334,2024-09-10 04:01:00+00:00,2024-09-09,0.0032032350713926405,0.0020156335367650965,0.008306293017322471,3.9833333333333334,2024-09-10 04:01:00+00:00,2024-09-09,-0.1403206328193236,0.22378643143921212,0.10353079021440546,3.9833333333333334
2024-09-11 08:00:00+00:00,-0.0018946280953962003,-0.008892667495164453,-0.0005993407431429849,0.011839714501333327,2024-09-12 08:00:00+00:00,0.025147054389361267,2024-09-11 04:01:00+00:00,2024-09-10,0.008981745509617056,-0.006859348265782944,0.014979958916838622,3.9833333333333334,2024-09-11 04:01:00+00:00,2024-09-10,0.0007874220461978609,-0.001966034040692619,0.004057730135249024,3.9833333333333334,2024-09-11 04:01:00+00:00,2024-09-10,0.00409793961092042,0.007935178041886794,0.007922536055384123,3.9833333333333334,2024-09-11 04:01:00+00:00,2024-09-10,-0.01920640404431495,-0.0824587513711419,0.09900490130081833,3.9833333333333334
2024-09-12 08:00:00+00:00,-0.0016251491921686068,0.02483641833039499,0.01705362177869631,0.011349244885329898,2024-09-13 08:00:00+00:00,-0.000496059816144867,2024-09-12 04:01:00+00:00,2024-09-11,0.021445440341905098,0.01655756605842504,0.014718539387017143,3.9833333333333334,2024-09-12 04:01:00+00:00,2024-09-11,0.0004918897581669412,0.003152087848028844,0.0038962968397059745,3.9833333333333334,2024-09-12 04:01:00+00:00,2024-09-11,-0.0002753693115415956,0.006471454460965832,0.00792383805440209,3.9833333333333334,2024-09-12 04:01:00+00:00,2024-09-11,-0.07564115784844638,-0.18664609112594985,0.09706641618828563,3.9833333333333334
2024-09-13 08:00:00+00:00,0.004542103692745769,-0.0004963548986024224,0.040475143832061626,0.011208106531178595,2024-09-14 08:00:00+00:00,0.03491402668522481,2024-09-13 04:01:00+00:00,2024-09-12,0.009610407546395194,0.02569614906443273,0.014855970653958004,3.9833333333333334,2024-09-13 04:01:00+00:00,2024-09-12,-0.003053413393601545,0.002568177349114006,0.00393729529189454,3.9833333333333334,2024-09-13 04:01:00+00:00,2024-09-12,0.014913489488801446,0.014638120177259491,0.008007377117646026,3.9833333333333334,2024-09-13 04:01:00+00:00,2024-09-12,-0.03567697136534509,-0.1533971949240973,0.09632576207188874,3.9833333333333334
2024-09-14 08:00:00+00:00,-0.0031748005852030303,0.03431835726254706,0.10237788243789364,0.010544574320618599,2024-09-15 08:00:00+00:00,0.0009619519326669046,2024-09-14 04:01:00+00:00,2024-09-13,0.004700832017874745,0.05765420659008344,0.013855691070221603,3.9833333333333334,2024-09-14 04:01:00+00:00,2024-09-13,-0.002568177349114187,-0.0006920727401389954,0.0038068995203685597,3.9833333333333334,2024-09-14 04:01:00+00:00,2024-09-13,0.011596398028188126,0.03353569288776167,0.00826738084410942,3.9833333333333334,2024-09-14 04:01:00+00:00,2024-09-13,-0.03033238784923542,-0.3011775539266656,0.09635825718359421,3.9833333333333334
2024-09-17 08:00:00+00:00,0.010884230230198355,-0.0036683390839323915,0.02548269277880245,0.009533680812614269,2024-09-18 08:00:00+00:00,0.02951884296194307,2024-09-17 04:01:00+00:00,2024-09-16,-0.0047013348028244195,0.040037090612966064,0.013894249575199797,3.9833333333333334,2024-09-17 04:01:00+00:00,2024-09-16,-0.003467566454232518,-0.0078098453925835405,0.003731439400731659,3.9833333333333334,2024-09-17 04:01:00+00:00,2024-09-16,-0.0006897267798304796,0.02964273103653808,0.0074076994828478826,3.9833333333333334,2024-09-17 04:01:00+00:00,2024-09-16,0.03442476421251994,-0.12643215689482154,0.09648939792433035,3.9833333333333334
2024-09-18 08:00:00+00:00,-0.0013557362046121568,0.029091550340980127,0.06346691061494697,0.010304809725121704,2024-09-19 08:00:00+00:00,0.027569830613319857,2024-09-18 04:01:00+00:00,2024-09-17,0.0004807480701298772,0.03153609317348083,0.013537556266862226,3.9833333333333334,2024-09-18 04:01:00+00:00,2024-09-17,0.0012893356850289805,-0.007307931753752402,0.003585220494466533,3.9833333333333334,2024-09-18 04:01:00+00:00,2024-09-17,-0.0063445892252103064,0.0192002022004066,0.007606497944976621,3.9833333333333334,2024-09-18 04:01:00+00:00,2024-09-17,0.027052009338480953,-0.08017374351202562,0.09509648500944877,3.9833333333333334
2024-09-19 08:00:00+00:00,-0.0003864361601610966,0.027196465700258767,0.06582695798481081,0.010941814745897019,2024-09-20 08:00:00+00:00,0.023042645022063324,2024-09-19 04:01:00+00:00,2024-09-18,-0.0045341596730512634,0.005556493158523982,0.013558991739045073,3.9833333333333334,2024-09-19 04:01:00+00:00,2024-09-18,-0.002878565872758365,-0.010678387384677636,0.003511808981275115,3.9833333333333334,2024-09-19 04:01:00+00:00,2024-09-18,0.0023888261456157522,0.021864397657564885,0.007588484934132299,3.9833333333333334,2024-09-19 04:01:00+00:00,2024-09-18,0.03460166618245708,0.030069080518877682,0.09523373928365449,3.9833333333333334
2024-09-20 08:00:00+00:00,-0.0034158152491841065,0.022781175966564753,0.08910448884997804,0.01079392822230503,2024-09-21 08:00:00+00:00,-0.006828670561942696,2024-09-20 04:01:00+00:00,2024-09-19,0.02528390069000075,0.021229986302129987,0.0147301665375405,3.9833333333333334,2024-09-20 04:01:00+00:00,2024-09-19,9.941987261274932e-05,-0.007525554118462825,0.003412594783956095,3.9833333333333334,2024-09-20 04:01:00+00:00,2024-09-19,0.006138283449151238,0.013089191617914397,0.007656782975243188,3.9833333333333334,2024-09-20 04:01:00+00:00,2024-09-19,-0.11006468170819783,-0.044318629823975636,0.09708548206401309,3.9833333333333334
2024-09-21 08:00:00+00:00,0.0031981144349533253,-0.0068519352025262084,0.04793419638490472,0.00976387466062923,2024-09-22 08:00:00+00:00,-0.0024570850178043946,2024-09-21 04:01:00+00:00,2024-09-20,-0.0024394780361376434,0.014089676248118238,0.014197783860990182,3.9833333333333334,2024-09-21 04:01:00+00:00,2024-09-20,0.0010927394853919026,-0.003864637283957494,0.0032345518860892016,3.9833333333333334,2024-09-21 04:01:00+00:00,2024-09-20,0.012013470678025051,0.013506264267750692,0.0073203949329999725,3.9833333333333334,2024-09-21 04:01:00+00:00,2024-09-20,-0.0110838573137082,-0.025070099288448087,0.09436767484132966,3.9833333333333334
2024-09-24 08:00:00+00:00,0.006882037128596252,0.00017465360805586316,0.0796218941877988,0.009316950592182256,2024-09-25 08:00:00+00:00,0.004458941348739698,2024-09-24 04:01:00+00:00,2024-09-23,0.003062733699529474,0.0218537447504729,0.013978030900521726,3.9833333333333334,2024-09-24 04:01:00+00:00,2024-09-23,0.0019837037733703156,0.0015866329436463396,0.0027580758297819155,3.9833333333333334,2024-09-24 04:01:00+00:00,2024-09-23,0.002377961331994527,0.016573952379576543,0.006994387520023971,3.9833333333333334,2024-09-24 04:01:00+00:00,2024-09-23,-0.01623006912004099,-0.07572493262100911,0.09435047638409953,3.9833333333333334
2024-09-25 08:00:00+00:00,-0.009612762951975995,0.0044490304208348,0.05497937426765358,0.007736609609288881,2024-09-26 08:00:00+00:00,0.0001367409662464958,2024-09-25 04:01:00+00:00,2024-09-24,0.004655662557613738,0.026028659237954166,0.013772673736678056,3.9833333333333334,2024-09-25 04:01:00+00:00,2024-09-24,-0.005464720438951076,-0.00516742318033423,0.0030069290447879283,3.9833333333333334,2024-09-25 04:01:00+00:00,2024-09-24,0.009194173032214259,0.03211271463700141,0.0071705815787475435,3.9833333333333334,2024-09-25 04:01:00+00:00,2024-09-24,-0.03197203269783655,-0.1347489746573269,0.09405858701429329,3.9833333333333334
2024-09-26 08:00:00+00:00,0.005303294511518786,0.0001368882514742537,0.027919796818868997,0.006157054091496887,2024-09-27 08:00:00+00:00,0.025182425565843047,2024-09-26 04:01:00+00:00,2024-09-25,0.0013913482085303741,0.03195416711953702,0.013762873553428855,3.9833333333333334,2024-09-26 04:01:00+00:00,2024-09-25,0.005464720438951076,0.0031758631313751695,0.0031891466082751506,3.9833333333333334,2024-09-26 04:01:00+00:00,2024-09-25,0.0028722071490161483,0.03259609564040151,0.007130682906094236,3.9833333333333334,2024-09-26 04:01:00+00:00,2024-09-25,0.0012987014812364528,-0.16805193935854723,0.09086331978335019,3.9833333333333334
2024-09-27 08:00:00+00:00,0.0014371760143028212,0.02487057291629142,0.03000919376859554,0.006199725726135913,2024-09-28 08:00:00+00:00,0.005560493259855415,2024-09-27 04:01:00+00:00,2024-09-26,0.007130800434287821,0.013801066863822873,0.013482339136189878,3.9833333333333334,2024-09-27 04:01:00+00:00,2024-09-26,-0.003573565625344166,-0.0004971223665824584,0.0030488888434277925,3.9833333333333334,2024-09-27 04:01:00+00:00,2024-09-26,0.003792089996471404,0.030249902187721493,0.006850252525091958,3.9833333333333334,2024-09-27 04:01:00+00:00,2024-09-26,-0.0025990917815201797,-0.06058634943186923,0.08868913015636337,3.9833333333333334
2024-09-28 08:00:00+00:00,-0.00363567090544592,0.0055450907877248835,0.04240621975884658,0.006184034404709618,2024-09-29 08:00:00+00:00,-0.005271632645899138,2024-09-28 04:01:00+00:00,2024-09-27,-0.005329466323306775,0.010911078576653474,0.013563021558849215,3.9833333333333334,2024-09-28 04:01:00+00:00,2024-09-27,-0.0013931676312921581,-0.0029830294832654306,0.0029884151817277057,3.9833333333333334,2024-09-28 04:01:00+00:00,2024-09-27,-0.009994416471940326,0.008242015037756477,0.007286985677553254,3.9833333333333334,2024-09-28 04:01:00+00:00,2024-09-27,0.09844007281325284,0.048937580695091555,0.09078680002145588,3.9833333333333334
2024-10-01 08:00:00+00:00,0.005047228593074493,-0.008025831226436991,0.007617243065123101,0.00631181520434805,2024-10-02 08:00:00+00:00,-0.03620105699160847,2024-10-01 04:01:00+00:00,2024-09-30,0.0025990137408467007,0.010447358617970146,0.01331407449796191,3.9833333333333334,2024-10-01 04:01:00+00:00,2024-09-30,0.0035785387673037405,-0.00138819448933287,0.0029907088838979873,3.9833333333333334,2024-10-01 04:01:00+00:00,2024-09-30,-0.0032661484924538797,0.0025979052133077766,0.006530096553962354,3.9833333333333334,2024-10-01 04:01:00+00:00,2024-09-30,-0.013654115365024477,0.05151353445010796,0.09060582372832097,3.9833333333333334
2024-10-02 08:00:00+00:00,-0.00037367020128264983,-0.03687240946573503,-0.03370419682144682,0.007271873658356078,2024-10-03 08:00:00+00:00,-0.01298272938479983,2024-10-02 04:01:00+00:00,2024-10-01,-0.014429569152312638,-0.008637873091953505,0.011461066448729783,3.9833333333333334,2024-10-02 04:01:00+00:00,2024-10-01,0.00406005072872162,0.008136576678339788,0.0031366754959127672,3.9833333333333334,2024-10-02 04:01:00+00:00,2024-10-01,0.011552232989346045,0.004955965170438979,0.006741132224347583,3.9833333333333334,2024-10-02 04:01:00+00:00,2024-10-01,0.1408268913712467,0.22431245851919168,0.07012034144153872,3.9833333333333334
2024-10-03 08:00:00+00:00,-0.008791461868582928,-0.013067903613994814,-0.046908988686915815,0.00899859158023729,2024-10-04 08:00:00+00:00,0.008496208515248016,2024-10-03 04:01:00+00:00,2024-10-02,0.0014801469978191761,-0.00854907430266542,0.011422399882704697,3.9833333333333334,2024-10-03 04:01:00+00:00,2024-10-02,0.00483066801391363,0.007502524253302512,0.0031652721668626606,3.9833333333333334,2024-10-03 04:01:00+00:00,2024-10-02,-0.007686641449607734,-0.00560288342818478,0.007160305340885598,3.9833333333333334,2024-10-03 04:01:00+00:00,2024-10-02,-0.018868484304382704,0.2041452727335722,0.06977507351136404,3.9833333333333334
2024-10-04 08:00:00+00:00,0.008033826769011654,0.00846031887630482,-0.06331924272690244,0.008645414264879015,2024-10-05 08:00:00+00:00,0.010294962993728785,2024-10-04 04:01:00+00:00,2024-10-03,-0.000467219749165082,-0.016147094486118275,0.011432131997585884,3.9833333333333334,2024-10-04 04:01:00+00:00,2024-10-03,0.003044118434402776,0.01412020831305016,0.0031645260684888127,3.9833333333333334,2024-10-04 04:01:00+00:00,2024-10-03,0.0035521360139210145,-0.005842837410735246,0.007102235100827536,3.9833333333333334,2024-10-04 04:01:00+00:00,2024-10-03,0.08077504018521164,0.2875194047003038,0.07069564945292435,3.9833333333333334
2024-10-05 08:00:00+00:00,0.003456565414612811,0.010242169692738686,-0.058622163821888514,0.00868884373095247,2024-10-06 08:00:00+00:00,-0.002048933407650555,2024-10-05 04:01:00+00:00,2024-10-04,0.012136209357013428,0.0013185811942031732,0.009274475274640833,3.9833333333333334,2024-10-05 04:01:00+00:00,2024-10-04,0.0051831204347507764,0.02069649637909204,0.0033384188307157775,3.9833333333333334,2024-10-05 04:01:00+00:00,2024-10-04,-0.00426404324539309,-0.00011246418418794299,0.006909082254565291,3.9833333333333334,2024-10-05 04:01:00+00:00,2024-10-04,-0.06450598547034314,0.12457334641670822,0.06657124215780798,3.9833333333333334
2024-10-08 08:00:00+00:00,-0.004958962074057993,-0.019261317471552415,-0.02731808497925609,0.009116936730464589,2024-10-09 08:00:00+00:00,-0.0006931965168800458,2024-10-08 04:01:00+00:00,2024-10-07,-0.011762396367972272,-0.013042828914615948,0.00968617920096033,3.9833333333333334,2024-10-08 04:01:00+00:00,2024-10-07,0.00019510653235688125,0.017313064144145747,0.003263987968468669,3.9833333333333334,2024-10-08 04:01:00+00:00,2024-10-07,-0.0006749592710582064,0.002478725037208114,0.006950245557783354,3.9833333333333334,2024-10-08 04:01:00+00:00,2024-10-07,0.16428727655451691,0.30251473833624953,0.06940214131716992,3.9833333333333334
2024-10-09 08:00:00+00:00,-0.0018815951700723588,-0.0006935974621537652,0.008860727024325062,0.007795054796970184,2024-10-10 08:00:00+00:00,-0.022107433604076188,2024-10-09 04:01:00+00:00,2024-10-08,0.01538744730746977,0.016774187545164132,0.00999654301181012,3.9833333333333334,2024-10-09 04:01:00+00:00,2024-10-08,9.753899307529679e-05,0.01335055240849953,0.0032642700162613335,3.9833333333333334,2024-10-09 04:01:00+00:00,2024-10-08,-0.01154428568307253,-0.0206177936352106,0.007616775018862489,3.9833333333333334,2024-10-09 04:01:00+00:00,2024-10-08,-0.055393188315379316,0.10629465864962322,0.0705989806587348,3.9833333333333334
2024-10-10 08:00:00+00:00,0.00057011322258127,-0.02235546892234386,-0.0004268382840238638,0.006433024247560011,2024-10-11 08:00:00+00:00,-0.0036999993924468066,2024-10-10 04:01:00+00:00,2024-10-09,0.007978917413351994,0.023272957960697935,0.009124437728979192,3.9833333333333334,2024-10-10 04:01:00+00:00,2024-10-09,0.0036986342262350647,0.012218518620820724,0.0033441830837261624,3.9833333333333334,2024-10-10 04:01:00+00:00,2024-10-09,-0.0035731601928397083,-0.01650431237844223,0.007698922787797435,3.9833333333333334,2024-10-10 04:01:00+00:00,2024-10-09,-0.026491615446976535,0.09867152750702983,0.06843781612992605,3.9833333333333334
2024-10-11 08:00:00+00:00,0.0010007529154627548,-0.0037065323045364336,-0.012593689464865115,0.007108706933447034,2024-10-12 08:00:00+00:00,0.03449363062153776,2024-10-11 04:01:00+00:00,2024-10-10,-0.0013379017152637118,0.022402275994599145,0.009010160001071348,3.9833333333333334,2024-10-11 04:01:00+00:00,2024-10-10,0.0005827268922402595,0.009757127078657708,0.003231424536305242,3.9833333333333334,2024-10-11 04:01:00+00:00,2024-10-10,0.005051973103998186,-0.015004475288365446,0.0070946528245934845,3.9833333333333334,2024-10-11 04:01:00+00:00,2024-10-10,0.0033500868852822663,0.021246574207100088,0.06767176263534486,3.9833333333333334
2024-10-12 08:00:00+00:00,0.003184573519899203,0.03391189640789416,0.011076037250290239,0.007890436194726345,2024-10-13 08:00:00+00:00,0.0012093824884411575,2024-10-12 04:01:00+00:00,2024-10-11,0.0014913928068427396,0.011757459444427918,0.008989287933683756,3.9833333333333334,2024-10-12 04:01:00+00:00,2024-10-11,-0.0009714249399541686,0.0036025817039530565,0.003163018547185641,3.9833333333333334,2024-10-12 04:01:00+00:00,2024-10-11,0.013921512865746166,0.0031810808227736467,0.00729159589500103,3.9833333333333334,2024-10-12 04:01:00+00:00,2024-10-11,-0.02271177593442797,0.0630407837430151,0.06745267131231825,3.9833333333333334
2024-10-15 08:00:00+00:00,0.0036438119620676446,0.01562864679544993,0.051883829324871615,0.008234646586399542,2024-10-16 08:00:00+00:00,0.020320164585730938,2024-10-15 04:01:00+00:00,2024-10-14,0.00820814659512159,0.03172800240752257,0.008953452351986382,3.9833333333333334,2024-10-15 04:01:00+00:00,2024-10-14,0.003976955212621647,0.007384430384218107,0.0030618055372215566,3.9833333333333334,2024-10-15 04:01:00+00:00,2024-10-14,-0.0040060522242146845,-0.00015001213038299334,0.0073750395689949795,3.9833333333333334,2024-10-15 04:01:00+00:00,2024-10-14,-0.03785312477953795,-0.1390996175910394,0.06804121387391499,3.9833333333333334
2024-10-16 08:00:00+00:00,-0.001841596283718161,0.02011646489276476,0.07269389167979014,0.00849408645379031,2024-10-17 08:00:00+00:00,0.004937098837388909,2024-10-16 04:01:00+00:00,2024-10-15,-0.013755310480471294,0.0025852446195816217,0.009664232518302441,3.9833333333333334,2024-10-16 04:01:00+00:00,2024-10-15,-0.0003873055288794447,0.00689958586226325,0.003083398904773411,3.9833333333333334,2024-10-16 04:01:00+00:00,2024-10-15,0.004977016424836833,0.016371289977526814,0.007208178135129419,3.9833333333333334,2024-10-16 04:01:00+00:00,2024-10-15,0.046612304869419585,-0.03709412440624082,0.06848434620444392,3.9833333333333334
2024-10-17 08:00:00+00:00,-0.004421206244842324,0.004924951330811036,0.09997431193294495,0.007908657465162667,2024-10-18 08:00:00+00:00,0.009903098189417037,2024-10-17 04:01:00+00:00,2024-10-16,0.000705149289444762,-0.004688523504326659,0.009552794994772913,3.9833333333333334,2024-10-17 04:01:00+00:00,2024-10-16,0.0031906645786685672,0.006391616214697014,0.0029611495376571572,3.9833333333333334,2024-10-17 04:01:00+00:00,2024-10-16,0.0046181403431910795,0.0245625905135572,0.0072375263002327625,3.9833333333333334,2024-10-17 04:01:00+00:00,2024-10-16,-0.052722303510997826,-0.0633248124702621,0.06947149754708128,3.9833333333333334
2024-10-18 08:00:00+00:00,0.006114015641156101,0.009854530988078283,0.11353537522555969,0.007591633798043681,2024-10-19 08:00:00+00:00,0.0055443830919339465,2024-10-18 04:01:00+00:00,2024-10-17,0.0008110668237275576,-0.0025395549653341736,0.007840711702247889,3.9833333333333334,2024-10-18 04:01:00+00:00,2024-10-17,0.002314199232432479,0.008123088554889388,0.0029488029243761047,3.9833333333333334,2024-10-18 04:01:00+00:00,2024-10-17,0.006001333498846684,0.02551195090840619,0.0072332220536420674,3.9833333333333334,2024-10-18 04:01:00+00:00,2024-10-17,-0.0242968788501825,-0.09097177820572676,0.06456129817565559,3.9833333333333334
2024-10-19 08:00:00+00:00,-0.0015127577374141055,0.005528922452196342,0.08515240126986183,0.007189002847643162,2024-10-20 08:00:00+00:00,0.00046044759544527913,2024-10-19 04:01:00+00:00,2024-10-18,0.006596145102035322,0.0025651973298583364,0.007899723408801945,3.9833333333333334,2024-10-19 04:01:00+00:00,2024-10-18,-0.0032799949123045735,0.005814518582538826,0.0031422179464054355,3.9833333333333334,2024-10-19 04:01:00+00:00,2024-10-18,0.008275909303860018,0.019866347346520086,0.006998453877557593,3.9833333333333334,2024-10-19 04:01:00+00:00,2024-10-18,-0.05817472103695609,-0.12643472330825453,0.06612823959744961,3.9833333333333334
2024-10-22 08:00:00+00:00,0.0001777553304940227,-0.01636341287905248,0.026508620643292912,0.006206742710752428,2024-10-23 08:00:00+00:00,-0.00815509925521496,2024-10-22 04:01:00+00:00,2024-10-21,0.001840048282639728,-0.0038029009826245955,0.007890314428345918,3.9833333333333334,2024-10-22 04:01:00+00:00,2024-10-21,0.005012099865565389,0.00684966323548205,0.0032453078170887883,3.9833333333333334,2024-10-22 04:01:00+00:00,2024-10-21,0.0032547350872320635,0.027127134657966876,0.007006596233974391,3.9833333333333334,2024-10-22 04:01:00+00:00,2024-10-21,0.018681862011808548,-0.0698997365169085,0.06598490751765186,3.9833333333333334
2024-10-23 08:00:00+00:00,-0.003430935693335968,-0.008188384393462181,-0.001796228642934016,0.005703629146231066,2024-10-24 08:00:00+00:00,0.004050120616588826,2024-10-23 04:01:00+00:00,2024-10-22,0.0014227663866819285,0.011375175884529394,0.007850241263445617,3.9833333333333334,2024-10-23 04:01:00+00:00,2024-10-22,0.0006727828932673319,0.00790975165762905,0.0028126067694734555,3.9833333333333334,2024-10-23 04:01:00+00:00,2024-10-22,0.007601886743848318,0.02975200497697801,0.006924359729381244,3.9833333333333334,2024-10-23 04:01:00+00:00,2024-10-22,-0.009297305144284618,-0.12580934653061243,0.06546828284104225,3.9833333333333334
2024-10-24 08:00:00+00:00,-0.001341112621602747,0.004041642392938603,-0.002679537580806582,0.005548228214856768,2024-10-25 08:00:00+00:00,0.0060913465098226816,2024-10-24 04:01:00+00:00,2024-10-23,-0.015992462189132084,-0.005322435594046896,0.008729939919364828,3.9833333333333334,2024-10-24 04:01:00+00:00,2024-10-23,0.003357141616745274,0.008076228695705578,0.0027061264054441363,3.9833333333333334,2024-10-24 04:01:00+00:00,2024-10-23,-0.011076461985457087,0.014057402648330334,0.0074628492336320865,3.9833333333333334,2024-10-24 04:01:00+00:00,2024-10-23,0.055569851154810834,-0.017517191864803893,0.0662788098167921,3.9833333333333334
2024-10-25 08:00:00+00:00,-0.007024229934053494,0.006073166313014047,-0.006460902255870783,0.005056774364658071,2024-10-26 08:00:00+00:00,-0.007758844849164781,2024-10-25 04:01:00+00:00,2024-10-24,0.008233738956567649,0.002100236538791698,0.008779133997022327,3.9833333333333334,2024-10-25 04:01:00+00:00,2024-10-24,-0.003549361013124752,0.002212668450148802,0.0027036436669134233,3.9833333333333334,2024-10-25 04:01:00+00:00,2024-10-24,0.007119027089073526,0.01517509623855715,0.007568778410177011,3.9833333333333334,2024-10-25 04:01:00+00:00,2024-10-24,-0.008350779217420001,-0.0015710922320412123,0.06635380887349285,3.9833333333333334
2024-10-26 08:00:00+00:00,0.001403653207839639,-0.007789249368855334,-0.019779074076922393,0.00509638226475891,2024-10-27 08:00:00+00:00,0.002925173550198945,2024-10-26 04:01:00+00:00,2024-10-25,0.005871679674342545,0.0013757711110990998,0.008758984485692007,3.9833333333333334,2024-10-26 04:01:00+00:00,2024-10-25,0.0019201674287812054,0.007412830791234715,0.0026030889147588723,3.9833333333333334,2024-10-26 04:01:00+00:00,2024-10-25,0.0020714808215904768,0.008970667756287425,0.007114206263051975,3.9833333333333334,2024-10-26 04:01:00+00:00,2024-10-25,0.0634569616201146,0.12006059042502926,0.0643531759867836,3.9833333333333334
2024-10-29 08:00:00+00:00,0.001124713947364242,0.03733324413356378,0.05225825254030615,0.0058288817356914584,2024-10-30 08:00:00+00:00,0.017038366069653366,2024-10-29 04:01:00+00:00,2024-10-28,-4.664111514962599e-05,-0.0005109182866895374,0.008751167792596916,3.9833333333333334,2024-10-29 04:01:00+00:00,2024-10-28,0.000575295423547395,0.002976026349217037,0.002586295023248331,3.9833333333333334,2024-10-29 04:01:00+00:00,2024-10-28,0.0004717556343729612,0.006187688303427906,0.00702835196710599,3.9833333333333334,2024-10-29 04:01:00+00:00,2024-10-28,-0.026415689939765397,0.07496303847345533,0.06465283631404407,3.9833333333333334
2024-10-30 08:00:00+00:00,-8.320527778238329e-05,0.016894700294342563,0.07734133722811083,0.006121469931250809,2024-10-31 08:00:00+00:00,0.0026194831117409834,2024-10-30 04:01:00+00:00,2024-10-29,0.009759083905882093,0.007825399232509576,0.0082016883779873,3.9833333333333334,2024-10-30 04:01:00+00:00,2024-10-29,-0.00038351789367396805,0.00191972556227533,0.0025660325685587485,3.9833333333333334,2024-10-30 04:01:00+00:00,2024-10-29,0.00910253542045325,0.007688336980033701,0.006868656873013673,3.9833333333333334,2024-10-30 04:01:00+00:00,2024-10-29,-0.02350644767534149,0.0607538959423986,0.056920316063434256,3.9833333333333334
2024-10-31 08:00:00+00:00,0.000876557248925991,0.00261605824547045,0.07591575308064283,0.006000723085087937,2024-11-01 08:00:00+00:00,-0.043408063748400116,2024-10-31 04:01:00+00:00,2024-10-30,-0.007960850108354123,0.015857011313288982,0.008495256640754402,3.9833333333333334,2024-10-31 04:01:00+00:00,2024-10-30,-0.0027848572297992646,-0.004222273284268904,0.0026110434687370205,3.9833333333333334,2024-10-31 04:01:00+00:00,2024-10-30,0.007058540083971998,0.02582333904946175,0.006598696413575202,3.9833333333333334,2024-10-31 04:01:00+00:00,2024-10-30,0.050905421863455924,0.05608946665104379,0.05782074192696915,3.9833333333333334
2024-11-01 08:00:00+00:00,-0.0013890284582274148,-0.0443783773641941,0.025464209403434593,0.007271464809395499,2024-11-02 08:00:00+00:00,0.007798197584364619,2024-11-01 04:01:00+00:00,2024-10-31,-0.024693534657966865,-0.017070262301245316,0.010315980440164393,3.9833333333333334,2024-11-01 04:01:00+00:00,2024-10-31,-9.611488950245217e-05,-0.0007690271606473189,0.002583726278463212,3.9833333333333334,2024-11-01 04:01:00+00:00,2024-10-31,-0.018558756510009822,0.0001455554503782238,0.008080762531961392,3.9833333333333334,2024-11-01 04:01:00+00:00,2024-10-31,0.12934574081619044,0.19378598668465416,0.06209087310357965,3.9833333333333334
2024-11-02 08:00:00+00:00,0.003068849919392491,0.0077679487971576856,0.041021407569447874,0.007110859336998295,2024-11-03 08:00:00+00:00,-0.020289509640700643,2024-11-02 04:01:00+00:00,2024-11-01,0.007149728588496274,-0.015792213387093062,0.010070794463224654,3.9833333333333334,2024-11-02 04:01:00+00:00,2024-11-01,0.002880972119301717,0.0001917775298733592,0.0024328464506080754,3.9833333333333334,2024-11-02 04:01:00+00:00,2024-11-01,-3.640907748003741e-05,-0.001962334448691393,0.007982487963958363,3.9833333333333334,2024-11-02 04:01:00+00:00,2024-11-01,-0.05685367515101403,0.0734753499135253,0.06165477372746799,3.9833333333333334
2024-11-05 08:00:00+00:00,0.009494081646119312,0.004014055364586227,-0.03036399726025142,0.0068786324415294475,2024-11-06 08:00:00+00:00,0.06498229163642688,2024-11-05 05:01:00+00:00,2024-11-04,-0.003477337667566971,-0.01922290993951029,0.009726200702990037,2.9833333333333334,2024-11-05 05:01:00+00:00,2024-11-04,-0.0037469361518258637,-0.0041304540455001084,0.0026396830384095384,2.9833333333333334,2024-11-05 05:01:00+00:00,2024-11-04,-0.001091822379200913,-0.0035259124622654104,0.007989015152275087,2.9833333333333334,2024-11-05 05:01:00+00:00,2024-11-04,0.00455997142169462,0.10445101127498568,0.04923545895546401,2.9833333333333334
2024-11-06 08:00:00+00:00,-0.013236638408175239,0.06295831660225032,0.015699619047656394,0.012992907302270788,2024-11-07 08:00:00+00:00,0.018899729851989067,2024-11-06 05:01:00+00:00,2024-11-05,0.013130537765055905,-0.015851456080334968,0.009554861324758553,2.9833333333333334,2024-11-06 05:01:00+00:00,2024-11-05,-0.004534291944420232,-0.008281228096246391,0.0028830400725630176,2.9833333333333334,2024-11-06 05:01:00+00:00,2024-11-05,0.001273676935660717,-0.011354770947058404,0.007379946450192658,2.9833333333333334,2024-11-06 05:01:00+00:00,2024-11-05,-0.07019598672466687,0.057761472225659985,0.050190583369994275,2.9833333333333334
2024-11-07 08:00:00+00:00,-0.0038774302597328614,0.018723348861144358,0.031806909663330295,0.01349154972293572,2024-11-08 08:00:00+00:00,0.018605604943338294,2024-11-07 05:01:00+00:00,2024-11-06,0.02701385769224629,0.01912325172026387,0.011171592344564933,2.9833333333333334,2024-11-07 05:01:00+00:00,2024-11-06,0.016018741767100053,0.01052237090065345,0.00448887277937762,2.9833333333333334,2024-11-07 05:01:00+00:00,2024-11-06,-0.027056535210575383,-0.04546984624160536,0.009803937984668337,2.9833333333333334,2024-11-07 05:01:00+00:00,2024-11-06,-0.23061404101986183,-0.22375799065765767,0.0715815581205854,2.9833333333333334
2024-11-08 08:00:00+00:00,0.003389916694956696,0.018434638048297963,0.09461992507582226,0.0130212874205477,2024-11-09 08:00:00+00:00,0.004997866668137396,2024-11-08 05:01:00+00:00,2024-11-07,0.01529246887401392,0.05910925525224565,0.011580385683369061,2.9833333333333334,2024-11-08 05:01:00+00:00,2024-11-07,-0.005534309983287855,0.005084175806867626,0.0047238005112920705,2.9833333333333334,2024-11-08 05:01:00+00:00,2024-11-07,0.010962373382500168,-0.01594871634909552,0.01002081325311547,2.9833333333333334,2024-11-08 05:01:00+00:00,2024-11-07,-0.06802749337871594,-0.4211312248525639,0.07252674301799361,2.9833333333333334
2024-11-09 08:00:00+00:00,0.0024544962281982663,0.0049855494598062275,0.09183752573847076,0.012953814160953724,2024-11-10 08:00:00+00:00,0.030096929179983523,2024-11-09 05:01:00+00:00,2024-11-08,0.0007394522912811397,0.05269897895503137,0.011583617363979696,2.9833333333333334,2024-11-09 05:01:00+00:00,2024-11-08,0.004677569110669744,0.0068807727982363575,0.004785040702324208,2.9833333333333334,2024-11-09 05:01:00+00:00,2024-11-08,-0.004073627009093528,-0.019985934280709387,0.009622590831151577,2.9833333333333334,2024-11-09 05:01:00+00:00,2024-11-08,-0.01725324814755913,-0.38153079784910915,0.07251040304505878,2.9833333333333334
2024-11-12 08:00:00+00:00,0.010573286298818374,0.09265411160078044,0.2558803272304926,0.014124177688354554,2024-11-13 08:00:00+00:00,-0.018288140421775623,2024-11-12 05:01:00+00:00,2024-11-11,-0.0005016058059048589,0.055674710816692854,0.011503056680533922,2.9833333333333334,2024-11-12 05:01:00+00:00,2024-11-11,0.005129686494694141,0.015757395444755656,0.0048293331472442766,2.9833333333333334,2024-11-12 05:01:00+00:00,2024-11-11,-0.02902795724625662,-0.04792206914776455,0.01163433405336364,2.9833333333333334,2024-11-12 05:01:00+00:00,2024-11-11,0.002006018726865566,-0.38408475054393826,0.07241780433645048,2.9833333333333334
2024-11-13 08:00:00+00:00,0.002521606911177088,-0.018457550176535036,0.1744644604517072,0.011008828006166769,2024-11-14 08:00:00+00:00,0.03907470132850621,2024-11-13 05:01:00+00:00,2024-11-12,-0.0016976299038198306,0.04084654314781614,0.010958627922872123,2.9833333333333334,2024-11-13 05:01:00+00:00,2024-11-12,0.004537687244231314,0.024829374633408122,0.0048763075509703265,2.9833333333333334,2024-11-13 05:01:00+00:00,2024-11-12,-0.004364441209617098,-0.05356018729304181,0.01157304569872932,2.9833333333333334,2024-11-13 05:01:00+00:00,2024-11-12,-0.01752066381819084,-0.3314094276374622,0.07101154183400941,2.9833333333333334
2024-11-14 08:00:00+00:00,0.00921279714802914,0.03833072133923768,0.19407183292980046,0.013853411344346119,2024-11-15 08:00:00+00:00,-0.03478495290594563,2024-11-14 05:01:00+00:00,2024-11-13,-0.0016448075531272366,0.012187877902443604,0.010988167857606205,2.9833333333333334,2024-11-14 05:01:00+00:00,2024-11-13,0.004329481716831118,0.013140114583137887,0.004905874183383551,2.9833333333333334,2024-11-14 05:01:00+00:00,2024-11-13,-0.007625999306449138,-0.03412965138891569,0.011563246543064534,2.9833333333333334,2024-11-14 05:01:00+00:00,2024-11-13,-0.048042653006902025,-0.1488380396245024,0.07089503138245958,2.9833333333333334
2024-11-15 08:00:00+00:00,-0.00689542942536292,-0.0354044698798143,0.14023272500168826,0.016016535441811933,2024-11-16 08:00:00+00:00,0.0400117518134786,2024-11-15 05:01:00+00:00,2024-11-14,-0.006653056740409724,-0.009757647711981886,0.011159396921950848,2.9833333333333334,2024-11-15 05:01:00+00:00,2024-11-14,0.0017827338585103547,0.020457158424937224,0.004901961644217646,2.9833333333333334,2024-11-15 05:01:00+00:00,2024-11-14,-0.005271981010777971,-0.05036400578219383,0.011427372350618895,2.9833333333333334,2024-11-15 05:01:00+00:00,2024-11-14,0.02047371196191561,-0.06033683428387109,0.07134794740422212,2.9833333333333334
2024-11-16 08:00:00+00:00,-0.001475027130471318,0.039232236798071946,0.17447941233995393,0.016709973431185954,2024-11-17 08:00:00+00:00,-0.006219660060984955,2024-11-16 05:01:00+00:00,2024-11-15,-0.024342655910277955,-0.034839755913540285,0.01251037136357715,2.9833333333333334,2024-11-16 05:01:00+00:00,2024-11-15,0.00018751661475757686,0.01596710592902398,0.004789648234226915,2.9833333333333334,2024-11-16 05:01:00+00:00,2024-11-15,-0.0010887827976215902,-0.047379161570722396,0.011148918602952688,2.9833333333333334,2024-11-16 05:01:00+00:00,2024-11-15,0.12034206927344293,0.0772584831371316,0.07656721171277715,2.9833333333333334
2024-11-19 08:00:00+00:00,0.002097920326193048,-0.0010896701092954072,0.029200424026003785,0.015971216567271324,2024-11-20 08:00:00+00:00,0.013429163938004862,2024-11-19 05:01:00+00:00,2024-11-18,0.007087585364679683,-0.027250564742954547,0.012601886002984657,2.9833333333333334,2024-11-19 05:01:00+00:00,2024-11-18,-0.003850346680662753,0.006987072753667969,0.004859278181025756,2.9833333333333334,2024-11-19 05:01:00+00:00,2024-11-18,0.01716631284294845,-0.0011848914815173076,0.011964965326807622,2.9833333333333334,2024-11-19 05:01:00+00:00,2024-11-18,-0.03531262239920041,0.039939842011065076,0.07662021996804194,2.9833333333333334
2024-11-20 08:00:00+00:00,0.008766223894104641,0.013339682807784959,0.060997657010323884,0.015243907804918128,2024-11-21 08:00:00+00:00,0.04374381666504745,2024-11-20 05:01:00+00:00,2024-11-19,0.007054229187984262,-0.018498705651151432,0.012687750790312879,2.9833333333333334,2024-11-20 05:01:00+00:00,2024-11-19,-0.0006588516924095345,0.0017905338170261867,0.00487424431407619,2.9833333333333334,2024-11-20 05:01:00+00:00,2024-11-19,0.006252842562174621,0.009432392290273588,0.011909748796596904,2.9833333333333334,2024-11-20 05:01:00+00:00,2024-11-19,0.04823985690066035,0.10570036272991619,0.07765152803684472,2.9833333333333334
2024-11-21 08:00:00+00:00,0.011560392857843382,0.04281407301213237,0.0654810086832185,0.012582949025370818,2024-11-22 08:00:00+00:00,0.023337561567446707,2024-11-21 05:01:00+00:00,2024-11-20,-0.0008459260382984723,-0.01769982413632179,0.012075191425993705,2.9833333333333334,2024-11-21 05:01:00+00:00,2024-11-20,0.004415444461003837,0.0018764965611994696,0.004906669423938474,2.9833333333333334,2024-11-21 05:01:00+00:00,2024-11-20,0.007836923280823527,0.024895314877547238,0.011934555814825549,2.9833333333333334,2024-11-21 05:01:00+00:00,2024-11-20,0.0483531967165538,0.20209621245337214,0.07736975391831297,2.9833333333333334
2024-11-22 08:00:00+00:00,0.0034058884437477843,0.02306940474732662,0.12395488331035932,0.009975669566214707,2024-11-23 08:00:00+00:00,-0.0061796625516643555,2024-11-22 05:01:00+00:00,2024-11-21,0.0035587316813288083,-0.007488035714583803,0.011982330193334495,2.9833333333333334,2024-11-22 05:01:00+00:00,2024-11-21,0.0027147305552004397,0.0028084932578892083,0.004795225512210992,2.9833333333333334,2024-11-22 05:01:00+00:00,2024-11-21,0.008711034624276692,0.03887833051260184,0.011999805991101028,2.9833333333333334,2024-11-22 05:01:00+00:00,2024-11-21,-0.01704419750193953,0.16457830298951734,0.07740971864770246,2.9833333333333334
2024-11-23 08:00:00+00:00,-0.0010730755034007444,-0.006198734235975091,0.07852391227631221,0.008589738893933647,2024-11-24 08:00:00+00:00,-0.0013168516015081844,2024-11-23 05:01:00+00:00,2024-11-22,0.0017077906473215165,0.018562410843016023,0.011933687803931956,2.9833333333333334,2024-11-23 05:01:00+00:00,2024-11-22,0.00484936738153241,0.007470344024664319,0.0048569587033370784,2.9833333333333334,2024-11-23 05:01:00+00:00,2024-11-22,0.013848135705308628,0.05381524901553187,0.012457494051745859,2.9833333333333334,2024-11-23 05:01:00+00:00,2024-11-22,-0.10161334629937668,-0.057377112583302595,0.07839072998645029,2.9833333333333334
2024-11-26 08:00:00+00:00,-0.007206310547294592,-0.04443792426788938,0.023362801385594684,0.00938159500038994,2024-11-27 08:00:00+00:00,-0.002010540623881729,2024-11-26 05:01:00+00:00,2024-11-25,0.001378517944429447,0.012853343422764545,0.01193116606401119,2.9833333333333334,2024-11-26 05:01:00+00:00,2024-11-25,-0.006252628056503617,0.005068062648822882,0.005157907927785356,2.9833333333333334,2024-11-26 05:01:00+00:00,2024-11-25,-0.03515846093115993,0.0014904752414237872,0.014628276457318446,2.9833333333333334,2024-11-26 05:01:00+00:00,2024-11-25,-0.0429020215442093,-0.06496651172831146,0.07861000870034833,2.9833333333333334
2024-11-27 08:00:00+00:00,0.010840497521037662,-0.002012457847778855,0.008010660730030839,0.00971948530595548,2024-11-28 08:00:00+00:00,0.018189654472422045,2024-11-27 05:01:00+00:00,2024-11-26,0.005656186314729084,0.01145530054951057,0.011809143544727865,2.9833333333333334,2024-11-27 05:01:00+00:00,2024-11-26,0.0017771359471066006,0.007504050288339734,0.005145959567658374,2.9833333333333334,2024-11-27 05:01:00+00:00,2024-11-26,0.0010687618109708197,-0.00369360550977958,0.014399772202717891,2.9833333333333334,2024-11-27 05:01:00+00:00,2024-11-26,-0.03484673133016836,-0.14805309995913987,0.07871365622314473,2.9833333333333334
2024-11-28 08:00:00+00:00,-0.001800797452265357,0.01802620182990459,-0.016777210452196985,0.009793251434990824,2024-11-29 08:00:00+00:00,0.0034143878372703274,2024-11-28 05:01:00+00:00,2024-11-27,-0.008563591042442198,0.003737635545365386,0.011833683787255357,2.9833333333333334,2024-11-28 05:01:00+00:00,2024-11-27,-0.008728764303189251,-0.005640158475853143,0.005549619102240566,2.9833333333333334,2024-11-28 05:01:00+00:00,2024-11-27,0.007070604112144885,-0.004459924678458969,0.01440021415727035,2.9833333333333334,2024-11-28 05:01:00+00:00,2024-11-27,0.0,-0.19640629667569365,0.07725263031244615,2.9833333333333334
2024-11-30 08:00:00+00:00,0.001482344186390705,0.01204047030413604,-0.018198838609817025,0.010010397607182146,2024-12-01 08:00:00+00:00,-0.0032072655449727483,2024-11-30 05:01:00+00:00,2024-11-29,0.008920492673444969,0.009099396537484353,0.010299918200283125,2.9833333333333334,2024-11-30 05:01:00+00:00,2024-11-29,-0.0032103130939935554,-0.01156520212504689,0.00562501939200776,2.9833333333333334,2024-11-30 05:01:00+00:00,2024-11-29,0.006456666117156118,-0.006714293185580094,0.014056149110649025,2.9833333333333334,2024-11-30 05:01:00+00:00,2024-11-29,-0.02845868816453878,-0.12049339828639279,0.06865269305283923,2.9833333333333334
2024-12-03 08:00:00+00:00,-0.005524845947524781,-0.004698416614882184,0.018637171695622925,0.008488965408596135,2024-12-04 08:00:00+00:00,0.01087189952904244,2024-12-03 05:01:00+00:00,2024-12-02,0.011128782994759945,0.018520388884921097,0.010431074753357906,2.9833333333333334,2024-12-03 05:01:00+00:00,2024-12-02,0.006692132066393519,-0.009722437440185876,0.005760745177911942,2.9833333333333334,2024-12-03 05:01:00+00:00,2024-12-02,0.0005643871845792958,-0.019998041706308336,0.014060549566783282,2.9833333333333334,2024-12-03 05:01:00+00:00,2024-12-02,-0.012663111484629397,-0.09025448822681313,0.06838166257074187,2.9833333333333334
2024-12-04 08:00:00+00:00,0.0085100711327879,0.010813225313075256,0.031462854856476895,0.007877784219575629,2024-12-05 08:00:00+00:00,0.058467331774767706,2024-12-04 05:01:00+00:00,2024-12-03,0.0030533035645223805,0.020195174505014284,0.010327675510168024,2.9833333333333334,2024-12-04 05:01:00+00:00,2024-12-03,-0.0007517545864308417,-0.004221563970113589,0.005668220514619432,2.9833333333333334,2024-12-04 05:01:00+00:00,2024-12-03,0.003529555525146222,0.018689974749996747,0.014108570752289275,2.9833333333333334,2024-12-04 05:01:00+00:00,2024-12-03,-0.0030030052597695978,-0.058410762156414484,0.06768976009653167,2.9833333333333334
2024-12-05 08:00:00+00:00,-0.0070945682103200625,0.05682194836240172,0.07025860138897416,0.010006604872712498,2024-12-06 08:00:00+00:00,-0.04007948268762218,2024-12-05 05:01:00+00:00,2024-12-04,0.012314234288570702,0.02685322247885602,0.010287372967566271,2.9833333333333334,2024-12-05 05:01:00+00:00,2024-12-04,-0.00028213444614433314,-0.006280834363363973,0.0055204417053149905,2.9833333333333334,2024-12-05 05:01:00+00:00,2024-12-04,0.0031062501560290556,0.02072746309505521,0.014133095203355426,2.9833333333333334,2024-12-05 05:01:00+00:00,2024-12-04,0.01121507082013995,-0.04719569133627449,0.04675031340072116,2.9833333333333334
2024-12-06 08:00:00+00:00,0.004117452236524599,-0.040904690517406556,0.025945338821972284,0.011224285189752345,2024-12-07 08:00:00+00:00,0.012906959172916066,2024-12-06 05:01:00+00:00,2024-12-05,-0.003128728438127837,0.03228808508317012,0.008670022234360478,2.9833333333333334,2024-12-06 05:01:00+00:00,2024-12-05,-0.005941986518624098,-0.0034940565787989625,0.004558215378861752,2.9833333333333334,2024-12-06 05:01:00+00:00,2024-12-05,-0.010442212448556809,0.0032146465343539134,0.01298448442485661,2.9833333333333334,2024-12-06 05:01:00+00:00,2024-12-05,0.006669161436280824,-0.02624057265251727,0.04477182339431439,2.9833333333333334
2024-12-07 08:00:00+00:00,0.001062581215897751,0.01282427233315209,0.026729140850988382,0.011697648422759787,2024-12-08 08:00:00+00:00,0.002715250308837014,2024-12-07 05:01:00+00:00,2024-12-06,0.009154111474575899,0.032521703884300986,0.008255782827091676,2.9833333333333334,2024-12-07 05:01:00+00:00,2024-12-06,0.002456559586245355,0.002172816101439418,0.004366632289947513,2.9833333333333334,2024-12-07 05:01:00+00:00,2024-12-06,0.004220125069685388,0.0009781054868832832,0.012756086665207502,2.9833333333333334,2024-12-07 05:01:00+00:00,2024-12-06,-0.05854959743968102,-0.05633148192765964,0.04625634411312574,2.9833333333333334
2024-12-10 08:00:00+00:00,0.00272448670790304,-0.024192208120377087,0.01708441459497754,0.011686913783119531,2024-12-11 08:00:00+00:00,0.001421348353910945,2024-12-10 05:01:00+00:00,2024-12-09,-0.008426280786505203,0.012966640103035934,0.008533518412142145,2.9833333333333334,2024-12-10 05:01:00+00:00,2024-12-09,0.0016971558179355029,-0.002822160147018496,0.004273377944107812,2.9833333333333334,2024-12-10 05:01:00+00:00,2024-12-09,0.009802881080482884,0.01021659938278622,0.012948093320123645,2.9833333333333334,2024-12-10 05:01:00+00:00,2024-12-09,0.10543882112750325,0.06177045068447371,0.05274319731880802,2.9833333333333334
2024-12-11 08:00:00+00:00,-0.0006555642079426605,0.0014204419328651256,0.007691631214767576,0.012132408204588906,2024-12-12 08:00:00+00:00,0.03252081300183218,2024-12-11 05:01:00+00:00,2024-12-10,-0.0033937113559527887,0.006519625182560553,0.008580406226126306,2.9833333333333334,2024-12-11 05:01:00+00:00,2024-12-10,0.0023523887245033848,0.0002819831639165008,0.0041601687181215714,2.9833333333333334,2024-12-11 05:01:00+00:00,2024-12-10,0.012064782666322493,0.018751826523962827,0.011280309549036397,2.9833333333333334,2024-12-11 05:01:00+00:00,2024-12-10,-0.0007049700679697679,0.06406848587627331,0.05262799900979202,2.9833333333333334
2024-12-12 08:00:00+00:00,-0.005218994660587839,0.03200310078251324,-0.01712721636512107,0.010168622850755997,2024-12-13 08:00:00+00:00,-0.0036813934011338256,2024-12-12 05:01:00+00:00,2024-12-11,0.018353446253476235,0.012558837147466952,0.00942563899340354,2.9833333333333334,2024-12-12 05:01:00+00:00,2024-12-11,0.002909274800379613,0.0034733924104392846,0.004090395081253697,2.9833333333333334,2024-12-12 05:01:00+00:00,2024-12-11,0.013990858468918788,0.029636434836852805,0.011489642367189612,2.9833333333333334,2024-12-12 05:01:00+00:00,2024-12-11,-0.04323439897343162,0.009619016082702053,0.05241636144307974,2.9833333333333334
2024-12-13 08:00:00+00:00,0.004011931984083006,-0.003688286276926555,0.020089187875358915,0.009639673382614518,2024-12-14 08:00:00+00:00,0.016917905031668345,2024-12-13 05:01:00+00:00,2024-12-12,-0.0068563435314246135,0.008831222054169982,0.009591185175597138,2.9833333333333334,2024-12-13 05:01:00+00:00,2024-12-12,0.0023400581852675018,0.011755437114330863,0.004011296180419258,2.9833333333333334,2024-12-13 05:01:00+00:00,2024-12-12,-0.017307122359282445,0.022771524926126736,0.012137878649264104,2.9833333333333334,2024-12-13 05:01:00+00:00,2024-12-12,0.024728532775723622,0.02767838742214462,0.05251917620371626,2.9833333333333334
2024-12-14 08:00:00+00:00,-0.002589353716354381,0.01677649099561028,0.024041406537816966,0.008858453661124024,2024-12-15 08:00:00+00:00,-0.0009026359208045287,2024-12-14 05:01:00+00:00,2024-12-13,0.007603608178516907,0.0072807187581104965,0.009493759454621607,2.9833333333333334,2024-12-14 05:01:00+00:00,2024-12-13,0.00037391022774801996,0.009672787755834284,0.003994835631745746,2.9833333333333334,2024-12-14 05:01:00+00:00,2024-12-13,-0.012478752815572314,0.00607264704086931,0.012477384666526767,2.9833333333333334,2024-12-14 05:01:00+00:00,2024-12-13,-0.007933687485072838,0.07829429737675297,0.04401588170342172,2.9833333333333334
2024-12-17 08:00:00+00:00,-0.0005685343274919319,0.017120082894947854,0.09427767874688137,0.008906089749769149,2024-12-18 08:00:00+00:00,-0.023921933041994414,2024-12-17 05:01:00+00:00,2024-12-16,0.014422877092211905,0.030129876636827917,0.007582081798196752,2.9833333333333334,2024-12-17 05:01:00+00:00,2024-12-16,-0.0013092622205874704,0.00666636971731134,0.004008181434139131,2.9833333333333334,2024-12-17 05:01:00+00:00,2024-12-16,-0.002169946893270769,-0.005900180932884208,0.012493623578372295,2.9833333333333334,2024-12-17 05:01:00+00:00,2024-12-16,0.0617740227645851,0.03462949901383475,0.04612452953129117,2.9833333333333334
2024-12-18 08:00:00+00:00,-0.0049109556200601645,-0.024212709130504263,0.06864452768351197,0.008478553054961908,2024-12-19 08:00:00+00:00,-0.024884041601619056,2024-12-18 05:01:00+00:00,2024-12-17,-0.0043349263382683745,0.02918866165451264,0.0077659522510343275,2.9833333333333334,2024-12-18 05:01:00+00:00,2024-12-17,0.0009353519928394505,0.00524933298564644,0.0039026811239745644,2.9833333333333334,2024-12-18 05:01:00+00:00,2024-12-17,-0.0030007524392390295,-0.020965716038445045,0.01200134421578868,2.9833333333333334,2024-12-18 05:01:00+00:00,2024-12-17,0.0772635443525318,0.1125980134343362,0.048228155902551154,2.9833333333333334
2024-12-19 08:00:00+00:00,0.004569104716770411,-0.02519888336545557,0.011442543535543043,0.009306898193237127,2024-12-20 08:00:00+00:00,-0.03761734239115089,2024-12-19 05:01:00+00:00,2024-12-18,-0.03665082416560672,-0.02581560876457071,0.01179742709050131,2.9833333333333334,2024-12-19 05:01:00+00:00,2024-12-18,0.009954030795067403,0.012294088980335481,0.004446380899735346,2.9833333333333334,2024-12-19 05:01:00+00:00,2024-12-18,-0.0032735532749299523,-0.03823012778229455,0.011966640370715462,2.9833333333333334,2024-12-19 05:01:00+00:00,2024-12-18,0.5541096134428285,0.709942025850596,0.13330023899009807,2.9833333333333334
2024-12-20 08:00:00+00:00,0.007453768006964623,-0.038343032209463696,-0.023212202396994005,0.010399580662922068,2024-12-21 08:00:00+00:00,0.012342317258105862,2024-12-20 05:01:00+00:00,2024-12-19,-0.004669712815459803,-0.023628978048605972,0.011864021791663008,2.9833333333333334,2024-12-20 05:01:00+00:00,2024-12-19,0.003511414424155035,0.01346544521922288,0.00441268975755221,2.9833333333333334,2024-12-20 05:01:00+00:00,2024-12-19,-0.017182142366951147,-0.03810514778996355,0.012448708714082057,2.9833333333333334,2024-12-20 05:01:00+00:00,2024-12-19,-0.13674333135436623,0.5484701617205064,0.13784032507159988,2.9833333333333334
2024-12-21 08:00:00+00:00,0.015800054588767765,0.012266669613568483,-0.02772202377903573,0.015073013692122035,2024-12-22 08:00:00+00:00,-0.02857178917609049,2024-12-21 05:01:00+00:00,2024-12-20,0.008426561977188385,-0.022806024249934918,0.011967432610472362,2.9833333333333334,2024-12-21 05:01:00+00:00,2024-12-20,-0.007313839870994876,0.005777695120478751,0.004741703530412484,2.9833333333333334,2024-12-21 05:01:00+00:00,2024-12-20,0.014086884367596753,-0.011539510606794,0.012720605727309554,2.9833333333333334,2024-12-21 05:01:00+00:00,2024-12-20,-0.27162243143443554,0.28478141777114363,0.15027417225120945,2.9833333333333334
2024-12-24 08:00:00+00:00,-0.0012255682009030266,-0.012348156130601296,-0.12523930904490918,0.015512808934459025,2024-12-25 08:00:00+00:00,0.04086808046421009,2024-12-24 05:01:00+00:00,2024-12-23,0.01000279088284195,-0.027226110459303995,0.012124837242606297,2.9833333333333334,2024-12-24 05:01:00+00:00,2024-12-23,0.0038950078159958323,0.010981965157062668,0.004698144298162684,2.9833333333333334,2024-12-24 05:01:00+00:00,2024-12-23,-0.006409726049777298,-0.01577928976330003,0.012312941592026167,2.9833333333333334,2024-12-24 05:01:00+00:00,2024-12-23,-0.08998668415328392,0.13302071085327433,0.15149905982719594,2.9833333333333334
2024-12-25 08:00:00+00:00,0.0005593690870639989,0.04005516386477524,-0.060971436049629554,0.01696431699297645,2024-12-26 08:00:00+00:00,-0.0037145586863874813,2024-12-25 05:01:00+00:00,2024-12-24,0.013601821247361201,-0.009289362873674012,0.012411420346559378,2.9833333333333334,2024-12-25 05:01:00+00:00,2024-12-24,0.0020342237028581067,0.012080836867081928,0.004453020019015328,2.9833333333333334,2024-12-25 05:01:00+00:00,2024-12-24,0.0027737346642666694,-0.010004802659795422,0.009457756184203922,2.9833333333333334,2024-12-25 05:01:00+00:00,2024-12-24,-0.16202826955031524,-0.1062711030495727,0.1559499552815919,2.9833333333333334
2024-12-27 08:00:00+00:00,-0.013712225860267324,-0.027127123181345927,-0.02827811844772565,0.015652798057958703,2024-12-28 08:00:00+00:00,-0.007599829913875977,2024-12-27 05:01:00+00:00,2024-12-26,-0.0013469161498687043,0.02601454514206225,0.012411449814436103,2.9833333333333334,2024-12-27 05:01:00+00:00,2024-12-26,-0.0012015795445341482,0.0009252265274795529,0.00446382522965462,2.9833333333333334,2024-12-27 05:01:00+00:00,2024-12-26,0.006957302114627417,0.0002260527297627328,0.009573129344519139,2.9833333333333334,2024-12-27 05:01:00+00:00,2024-12-26,0.03172679898579389,-0.6286539175066072,0.15610482634768127,2.9833333333333334
2024-12-28 08:00:00+00:00,-0.0022533980618479887,-0.007628749823404725,-0.04817353788469902,0.011919112593078506,2024-12-29 08:00:00+00:00,0.009430507815157085,2024-12-28 05:01:00+00:00,2024-12-27,-0.013658026032837611,0.01702623192468449,0.0126884243308856,2.9833333333333334,2024-12-28 05:01:00+00:00,2024-12-27,-0.0012029544324851926,-0.003789142329160718,0.003928151314586299,2.9833333333333334,2024-12-28 05:01:00+00:00,2024-12-27,-0.00832423771228985,0.009083957384423842,0.00964563847045481,2.9833333333333334,2024-12-28 05:01:00+00:00,2024-12-27,0.0795725987563145,-0.41233798739592636,0.1569918852486002,2.9833333333333334
2024-12-31 08:00:00+00:00,0.003788744413618872,-0.009334853125194548,-0.014671395749508478,0.011428121976104209,2025-01-01 08:00:00+00:00,0.00886660941248052,2024-12-31 05:01:00+00:00,2024-12-30,-0.012933340822925743,-0.004333670875429452,0.012974011795078042,2.9833333333333334,2024-12-31 05:01:00+00:00,2024-12-30,0.0012029544324851926,0.004727651974320046,0.0038073878693883657,2.9833333333333334,2024-12-31 05:01:00+00:00,2024-12-30,-0.0052570805597964565,-0.01026000754296965,0.009578652552878604,2.9833333333333334,2024-12-31 05:01:00+00:00,2024-12-30,0.08701137698962969,-0.0537041789718611,0.1577453782924836,2.9833333333333334
2025-01-01 08:00:00+00:00,-0.0016418331678629272,0.008827425109990199,-0.04589913450429356,0.009928391075810315,2025-01-02 08:00:00+00:00,0.02282030538583335,2025-01-01 05:01:00+00:00,2024-12-31,-0.00876211077835265,-0.023098572536624576,0.012889212844983792,2.9833333333333334,2025-01-01 05:01:00+00:00,2024-12-31,0.0033238015870793447,0.004156445745402708,0.003617589537611047,2.9833333333333334,2025-01-01 05:01:00+00:00,2024-12-31,0.00870873215932999,0.004858450666137055,0.00980730119682531,2.9833333333333334,2025-01-01 05:01:00+00:00,2024-12-31,-0.002877699827614766,0.03340480535380811,0.1576778881838481,2.9833333333333334
2025-01-03 08:00:00+00:00,-0.007843185573356948,0.005017551099052791,0.012530833930423303,0.009354461178956027,2025-01-04 08:00:00+00:00,0.020433938361854143,2025-01-03 05:01:00+00:00,2025-01-02,-0.0017410200107548235,-0.03844141379474052,0.012866926475939372,2.9833333333333334,2025-01-03 05:01:00+00:00,2025-01-02,0.00826148940832283,0.01038371145086786,0.003941464943474361,2.9833333333333334,2025-01-03 05:01:00+00:00,2025-01-02,0.010546237107391221,0.012630953109262617,0.010074506006200346,2.9833333333333334,2025-01-03 05:01:00+00:00,2025-01-02,0.03288278122417321,0.2283158561282965,0.15768868596431748,2.9833333333333334
2025-01-04 08:00:00+00:00,0.0007317077966284558,0.020228068351632593,0.04038765210546068,0.008183939366527861,2025-01-05 08:00:00+00:00,-3.154514104586337e-05,2025-01-04 05:01:00+00:00,2025-01-03,0.016573725528502337,-0.020520772116368494,0.013124625226365426,2.9833333333333334,2025-01-04 05:01:00+00:00,2025-01-03,-0.004030439172105993,0.007554851823296571,0.004111113473703209,2.9833333333333334,2025-01-04 05:01:00+00:00,2025-01-03,-0.005372234856195313,0.00030141613843906684,0.010116128786404655,2.9833333333333334,2025-01-04 05:01:00+00:00,2025-01-03,-0.10579439547992431,0.09079466166257842,0.15998783373237283,2.9833333333333334
2025-01-07 08:00:00+00:00,-0.0004255237819830171,0.023347353928393787,0.09058016624373894,0.007206519426657031,2025-01-08 08:00:00+00:00,-0.059093407050089475,2025-01-07 05:01:00+00:00,2025-01-06,0.010882059203721539,0.004019313120191297,0.013342752209873757,2.9833333333333334,2025-01-07 05:01:00+00:00,2025-01-06,-0.006353272278762034,0.002404533977019939,0.004149632200222517,2.9833333333333334,2025-01-07 05:01:00+00:00,2025-01-06,-0.00275364615626561,0.00587200769446395,0.0098573349778506,2.9833333333333334,2025-01-07 05:01:00+00:00,2025-01-06,-0.005595289698749006,0.0056267732075149105,0.16002108214516803,2.9833333333333334
2025-01-08 08:00:00+00:00,-0.009034296599121916,-0.060911407926360434,0.020841333207388332,0.008547117688253029,2025-01-09 08:00:00+00:00,-0.025460736888400004,2025-01-08 05:01:00+00:00,2025-01-07,-0.018087924684744294,-0.001135270741627869,0.013776105895959765,2.9833333333333334,2025-01-08 05:01:00+00:00,2025-01-07,0.002583015968950164,0.0037845955134840348,0.0041517565247869165,2.9833333333333334,2025-01-08 05:01:00+00:00,2025-01-07,0.0067761141150661786,0.017905202369326474,0.009931476135203749,2.9833333333333334,2025-01-08 05:01:00+00:00,2025-01-07,0.10523581960429507,0.023851215822180062,0.1606005654207942,2.9833333333333334
2025-01-09 08:00:00+00:00,-0.008612199516914387,-0.025790470326306412,-0.0275129564815668,0.008916563094327644,2025-01-10 08:00:00+00:00,0.013634502479522137,2025-01-09 05:01:00+00:00,2025-01-08,0.00037454025069294516,0.008001380287417596,0.013668216667642473,2.9833333333333334,2025-01-09 05:01:00+00:00,2025-01-08,0.005054418969860031,0.005515212896264965,0.004239928598411793,2.9833333333333334,2025-01-09 05:01:00+00:00,2025-01-08,0.0026228050016650073,0.011819275211662119,0.009689438522241292,2.9833333333333334,2025-01-09 05:01:00+00:00,2025-01-08,-0.006756782462880029,0.01997213318691517,0.15929050255336838,2.9833333333333334
2025-01-11 08:00:00+00:00,0.00041824683869506885,-0.00260963714770798,-0.04182571826438077,0.010282194522866363,2025-01-12 08:00:00+00:00,0.0008222068205074873,2025-01-11 05:01:00+00:00,2025-01-10,-0.015865292133556252,-0.006122891835382694,0.014080200473563172,2.9833333333333334,2025-01-11 05:01:00+00:00,2025-01-10,0.004295589631028385,0.006404455399799878,0.004274051045195419,2.9833333333333334,2025-01-11 05:01:00+00:00,2025-01-10,0.008953388070262136,0.02246031781970763,0.009059441058199006,2.9833333333333334,2025-01-11 05:01:00+00:00,2025-01-10,0.07821054201049948,0.19178275447751916,0.1593727433476395,2.9833333333333334
2025-01-14 08:00:00+00:00,2.740803287437643e-05,0.013518182422598774,-0.06923693851245034,0.011130586191473281,2025-01-15 08:00:00+00:00,0.025693205609420344,2025-01-14 05:01:00+00:00,2025-01-13,-0.003019742920159274,-0.025716360284045305,0.013305125790174512,2.9833333333333334,2025-01-14 05:01:00+00:00,2025-01-13,0.002823166191239679,0.015580893869801882,0.004281246982291212,2.9833333333333334,2025-01-14 05:01:00+00:00,2025-01-13,-0.01349764695707023,0.01171631701890257,0.008727231699734928,2.9833333333333334,2025-01-14 05:01:00+00:00,2025-01-13,-0.018074336595028218,0.17930370758124017,0.15956763637717888,2.9833333333333334
2025-01-15 08:00:00+00:00,-0.0001620606721921547,0.025368576745290018,0.01704304615920013,0.010223166711039925,2025-01-16 08:00:00+00:00,0.02567949982194495,2025-01-15 05:01:00+00:00,2025-01-14,-0.0013148362996577845,-0.037913255787425125,0.013262922409422416,2.9833333333333334,2025-01-15 05:01:00+00:00,2025-01-14,-0.006294802109844788,0.006703075791007433,0.004610973123574555,2.9833333333333334,2025-01-15 05:01:00+00:00,2025-01-14,0.0013803472022431151,0.006320550106080048,0.008270283411708101,2.9833333333333334,2025-01-15 05:01:00+00:00,2025-01-14,-0.02533116973361027,0.04873671824333494,0.15975259495937444,2.9833333333333334
2025-01-16 08:00:00+00:00,0.0032312673533620995,0.02535521940671059,0.06818873589221722,0.010448522857445986,2025-01-17 08:00:00+00:00,0.01643797595190377,2025-01-16 05:01:00+00:00,2025-01-15,0.02288164986206631,0.003056318759386814,0.01424993486792521,2.9833333333333334,2025-01-16 05:01:00+00:00,2025-01-15,-0.0016486568211471209,0.0,0.004620725756429796,2.9833333333333334,2025-01-16 05:01:00+00:00,2025-01-15,0.013148093839236097,0.016845838943650597,0.008742723995470195,2.9833333333333334,2025-01-16 05:01:00+00:00,2025-01-15,-0.14899740320751587,-0.0935039025013011,0.16342716083172484,2.9833333333333334
2025-01-17 08:00:00+00:00,0.0038398557582635107,0.016304336581837792,0.0709505776584753,0.009634595901118667,2025-01-18 08:00:00+00:00,0.013616256464010323,2025-01-17 05:01:00+00:00,2025-01-16,-0.006926686221490286,-0.004244907712797089,0.013805950140696912,2.9833333333333334,2025-01-17 05:01:00+00:00,2025-01-16,-0.0011923620412641611,-0.0020170651499881453,0.004647500799037892,2.9833333333333334,2025-01-17 05:01:00+00:00,2025-01-16,0.012105347893661467,0.022089530048332976,0.00903673722407808,2.9833333333333334,2025-01-17 05:01:00+00:00,2025-01-16,0.029341958284015313,-0.08485040924163953,0.16265590641321787,2.9833333333333334
2025-01-18 08:00:00+00:00,-0.007152510241468235,0.013524486818681796,0.0870847016248651,0.010079324783169157,2025-01-19 08:00:00+00:00,0.022809959954970704,2025-01-18 05:01:00+00:00,2025-01-17,0.016454183973593217,0.028074568394351913,0.014416057058763419,2.9833333333333334,2025-01-18 05:01:00+00:00,2025-01-17,0.003572899169909327,-0.0027397556111070356,0.0041918126596648085,2.9833333333333334,2025-01-18 05:01:00+00:00,2025-01-17,-0.000800040493059484,0.012336101485011013,0.00898267980063638,2.9833333333333334,2025-01-18 05:01:00+00:00,2025-01-17,-0.03869073313557658,-0.20175168438771549,0.0979357420263902,2.9833333333333334
2025-01-22 08:00:00+00:00,-0.004891108196527938,0.029901903192242896,0.07695449406229633,0.0155463804356026,2025-01-23 08:00:00+00:00,-0.022595948014160427,2025-01-22 05:01:00+00:00,2025-01-21,0.005829191144057333,0.03692350245856947,0.0118290675665388,2.9833333333333334,2025-01-22 05:01:00+00:00,2025-01-21,-0.011867127345836614,-0.01743004914818357,0.004969407328459954,2.9833333333333334,2025-01-22 05:01:00+00:00,2025-01-21,0.00381271007310513,0.02964645851518632,0.007800781877036423,2.9833333333333334,2025-01-22 05:01:00+00:00,2025-01-21,-0.048600428849633115,-0.21701591791425073,0.07443317698917079,2.9833333333333334
2025-01-23 08:00:00+00:00,0.002427433615327601,-0.022855245837752294,0.0287440288178334,0.0152831502833016,2025-01-24 08:00:00+00:00,0.022748550583252092,2025-01-23 05:01:00+00:00,2025-01-22,0.013196574239954018,0.05143491299818124,0.012063766451891705,2.9833333333333334,2025-01-23 05:01:00+00:00,2025-01-22,0.0010174408917755784,-0.010117806146563324,0.00467902224577004,2.9833333333333334,2025-01-23 05:01:00+00:00,2025-01-22,0.004231376987269719,0.03249748830021259,0.007349559331871392,2.9833333333333334,2025-01-23 05:01:00+00:00,2025-01-22,0.0026525214491313065,-0.06536599325760369,0.0720312326039801,2.9833333333333334
2025-01-24 08:00:00+00:00,0.011056473461932725,0.022493853207285038,0.03493354544328068,0.016126895593780968,2025-01-25 08:00:00+00:00,-0.006290530153277296,2025-01-24 05:01:00+00:00,2025-01-23,0.002190875517419144,0.030744138653533058,0.011961690124621591,2.9833333333333334,2025-01-24 05:01:00+00:00,2025-01-23,-0.001109935517797922,-0.009579084843213776,0.004607382010763747,2.9833333333333334,2025-01-24 05:01:00+00:00,2025-01-23,-0.002131506956986051,0.017217887503990323,0.00714131792301001,2.9833333333333334,2025-01-24 05:01:00+00:00,2025-01-23,-0.005312097484890366,-0.10002004902650892,0.061892001225782055,2.9833333333333334
2025-01-25 08:00:00+00:00,-0.007790738488663962,-0.006310589899200977,0.01509846872539794,0.01549512661469474,2025-01-26 08:00:00+00:00,0.005866400270764238,2025-01-25 05:01:00+00:00,2025-01-24,-0.005812041447189387,0.0318587834278345,0.01188670852933352,2.9833333333333334,2025-01-25 05:01:00+00:00,2025-01-24,-0.005661536258415367,-0.014048259060364944,0.0047481649868534774,2.9833333333333334,2025-01-25 05:01:00+00:00,2025-01-24,0.005014495829603227,0.01012703543993218,0.007162771362345734,2.9833333333333334,2025-01-25 05:01:00+00:00,2025-01-24,-0.01138278108727997,-0.07271209697821254,0.061572658732252344,2.9833333333333334
2025-01-28 08:00:00+00:00,0.0014934818245340153,0.03708056498006106,0.0078198934403762,0.011921192377161341,2025-01-29 08:00:00+00:00,-0.0003298968029098459,2025-01-28 05:01:00+00:00,2025-01-27,-0.030151982825271872,-0.014747383371031002,0.013313548626699982,2.9833333333333334,2025-01-28 05:01:00+00:00,2025-01-27,-0.0009312423066507591,-0.01855240053692461,0.0047460878696405,2.9833333333333334,2025-01-28 05:01:00+00:00,2025-01-27,-0.014681358231855235,-0.0037542822988635084,0.008056294159642414,2.9833333333333334,2025-01-28 05:01:00+00:00,2025-01-27,0.18680084759800053,0.12415806162532857,0.0725235047205088,2.9833333333333334
2025-01-29 08:00:00+00:00,0.007008241131092774,-0.00032985391273740287,-0.02241186366460426,0.010778716827575342,2025-01-30 08:00:00+00:00,0.023125310383909303,2025-01-29 05:01:00+00:00,2025-01-28,0.015767279257444144,-0.004809295257644799,0.013866599230416424,2.9833333333333334,2025-01-29 05:01:00+00:00,2025-01-28,0.004925491217531608,-0.0017597819735566545,0.0048850524962612395,2.9833333333333334,2025-01-29 05:01:00+00:00,2025-01-28,0.010570613028608733,0.0030036206566398955,0.007942373426905364,2.9833333333333334,2025-01-29 05:01:00+00:00,2025-01-28,-0.08690980774470969,0.08584868273025194,0.07269600066404315,2.9833333333333334
2025-01-30 08:00:00+00:00,-0.0006079074654063987,0.0228618751936352,0.023305257366783377,0.010955887668209477,2025-01-31 08:00:00+00:00,-0.008974426167010718,2025-01-30 05:01:00+00:00,2025-01-29,-0.002406005895418062,-0.020411875393017035,0.013537816129163185,2.9833333333333334,2025-01-30 05:01:00+00:00,2025-01-29,0.001204403274918775,-0.0015728195904136828,0.004885072224911502,2.9833333333333334,2025-01-30 05:01:00+00:00,2025-01-29,0.0008307474545796723,-0.00039700887604957654,0.007743114102095469,2.9833333333333334,2025-01-30 05:01:00+00:00,2025-01-29,0.009099243855114292,0.09229540513623495,0.07274575934859479,2.9833333333333334
2025-01-31 08:00:00+00:00,-0.001495207128776599,-0.009015034877163966,-0.008203630717665724,0.009417399267269354,2025-02-01 08:00:00+00:00,-0.019407887064771145,2025-01-31 05:01:00+00:00,2025-01-30,0.0045041618003498485,-0.018098589110085075,0.013228748261275165,2.9833333333333334,2025-01-31 05:01:00+00:00,2025-01-30,-0.0018535403398818318,-0.0023164244124974157,0.00483321611840695,2.9833333333333334,2025-01-31 05:01:00+00:00,2025-01-30,0.019025016216117407,0.02075951429705423,0.008466157717687543,2.9833333333333334,2025-01-31 05:01:00+00:00,2025-01-30,-0.04445176257083405,0.05315574005029112,0.07283081247408844,2.9833333333333334
2025-02-01 08:00:00+00:00,-0.0008091356251327397,-0.0195985969184564,-0.02149163773692109,0.01042374799283754,2025-02-02 08:00:00+00:00,-0.024696845315915206,2025-02-01 05:01:00+00:00,2025-01-31,-0.0013989785241914632,-0.013685526187087838,0.013052005334933272,2.9833333333333334,2025-02-01 05:01:00+00:00,2025-01-31,0.005273636495052081,0.008618748340970095,0.004594309498415482,2.9833333333333334,2025-02-01 05:01:00+00:00,2025-01-31,-0.0037263817408135225,0.012018636726637225,0.008427506491936925,2.9833333333333334,2025-02-01 05:01:00+00:00,2025-01-31,0.0365705456628973,0.10110906680046818,0.06946343472185261,2.9833333333333334
2025-02-04 08:00:00+00:00,-0.021918749571426588,0.032152562613447795,-0.04315665486968398,0.013040082999633044,2025-02-05 08:00:00+00:00,-0.005927798845299148,2025-02-04 05:01:00+00:00,2025-02-03,-0.008438064865670114,0.008028391772513532,0.01321354115637349,2.9833333333333334,2025-02-04 05:01:00+00:00,2025-02-03,0.005704792021586691,0.015254782669207219,0.004711282657229158,2.9833333333333334,2025-02-04 05:01:00+00:00,2025-02-03,0.015733391035837485,0.042433385994329914,0.008691528894776555,2.9833333333333334,2025-02-04 05:01:00+00:00,2025-02-03,0.12512733979974433,0.03943555900221187,0.07476575135075006,2.9833333333333334
2025-02-05 08:00:00+00:00,-0.001792405072256642,-0.005945539563391604,-0.04877234052033821,0.013009048378731519,2025-02-06 08:00:00+00:00,0.003383966983714126,2025-02-05 05:01:00+00:00,2025-02-04,0.012567200764232567,0.004828313279303758,0.01298967664198735,2.9833333333333334,2025-02-05 05:01:00+00:00,2025-02-04,-0.00949533563141891,0.0008339558202567419,0.0049796773448349705,2.9833333333333334,2025-02-05 05:01:00+00:00,2025-02-04,0.006523754824097949,0.038386527789819685,0.008577258574853372,2.9833333333333334,2025-02-05 05:01:00+00:00,2025-02-04,-0.07874566162547314,0.047599705121448656,0.07340814964778802,2.9833333333333334
2025-02-06 08:00:00+00:00,0.00859053610322924,0.0033783560891625162,-0.0682558596248109,0.012748229909128843,2025-02-07 08:00:00+00:00,-0.014649943581993563,2025-02-06 05:01:00+00:00,2025-02-05,0.0042216402939629916,0.011455959468685065,0.012795073793468009,2.9833333333333334,2025-02-06 05:01:00+00:00,2025-02-05,-0.0035260058040611497,-0.0038964532587228975,0.0049912873489673625,2.9833333333333334,2025-02-06 05:01:00+00:00,2025-02-05,0.005963112603524223,0.04351889293876319,0.0085660151474334,2.9833333333333334,2025-02-06 05:01:00+00:00,2025-02-05,-0.0873812092485009,-0.04888074798216661,0.07587051210920336,2.9833333333333334
2025-02-07 08:00:00+00:00,-0.00707506704205052,-0.01475831220463243,-0.07399913695227929,0.013242475174050968,2025-02-08 08:00:00+00:00,-0.005654575625711478,2025-02-07 05:01:00+00:00,2025-02-06,0.00533753068546261,0.012289328353795412,0.012082496068811446,2.9833333333333334,2025-02-07 05:01:00+00:00,2025-02-06,0.0010219781459790411,-0.0010209347728620355,0.004836527006117285,2.9833333333333334,2025-02-07 05:01:00+00:00,2025-02-06,-0.0056502391220494275,0.01884363760059677,0.008836434405731241,2.9833333333333334,2025-02-07 05:01:00+00:00,2025-02-06,-0.017269377049746293,-0.021698362461078802,0.07564817919159163,2.9833333333333334
2025-02-08 08:00:00+00:00,-0.005072968797655619,-0.0056707266137539505,-0.06007126664757697,0.012701941466505978,2025-02-09 08:00:00+00:00,0.008813124467830447,2025-02-08 05:01:00+00:00,2025-02-07,-0.013071133820906411,0.0006171730570828808,0.012509067271212378,2.9833333333333334,2025-02-08 05:01:00+00:00,2025-02-07,0.0032447853869053134,-0.0030497858810091443,0.004905042619827065,2.9833333333333334,2025-02-08 05:01:00+00:00,2025-02-07,0.0037819542300940867,0.026351973571504848,0.008804911039987416,2.9833333333333334,2025-02-08 05:01:00+00:00,2025-02-07,0.06494166567034432,0.0066727575463684215,0.07490993162666014,2.9833333333333334
2025-02-11 08:00:00+00:00,0.006756025288449763,0.008575884399173065,-0.00182038215859777,0.006730949879773508,2025-02-12 08:00:00+00:00,-0.022381426977261754,2025-02-11 05:01:00+00:00,2025-02-10,0.012274463676735792,0.02132970159948882,0.012121078729496314,2.9833333333333334,2025-02-11 05:01:00+00:00,2025-02-10,0.0025882689482301657,-0.0061663089543662,0.004831032645781361,2.9833333333333334,2025-02-11 05:01:00+00:00,2025-02-10,0.016077228698163637,0.026695811233830306,0.009172310161751159,2.9833333333333334,2025-02-11 05:01:00+00:00,2025-02-10,-0.04513903837416455,-0.1635936206275404,0.07533838252979645,2.9833333333333334
2025-02-12 08:00:00+00:00,0.00805056999003817,-0.022635590392579116,-0.018510432987785295,0.0075793765855623006,2025-02-13 08:00:00+00:00,6.765929444041419e-06,2025-02-12 05:01:00+00:00,2025-02-11,-0.0029095796730036483,0.005852921162250108,0.012118638117534816,2.9833333333333334,2025-02-12 05:01:00+00:00,2025-02-11,-0.0033290266770533705,0.0,0.004796656668330786,2.9833333333333334,2025-02-12 05:01:00+00:00,2025-02-11,-0.0006135349391369616,0.01955852147059525,0.008297940108790064,2.9833333333333334,2025-02-12 05:01:00+00:00,2025-02-11,0.013195290418832606,-0.07165266858323496,0.07540984026863128,2.9833333333333334
2025-02-13 08:00:00+00:00,-0.014756686237866745,6.76590655524404e-06,-0.02188202317039258,0.007936155777048055,2025-02-14 08:00:00+00:00,0.009096054001328069,2025-02-13 05:01:00+00:00,2025-02-12,0.0011858368806709763,0.0028171177489589544,0.012093994620277979,2.9833333333333334,2025-02-13 05:01:00+00:00,2025-02-12,-0.0001852398608823691,0.0033407659431786718,0.004627767835361474,2.9833333333333334,2025-02-13 05:01:00+00:00,2025-02-12,-0.0013308129689661996,0.01226459589810511,0.008373895423181777,2.9833333333333334,2025-02-13 05:01:00+00:00,2025-02-12,-0.008147961091588662,0.007580579573677737,0.06770941738746772,2.9833333333333334
2025-02-14 08:00:00+00:00,-0.0019156609313917272,0.009054934066794959,0.0019312231010346927,0.007135722072423345,2025-02-15 08:00:00+00:00,0.004148576772446955,2025-02-14 05:01:00+00:00,2025-02-13,0.014238017915445766,0.01171760497894215,0.011456088570192676,2.9833333333333334,2025-02-14 05:01:00+00:00,2025-02-13,-0.00585372062060685,-0.0035349328234068026,0.004770648541175861,2.9833333333333334,2025-02-14 05:01:00+00:00,2025-02-13,0.0056859762623071575,0.02360081128246153,0.008125898206391084,2.9833333333333334,2025-02-14 05:01:00+00:00,2025-02-13,-0.05099523672774575,-0.02614528010432236,0.0682133451355052,2.9833333333333334
2025-02-15 08:00:00+00:00,-0.00314801147872501,0.0041398924278987625,0.011741842142687382,0.006707763834254591,2025-02-16 08:00:00+00:00,-0.0009994219603894905,2025-02-15 05:01:00+00:00,2025-02-14,0.003804637229826824,0.028593376029675096,0.01127410305364239,2.9833333333333334,2025-02-15 05:01:00+00:00,2025-02-14,-0.006919775818822416,-0.013699494029134635,0.004962075568683584,2.9833333333333334,2025-02-15 05:01:00+00:00,2025-02-14,-0.015292527812157175,0.004526329240209542,0.00895809771294552,2.9833333333333334,2025-02-15 05:01:00+00:00,2025-02-14,-0.02209664727759053,-0.11318359305225674,0.06787869545273421,2.9833333333333334
2025-02-19 08:00:00+00:00,-0.00023563468415410682,0.0024147170659572976,-0.003982852540352636,0.006136212814058073,2025-02-20 08:00:00+00:00,0.012333976850318562,2025-02-19 05:01:00+00:00,2025-02-18,0.002254775678279586,0.01857368803121892,0.010776552222320246,2.9833333333333334,2025-02-19 05:01:00+00:00,2025-02-18,0.004494000174224411,-0.011793762803139929,0.005011841679589412,2.9833333333333334,2025-02-19 05:01:00+00:00,2025-02-18,0.016514059490885913,0.004963160032932848,0.009431140274844744,2.9833333333333334,2025-02-19 05:01:00+00:00,2025-02-18,-0.0013020835172983247,-0.04272246760700699,0.06764988044996142,2.9833333333333334
2025-02-20 08:00:00+00:00,-0.0019320028469991257,0.012258533072269255,0.008268914625361322,0.005367877754165013,2025-02-21 08:00:00+00:00,0.013542667169894829,2025-02-20 05:01:00+00:00,2025-02-19,0.0004957231755007285,0.02197899087972483,0.01073383790843791,2.9833333333333334,2025-02-20 05:01:00+00:00,2025-02-19,0.0011202980959197362,-0.007344438030167785,0.0043337934319924755,2.9833333333333334,2025-02-20 05:01:00+00:00,2025-02-19,-0.004383926454861076,0.0011927685172088128,0.0095942913530799,2.9833333333333334,2025-02-20 05:01:00+00:00,2025-02-19,-0.005225354802664839,-0.039799861318083614,0.06766240161764486,2.9833333333333334
2025-02-21 08:00:00+00:00,0.00038477652594259837,0.013451683005418722,0.012665663563985258,0.00561580481285312,2025-02-22 08:00:00+00:00,-0.0192675130528418,2025-02-21 05:01:00+00:00,2025-02-20,-0.004861228654966965,0.01593192534408638,0.010444239584061717,2.9833333333333334,2025-02-21 05:01:00+00:00,2025-02-20,-0.007774868000939961,-0.014934066170224572,0.004617644789628248,2.9833333333333334,2025-02-21 05:01:00+00:00,2025-02-20,0.006788661670298346,0.009312243156473327,0.009627048410152127,2.9833333333333334,2025-02-21 05:01:00+00:00,2025-02-20,0.02521957133211572,0.036414946741778496,0.06786706401011275,2.9833333333333334
2025-02-22 08:00:00+00:00,-0.00011402629346513038,-0.019455448994095726,-0.010929677858009216,0.007225958590375668,2025-02-23 08:00:00+00:00,0.0022927030747001975,2025-02-22 05:01:00+00:00,2025-02-21,-0.020786381263352638,-0.01909247383471123,0.011461465376815189,2.9833333333333334,2025-02-22 05:01:00+00:00,2025-02-21,0.002535848049020295,-0.0065444975005980585,0.00467853357084282,2.9833333333333334,2025-02-22 05:01:00+00:00,2025-02-21,-0.000981553379674871,0.00264471351449121,0.009596696562647819,2.9833333333333334,2025-02-22 05:01:00+00:00,2025-02-21,0.1508612031768597,0.20937279719622823,0.07544576733836024,2.9833333333333334
2025-02-25 08:00:00+00:00,-0.031234792134233302,-0.0707886381372005,-0.06644961206460125,0.009822477183243783,2025-02-26 08:00:00+00:00,-0.00671741975846174,2025-02-25 05:01:00+00:00,2025-02-24,-0.01219579531765902,-0.03509290638219816,0.011698947638734565,2.9833333333333334,2025-02-25 05:01:00+00:00,2025-02-24,-9.382426978810088e-05,0.00028145404843633214,0.004529207973199673,2.9833333333333334,2025-02-25 05:01:00+00:00,2025-02-24,0.003380437322647367,0.02131767864929607,0.009588216049249653,2.9833333333333334,2025-02-25 05:01:00+00:00,2025-02-24,0.041414899442265174,0.21096823563127748,0.06361001578284159,2.9833333333333334
2025-02-26 08:00:00+00:00,-0.0020265740494593842,-0.006739970458559244,-0.07560429958911784,0.009976034392227027,2025-02-27 08:00:00+00:00,-0.027592422498599833,2025-02-26 05:01:00+00:00,2025-02-25,-0.012480570038457373,-0.04982825209893549,0.009910202012272273,2.9833333333333334,2025-02-26 05:01:00+00:00,2025-02-25,-0.0027241660821415437,-0.0069367122079299435,0.004558084965382724,2.9833333333333334,2025-02-26 05:01:00+00:00,2025-02-25,-0.015097159353385514,-0.010293540194975834,0.009629415461959882,2.9833333333333334,2025-02-26 05:01:00+00:00,2025-02-25,0.02343247020756678,0.23570278935614258,0.06009597674193476,2.9833333333333334
2025-02-27 08:00:00+00:00,0.012194905445195303,-0.02798035670815671,-0.11584318936954378,0.012182567239584953,2025-02-28 08:00:00+00:00,-0.08192008045251276,2025-02-27 05:01:00+00:00,2025-02-26,0.00216341809008469,-0.04816055718435258,0.009206033698981438,2.9833333333333334,2025-02-27 05:01:00+00:00,2025-02-26,0.001034180626755976,-0.00702282967709348,0.0043952521108121005,2.9833333333333334,2025-02-27 05:01:00+00:00,2025-02-26,0.004034623906577828,-0.0018749898335370869,0.009475426419102366,2.9833333333333334,2025-02-27 05:01:00+00:00,2025-02-26,-0.017129928336764078,0.22379821582204315,0.06036656629556245,2.9833333333333334
2025-02-28 08:00:00+00:00,-0.015631950689071417,-0.0854709600757084,-0.2147658324506709,0.014377075943787412,2025-03-01 08:00:00+00:00,0.06988937511205151,2025-02-28 05:01:00+00:00,2025-02-27,-0.02792487995842663,-0.07122420848781169,0.01103144877836843,2.9833333333333334,2025-02-28 05:01:00+00:00,2025-02-27,0.007675781485370514,0.008427819809217255,0.004763775573428203,2.9833333333333334,2025-02-28 05:01:00+00:00,2025-02-27,-0.011911303726445333,-0.020574955230280145,0.010031335170647086,2.9833333333333334,2025-02-28 05:01:00+00:00,2025-02-27,0.10100549657538105,0.29958414106530823,0.06254721834339275,2.9833333333333334
2025-03-01 08:00:00+00:00,-0.00694642131736245,0.06755526363067975,-0.1277551198258955,0.01598611898828413,2025-03-02 08:00:00+00:00,0.017609832221227695,2025-03-01 05:01:00+00:00,2025-02-28,0.016095824522693647,-0.0343420027017655,0.011679451641275797,2.9833333333333334,2025-03-01 05:01:00+00:00,2025-02-28,0.003444292436518559,0.009336264196714919,0.004822879015287052,2.9833333333333334,2025-03-01 05:01:00+00:00,2025-02-28,-0.0165033698799828,-0.03609677173058844,0.010045679406085906,2.9833333333333334,2025-03-01 05:01:00+00:00,2025-02-28,-0.07363482333959581,0.07508811454885297,0.06528640741703609,2.9833333333333334
2025-03-04 08:00:00+00:00,-0.009539097608604052,-0.10464887217624204,-0.07114166600155136,0.021024824651614066,2025-03-05 08:00:00+00:00,0.053291042766606234,2025-03-04 05:01:00+00:00,2025-03-03,-0.0222149143510304,-0.044361121735137087,0.012566467821328392,2.9833333333333334,2025-03-04 05:01:00+00:00,2025-03-03,-0.008023933775452186,0.00140615469105085,0.004959458029353039,2.9833333333333334,2025-03-04 05:01:00+00:00,2025-03-03,0.01829746914075958,-0.021179739912475824,0.01074648551718826,2.9833333333333334,2025-03-04 05:01:00+00:00,2025-03-03,0.14882394973066626,0.18249716483725428,0.0676780085181309,2.9833333333333334
2025-03-05 08:00:00+00:00,0.008896965071951257,0.05191958885249818,-0.0124821066904939,0.023019354962902524,2025-03-06 08:00:00+00:00,0.04253619828191191,2025-03-05 05:01:00+00:00,2025-03-04,-0.0035828468025833615,-0.0354633984992614,0.012492645534770142,2.9833333333333334,2025-03-05 05:01:00+00:00,2025-03-04,-0.009506421504101858,-0.005376100730908528,0.0050818354138109706,2.9833333333333334,2025-03-05 05:01:00+00:00,2025-03-04,0.006699098982211105,0.0006165184231208064,0.010299541274783759,2.9833333333333334,2025-03-05 05:01:00+00:00,2025-03-04,0.031542904532942284,0.19060759916262945,0.06447680477426332,2.9833333333333334
2025-03-06 08:00:00+00:00,-0.002826215540347121,0.041656287187294805,0.05715453720495762,0.02245984023369263,2025-03-07 08:00:00+00:00,-0.03263726936853295,2025-03-06 05:01:00+00:00,2025-03-05,0.01346652723569619,-0.024160289353649018,0.01255034477296418,2.9833333333333334,2025-03-06 05:01:00+00:00,2025-03-05,0.0,-0.006410281357664315,0.004728144309788648,2.9833333333333334,2025-03-06 05:01:00+00:00,2025-03-05,0.001847194536648722,-0.0015709109468089544,0.010222703551148316,2.9833333333333334,2025-03-06 05:01:00+00:00,2025-03-05,-0.06957030012218146,0.1381672273772126,0.06308766381455326,2.9833333333333334
2025-03-07 08:00:00+00:00,0.015670461761322585,-0.03318174832191366,0.10944374895875252,0.02171074597499716,2025-03-08 08:00:00+00:00,-0.02453511388364582,2025-03-07 05:01:00+00:00,2025-03-06,-0.02831136109761978,-0.024546770492843553,0.013724291141025826,2.9833333333333334,2025-03-07 05:01:00+00:00,2025-03-06,-0.01601559820399956,-0.03010166104703534,0.005781406151877328,2.9833333333333334,2025-03-07 05:01:00+00:00,2025-03-06,0.00020507044675532882,0.010545463226391598,0.010152416864315707,2.9833333333333334,2025-03-07 05:01:00+00:00,2025-03-06,0.1258066953855166,0.1629684261873481,0.06704620940373893,2.9833333333333334
2025-03-08 08:00:00+00:00,0.003230609842487908,-0.024841002180355974,0.017047483147716758,0.020779934564020303,2025-03-09 08:00:00+00:00,-0.0022336007900030097,2025-03-08 05:01:00+00:00,2025-03-07,0.007390021273037561,-0.03325257374249889,0.013804058144181371,2.9833333333333334,2025-03-08 05:01:00+00:00,2025-03-07,-0.0021164147117005427,-0.035662368195253626,0.005747174341242318,2.9833333333333334,2025-03-08 05:01:00+00:00,2025-03-07,-0.00428031525894923,0.022768517847425382,0.010112732877891314,2.9833333333333334,2025-03-08 05:01:00+00:00,2025-03-07,-0.062209109264546925,0.17439414026239697,0.06892591309151022,2.9833333333333334
2025-03-11 08:00:00+00:00,0.011287091707272268,-0.02327469829554062,-0.033759421499744605,0.017286058880415747,2025-03-12 08:00:00+00:00,0.025151899398370592,2025-03-11 04:01:00+00:00,2025-03-10,-0.03888326589776803,-0.0499209252892371,0.015785931112568367,3.9833333333333334,2025-03-11 04:01:00+00:00,2025-03-10,0.0006739574187113462,-0.02696447700109022,0.005655952324548579,3.9833333333333334,2025-03-11 04:01:00+00:00,2025-03-10,-0.005057272432616777,-0.0005862237259514324,0.010161496102389332,3.9833333333333334,2025-03-11 04:01:00+00:00,2025-03-10,0.17573881980089334,0.2013090103326234,0.0757547913558187,3.9833333333333334
2025-03-12 08:00:00+00:00,0.003889648022816772,0.02484079309499634,-0.060838217257246585,0.01478721735590578,2025-03-13 08:00:00+00:00,0.008541406451453293,2025-03-12 04:01:00+00:00,2025-03-11,-0.002782335655867385,-0.04912041414252125,0.015267294895106752,3.9833333333333334,2025-03-12 04:01:00+00:00,2025-03-11,-0.004533417041892918,-0.021991472538882232,0.00557893221856179,3.9833333333333334,2025-03-12 04:01:00+00:00,2025-03-11,0.0073879691817611,0.00010264647359872215,0.009618341088748712,3.9833333333333334,2025-03-12 04:01:00+00:00,2025-03-11,-0.03432246357513247,0.135443642224549,0.07698944354533659,3.9833333333333334
2025-03-13 08:00:00+00:00,-0.005099899717295742,0.008504893481729808,-0.09398961096281155,0.014045510771287533,2025-03-14 08:00:00+00:00,-0.011799595920723549,2025-03-13 04:01:00+00:00,2025-03-12,0.011241680676111088,-0.05134526070210816,0.015728850962933097,3.9833333333333334,2025-03-13 04:01:00+00:00,2025-03-12,0.0016420980887659198,-0.020349374450116347,0.005641293187307366,3.9833333333333334,2025-03-13 04:01:00+00:00,2025-03-12,0.008828097861519169,0.007083549798469766,0.00982797464291712,3.9833333333333334,2025-03-13 04:01:00+00:00,2025-03-12,-0.10527796994809302,0.09973597239863762,0.08214455093528489,3.9833333333333334
2025-03-14 08:00:00+00:00,0.0034387532772139906,-0.01186952170686118,-0.07267738434775901,0.012858223330910187,2025-03-15 08:00:00+00:00,0.020158976103931803,2025-03-14 04:01:00+00:00,2025-03-13,-0.019089953519609182,-0.042123853124095716,0.015955240627836847,3.9833333333333334,2025-03-14 04:01:00+00:00,2025-03-13,0.002121107795967525,-0.0022126684501487617,0.005704770434730952,3.9833333333333334,2025-03-14 04:01:00+00:00,2025-03-13,0.014988239447696117,0.02186671879941142,0.010353922540079823,3.9833333333333334,2025-03-14 04:01:00+00:00,2025-03-13,0.017590962907763963,-0.008479760079115122,0.08038947291781474,3.9833333333333334
2025-03-15 08:00:00+00:00,-0.007897887586720387,0.01995823308633886,-0.027878149081064108,0.013187785184268759,2025-03-16 08:00:00+00:00,0.00532797660714901,2025-03-15 04:01:00+00:00,2025-03-14,0.02461766577176583,-0.02489620862536906,0.01679808734120296,3.9833333333333334,2025-03-15 04:01:00+00:00,2025-03-14,-0.001059991510803826,-0.0011562452492524982,0.005631966030295516,3.9833333333333334,2025-03-15 04:01:00+00:00,2025-03-14,0.0032708288250340445,0.02941786288339456,0.010311094649272533,3.9833333333333334,2025-03-15 04:01:00+00:00,2025-03-14,-0.1246496224897422,-0.07092027330431053,0.08655402588486305,3.9833333333333334
2025-03-18 08:00:00+00:00,0.00019493551346094762,-0.004846838837218199,0.03348782580847543,0.010058222264356083,2025-03-19 08:00:00+00:00,0.00031492063675298,2025-03-18 04:01:00+00:00,2025-03-17,0.005445767629066012,0.019432824901466094,0.016850265890646518,3.9833333333333334,2025-03-18 04:01:00+00:00,2025-03-17,-0.00338016128888885,-0.005210363956852578,0.005513723202312234,3.9833333333333334,2025-03-18 04:01:00+00:00,2025-03-17,0.0016646693940849389,0.03613980471009481,0.009577437891566775,3.9833333333333334,2025-03-18 04:01:00+00:00,2025-03-17,-0.05962030316216671,-0.3062793962673704,0.08816031466975917,3.9833333333333334
2025-03-19 08:00:00+00:00,0.0018388094204180305,0.0003148710596575474,0.008961903773136834,0.00930954517814465,2025-03-20 08:00:00+00:00,0.0315709820891934,2025-03-19 04:01:00+00:00,2025-03-18,-0.01673920449124644,0.005475956066087547,0.016925459303055647,3.9833333333333334,2025-03-19 04:01:00+00:00,2025-03-18,-0.0012584569922662325,-0.0019354039072249866,0.0053302375576530945,3.9833333333333334,2025-03-19 04:01:00+00:00,2025-03-18,0.011477064687342775,0.04022890021567672,0.009229635055345683,3.9833333333333334,2025-03-19 04:01:00+00:00,2025-03-18,0.05639968846212451,-0.2155572442301133,0.08856180355483712,3.9833333333333334
2025-03-20 08:00:00+00:00,-0.0008692694706571302,0.031082865596071325,0.03153987588747835,0.009324030120137659,2025-03-21 08:00:00+00:00,-0.021888592610339264,2025-03-20 04:01:00+00:00,2025-03-19,0.012917092149914211,0.00715136753989141,0.01741445193170022,3.9833333333333334,2025-03-20 04:01:00+00:00,2025-03-19,0.0018387041817407024,-0.0017387978142500656,0.005353408443120286,3.9833333333333334,2025-03-20 04:01:00+00:00,2025-03-19,0.0001315035660383046,0.031532305920196714,0.009131997799081528,3.9833333333333334,2025-03-20 04:01:00+00:00,2025-03-19,-0.08659252881596702,-0.1968718030979877,0.09147260280356515,3.9833333333333334
2025-03-21 08:00:00+00:00,-0.006104659176205729,-0.022131821084181453,0.021277576510158,0.008367462784679999,2025-03-22 08:00:00+00:00,0.004011532799391482,2025-03-21 04:01:00+00:00,2025-03-20,-0.0029964186135984505,0.02324490244590167,0.017424877067982916,3.9833333333333334,2025-03-21 04:01:00+00:00,2025-03-20,0.004052477288751355,0.00019257167853267603,0.005308942804876034,3.9833333333333334,2025-03-21 04:01:00+00:00,2025-03-20,0.0008545925437939417,0.017398659016293755,0.009056048077757338,3.9833333333333334,2025-03-21 04:01:00+00:00,2025-03-20,-0.005037794029957077,-0.21950056003570867,0.09151427441906408,3.9833333333333334
2025-03-22 08:00:00+00:00,0.00021337262571918814,0.004003745850674347,0.005323089274493425,0.007516860596222781,2025-03-23 08:00:00+00:00,6.063503511311019e-05,2025-03-22 04:01:00+00:00,2025-03-21,0.0038731100012530106,0.0025003466753891006,0.0171742527292087,3.9833333333333334,2025-03-22 04:01:00+00:00,2025-03-21,0.0023083387162152746,0.003560901905552275,0.005300788697408414,3.9833333333333334,2025-03-22 04:01:00+00:00,2025-03-21,-0.007386483054428794,0.00674134713683078,0.009257995227102673,3.9833333333333334,2025-03-22 04:01:00+00:00,2025-03-21,-0.026613648518090116,-0.12146458606405644,0.08573514019412798,3.9833333333333334
2025-03-25 08:00:00+00:00,-0.0009720296537096829,-0.005051036251696854,0.03860146520200066,0.006612192690025247,2025-03-26 08:00:00+00:00,0.019709540448156204,2025-03-25 04:01:00+00:00,2025-03-24,0.021359755870738795,0.018414334917061334,0.018001922488237673,3.9833333333333334,2025-03-25 04:01:00+00:00,2025-03-24,0.0016319254841814512,0.00857298867862258,0.0053336201088501475,3.9833333333333334,2025-03-25 04:01:00+00:00,2025-03-24,-0.0019214200668660197,0.0031552576758806274,0.009266415585380378,3.9833333333333334,2025-03-25 04:01:00+00:00,2025-03-24,-0.09801091895501024,-0.15985520185689986,0.08807138985942078,3.9833333333333334
2025-03-26 08:00:00+00:00,0.011260518372500528,0.019517822476623557,0.05780441661896642,0.006620576716138632,2025-03-27 08:00:00+00:00,-0.008400910138307571,2025-03-26 04:01:00+00:00,2025-03-25,0.0053069274631294405,0.04046046687143619,0.017938898767675213,3.9833333333333334,2025-03-26 04:01:00+00:00,2025-03-25,-0.0007676245830561257,0.009063821087832788,0.005320377955083751,3.9833333333333334,2025-03-26 04:01:00+00:00,2025-03-25,0.0034096878809126707,-0.004912119130549082,0.008477830047982707,3.9833333333333334,2025-03-26 04:01:00+00:00,2025-03-25,-0.019059196615440754,-0.23531408693446498,0.08788416196452642,3.9833333333333334
2025-03-27 08:00:00+00:00,-0.0030866505072513206,-0.008436396669755562,0.01828515435313952,0.006124839659647754,2025-03-28 08:00:00+00:00,-0.025023000574714183,2025-03-27 04:01:00+00:00,2025-03-26,-0.018448054644050416,0.009095320077472775,0.018280027108887348,3.9833333333333334,2025-03-27 04:01:00+00:00,2025-03-26,0.0035452798177422196,0.010770396723833809,0.005400236161609999,3.9833333333333334,2025-03-27 04:01:00+00:00,2025-03-26,-0.0011242321131987865,-0.006167854809788191,0.008484797202606892,3.9833333333333334,2025-03-27 04:01:00+00:00,2025-03-26,0.06654088823966475,-0.08218066987883303,0.08931832119748047,3.9833333333333334
2025-03-28 08:00:00+00:00,-0.01830479745442659,-0.02534128124257953,0.015075694194741576,0.006528798746441056,2025-03-29 08:00:00+00:00,-0.01738174160790995,2025-03-28 04:01:00+00:00,2025-03-27,-0.005960953192907681,0.006130785498162422,0.017336905419151366,3.9833333333333334,2025-03-28 04:01:00+00:00,2025-03-27,-0.004601708346740452,0.002116211088342567,0.005062993279720479,3.9833333333333334,2025-03-28 04:01:00+00:00,2025-03-27,0.012657356456463376,0.005634909102882416,0.008208248667585972,3.9833333333333334,2025-03-28 04:01:00+00:00,2025-03-27,0.01944955961585837,-0.05769331623301806,0.08617164549659405,3.9833333333333334
2025-03-29 08:00:00+00:00,-0.0051755310879695315,-0.017534814488224575,-0.006462866144157411,0.006974284998592092,2025-03-30 08:00:00+00:00,-0.007825578397128052,2025-03-29 04:01:00+00:00,2025-03-28,-0.02647127398287452,-0.024213598485963484,0.01762638373237346,3.9833333333333334,2025-03-29 04:01:00+00:00,2025-03-28,-0.0002882973371454156,-0.0004804249650185255,0.004938397524111965,3.9833333333333334,2025-03-29 04:01:00+00:00,2025-03-28,0.008296102888538215,0.021317495045849757,0.006914296606788936,3.9833333333333334,2025-03-29 04:01:00+00:00,2025-03-28,0.14701683298102708,0.11593716526609911,0.09106114555037852,3.9833333333333334
2025-04-01 08:00:00+00:00,0.005800927447372928,0.018285659462100784,-0.035220018289965835,0.007416644241350242,2025-04-02 08:00:00+00:00,0.01175401909030449,2025-04-01 04:01:00+00:00,2025-03-31,-0.00015306967794970205,-0.04572642403465232,0.017108744773318574,3.9833333333333334,2025-04-01 04:01:00+00:00,2025-03-31,0.0016326358387139805,-0.00047971461048547923,0.004754867966015585,3.9833333333333334,2025-04-01 04:01:00+00:00,2025-03-31,0.011692288048193333,0.03493120316090904,0.006329033678065687,3.9833333333333334,2025-04-01 04:01:00+00:00,2025-03-31,0.028683960610584425,0.24263204483169387,0.08481551545659341,3.9833333333333334
2025-04-02 08:00:00+00:00,-0.0014637555695653504,0.011685595626850809,-0.04305224513973859,0.00740220406656011,2025-04-03 08:00:00+00:00,-0.011484096428696744,2025-04-02 04:01:00+00:00,2025-04-01,0.008160770440090559,-0.04287258105769162,0.01728433713317381,3.9833333333333334,2025-04-02 04:01:00+00:00,2025-04-01,0.000479714610485793,0.0007676245830556716,0.0043436991824269055,3.9833333333333334,2025-04-02 04:01:00+00:00,2025-04-01,0.007401753736079542,0.0389232690160758,0.006348583228309157,3.9833333333333334,2025-04-02 04:01:00+00:00,2025-04-01,-0.02315653981262722,0.23853470163450724,0.08458879892985768,3.9833333333333334
2025-04-03 08:00:00+00:00,-0.00032610378392128325,-0.011550786179799674,-0.046166634649782615,0.011492602125248996,2025-04-04 08:00:00+00:00,0.006423565928032726,2025-04-03 04:01:00+00:00,2025-04-02,0.007450884478879871,-0.016973641934761835,0.01704617695962231,3.9833333333333334,2025-04-03 04:01:00+00:00,2025-04-02,-0.004325518142285212,-0.007103173376971601,0.004413879585115156,3.9833333333333334,2025-04-03 04:01:00+00:00,2025-04-02,0.006400310599772752,0.04644781172904868,0.006359625458007703,3.9833333333333334,2025-04-03 04:01:00+00:00,2025-04-02,-0.012014931966817244,0.1599788814280252,0.08320276264192362,3.9833333333333334
2025-04-04 08:00:00+00:00,0.014079968294804956,0.006403142577638284,-0.01442221082956496,0.011773833793849138,2025-04-05 08:00:00+00:00,-0.00556618807434206,2025-04-04 04:01:00+00:00,2025-04-03,-0.05566886847326913,-0.06668155721512334,0.020050570694849564,3.9833333333333334,2025-04-04 04:01:00+00:00,2025-04-03,-0.016903432261589302,-0.019404897291819802,0.004575196723917228,3.9833333333333334,2025-04-04 04:01:00+00:00,2025-04-03,-0.014154405649851043,0.019636049622732833,0.00751047533238977,3.9833333333333334,2025-04-04 04:01:00+00:00,2025-04-03,0.333345882925677,0.47387520473784434,0.10883864281632438,3.9833333333333334
2025-04-05 08:00:00+00:00,-0.0011806209412252855,-0.005581617300794129,-0.0024690136421344515,0.011934222278232112,2025-04-06 08:00:00+00:00,-0.005990518085950747,2025-04-05 04:01:00+00:00,2025-04-04,-0.06259266901090577,-0.1028029522431555,0.023732015578500933,3.9833333333333334,2025-04-05 04:01:00+00:00,2025-04-04,0.009264262126638556,-0.009852337828036163,0.005101919810799107,3.9833333333333334,2025-04-05 04:01:00+00:00,2025-04-04,-0.028034530214648967,-0.016694583480454144,0.010168162916796645,3.9833333333333334,2025-04-05 04:01:00+00:00,2025-04-04,0.411663932473731,0.7385223042305481,0.13964658876202543,3.9833333333333334
2025-04-08 08:00:00+00:00,-0.005119208168300915,0.05653986890449645,-0.048487018219111416,0.014889859060682176,2025-04-09 08:00:00+00:00,-0.02266642061658186,2025-04-08 04:01:00+00:00,2025-04-07,0.0018938853684016266,-0.10075599719680242,0.022616672462070303,3.9833333333333334,2025-04-08 04:01:00+00:00,2025-04-07,0.0023269885872050367,-0.009157985079545496,0.005133464520576453,3.9833333333333334,2025-04-08 04:01:00+00:00,2025-04-07,-0.020569806529368684,-0.048956678058016775,0.011269921800980605,3.9833333333333334,2025-04-08 04:01:00+00:00,2025-04-07,0.03619422055172006,0.7460325641716834,0.13557157227558908,3.9833333333333334
2025-04-09 08:00:00+00:00,0.034314209634638715,-0.02292712709468461,-0.08309974094064672,0.016346469745557486,2025-04-10 08:00:00+00:00,0.05021860084135077,2025-04-09 04:01:00+00:00,2025-04-08,-0.019714928828127753,-0.12863169646502193,0.02282821121093194,3.9833333333333334,2025-04-09 04:01:00+00:00,2025-04-08,-0.0029095457435799332,-0.012547245433610812,0.00507572878650256,3.9833333333333334,2025-04-09 04:01:00+00:00,2025-04-08,0.0055668856263162425,-0.050791546167780095,0.011225102797107695,3.9833333333333334,2025-04-09 04:01:00+00:00,2025-04-08,0.10784784115334967,0.8770369451376604,0.13596188580605317,3.9833333333333334
2025-04-10 08:00:00+00:00,-0.002196106544216647,0.04899833377811237,-0.02255062098273478,0.017349717004606763,2025-04-11 08:00:00+00:00,-0.004032682560538348,2025-04-10 04:01:00+00:00,2025-04-09,0.11352782225641,-0.022554758687492047,0.035112503961005626,3.9833333333333334,2025-04-10 04:01:00+00:00,2025-04-09,-0.0005828967270442575,-0.008804624018369189,0.005056825993946174,3.9833333333333334,2025-04-10 04:01:00+00:00,2025-04-09,0.029394482632621788,-0.027797374134931073,0.012795521659315455,3.9833333333333334,2025-04-10 04:01:00+00:00,2025-04-09,-0.44244869240364704,0.44660318470083066,0.1705458715356226,3.9833333333333334
2025-04-11 08:00:00+00:00,0.0052281983690551925,-0.004040835751725404,-0.032994599312098465,0.018232800884785703,2025-04-12 08:00:00+00:00,0.030248037450982368,2025-04-11 04:01:00+00:00,2025-04-10,-0.04276562605700285,-0.009651516271224134,0.03613293825049049,3.9833333333333334,2025-04-11 04:01:00+00:00,2025-04-10,-0.019925071373085856,-0.01182626312986702,0.006644770691417095,3.9833333333333334,2025-04-11 04:01:00+00:00,2025-04-10,0.03135998298054332,0.01771701449546392,0.014112558014760627,3.9833333333333334,2025-04-11 04:01:00+00:00,2025-04-10,0.19159824426179783,0.3048555460369514,0.17499161736047888,3.9833333333333334
2025-04-12 08:00:00+00:00,0.009019842727333582,0.029799586309939993,0.0023866042986357503,0.018299314167272988,2025-04-13 08:00:00+00:00,0.008219536071220057,2025-04-12 04:01:00+00:00,2025-04-11,0.018712217081908733,0.07165336982159014,0.03592451057896641,3.9833333333333334,2025-04-12 04:01:00+00:00,2025-04-11,-0.010864836096727615,-0.03195536135323222,0.006968587276715373,3.9833333333333334,2025-04-12 04:01:00+00:00,2025-04-11,0.02089738201077651,0.06664892672088775,0.014668527438446812,3.9833333333333334,2025-04-12 04:01:00+00:00,2025-04-11,-0.08077971790220495,-0.1875881043389847,0.17328264487918912,3.9833333333333334
2025-04-15 08:00:00+00:00,0.003937076238242909,0.013341671494399203,0.07534178314509561,0.015869009264176673,2025-04-16 08:00:00+00:00,-0.027457870846043342,2025-04-15 04:01:00+00:00,2025-04-14,0.00565378186579224,0.07541326631897959,0.03592700572685983,3.9833333333333334,2025-04-15 04:01:00+00:00,2025-04-14,-0.0014040659305329939,-0.03568641587097081,0.006961043840345757,3.9833333333333334,2025-04-15 04:01:00+00:00,2025-04-14,-0.005656121158205352,0.0815626120920523,0.014817842995534675,3.9833333333333334,2025-04-15 04:01:00+00:00,2025-04-14,-0.1955071474095722,-0.41928947230027624,0.17942410627389552,3.9833333333333334
2025-04-16 08:00:00+00:00,-0.003980519186113085,-0.02784188396104654,0.07042702627873365,0.014163639571735569,2025-04-17 08:00:00+00:00,0.015676107326532795,2025-04-16 04:01:00+00:00,2025-04-15,0.0018184616817986665,0.09694665682890793,0.03578285874096785,3.9833333333333334,2025-04-16 04:01:00+00:00,2025-04-15,0.005804097443401268,-0.026972772683989746,0.007168028534615813,3.9833333333333334,2025-04-16 04:01:00+00:00,2025-04-15,0.0043607639030582845,0.08035649036879555,0.014702074585814807,3.9833333333333334,2025-04-16 04:01:00+00:00,2025-04-15,-0.025243103998797256,-0.5523804174524236,0.1794925061621898,3.9833333333333334
2025-04-17 08:00:00+00:00,0.008013005435161702,0.015554506329873942,0.03698319883049511,0.009718317175666544,2025-04-18 08:00:00+00:00,-0.0001807015898669384,2025-04-17 04:01:00+00:00,2025-04-16,-0.03087992524261196,-0.047461090670113726,0.03617888365411485,3.9833333333333334,2025-04-17 04:01:00+00:00,2025-04-16,-0.00841692317480991,-0.03480679913175578,0.007283685456845539,3.9833333333333334,2025-04-17 04:01:00+00:00,2025-04-16,0.03218836312627005,0.08315037086244306,0.016039023577013426,3.9833333333333334,2025-04-17 04:01:00+00:00,2025-04-16,0.08034912716421339,-0.02958259788456319,0.17832912219777391,3.9833333333333334
2025-04-18 08:00:00+00:00,-0.0020452834521993424,-0.00018071791836631545,0.04084331666385432,0.006932134835801882,2025-04-19 08:00:00+00:00,0.006647004040414739,2025-04-18 04:01:00+00:00,2025-04-17,2.460412234839282e-05,-0.004670860490764865,0.03618913662592085,3.9833333333333334,2025-04-18 04:01:00+00:00,2025-04-17,0.0,-0.014881727758669222,0.007161881573611771,3.9833333333333334,2025-04-18 04:01:00+00:00,2025-04-17,-0.005393433259532898,0.04639695462236674,0.016179769511672958,3.9833333333333334,2025-04-18 04:01:00+00:00,2025-04-17,-0.09607640465217182,-0.3172572467985329,0.1802804681855814,3.9833333333333334
2025-04-22 08:00:00+00:00,0.0036151551892871225,0.011847565819006346,0.03169222075244799,0.006134027073504378,2025-04-23 08:00:00+00:00,0.06393765056203415,2025-04-22 04:01:00+00:00,2025-04-21,-0.0249435762964616,-0.04832665386913385,0.036442687468489686,3.9833333333333334,2025-04-22 04:01:00+00:00,2025-04-21,-0.011130323304691991,-0.015147214966633696,0.007344738703598733,3.9833333333333334,2025-04-22 04:01:00+00:00,2025-04-21,0.028697394670475163,0.05419696728206673,0.016788555663821633,3.9833333333333334,2025-04-22 04:01:00+00:00,2025-04-21,0.1315902180266999,-0.10488731086962802,0.18158486696524137,3.9833333333333334
2025-04-23 08:00:00+00:00,0.010303304560142834,0.061976677082678774,0.12151078179617326,0.007478217575931382,2025-04-24 08:00:00+00:00,-0.02050570135154417,2025-04-23 04:01:00+00:00,2025-04-22,0.02594648116914655,-0.02803395456577904,0.03663246217796827,3.9833333333333334,2025-04-23 04:01:00+00:00,2025-04-22,0.006490888910444248,-0.0072522601256563846,0.007578203331209951,3.9833333333333334,2025-04-23 04:01:00+00:00,2025-04-22,-0.0017240048469115976,0.058129083593360026,0.016783541229874435,3.9833333333333334,2025-04-23 04:01:00+00:00,2025-04-22,-0.10103320756769119,-0.0104133710277472,0.18169656228698697,3.9833333333333334
2025-04-24 08:00:00+00:00,-0.0050887859811243885,-0.02071875383417152,0.08523752163212782,0.007682524160751703,2025-04-25 08:00:00+00:00,0.017013771922423038,2025-04-24 04:01:00+00:00,2025-04-23,0.02255185275378402,-0.007300563493795389,0.037086856944350086,3.9833333333333334,2025-04-24 04:01:00+00:00,2025-04-23,0.009257443798579956,-0.0037989137704777425,0.008026102952197956,3.9833333333333334,2025-04-24 04:01:00+00:00,2025-04-23,-0.03733204935987011,0.01643627033043082,0.01941663064043651,3.9833333333333334,2025-04-24 04:01:00+00:00,2025-04-23,-0.07187097533040321,-0.05704124235935296,0.18279610162547263,3.9833333333333334
2025-04-25 08:00:00+00:00,0.004922181566620054,0.01687044359099158,0.10228868314148588,0.007793134937599554,2025-04-26 08:00:00+00:00,0.00851040504831535,2025-04-25 04:01:00+00:00,2025-04-24,0.027496999708686687,0.051076361457503744,0.03757068352223473,3.9833333333333334,2025-04-25 04:01:00+00:00,2025-04-24,-0.0055239976750920405,-0.0009059882707598661,0.007944512285515256,3.9833333333333334,2025-04-25 04:01:00+00:00,2025-04-24,0.016409358036080235,0.0006572652402409291,0.019556711122211863,3.9833333333333334,2025-04-25 04:01:00+00:00,2025-04-24,-0.07213614433333015,-0.2095265138568964,0.18377723729189352,3.9833333333333334
2025-04-26 08:00:00+00:00,-0.001792612926378112,0.008474502351079338,0.10413805802789335,0.00794112259366064,2025-04-27 08:00:00+00:00,-0.0053327518964461085,2025-04-26 04:01:00+00:00,2025-04-25,0.011290019616545521,0.0623417769517026,0.03766792183060106,3.9833333333333334,2025-04-26 04:01:00+00:00,2025-04-25,0.0018112331701516382,0.0009052448993925308,0.007987960571418646,3.9833333333333334,2025-04-26 04:01:00+00:00,2025-04-25,-0.015104904400216057,-0.00905420590044399,0.019974580073841192,3.9833333333333334,2025-04-26 04:01:00+00:00,2025-04-25,-0.06355675917373205,-0.17700686837845642,0.18468669309564412,3.9833333333333334
2025-04-29 08:00:00+00:00,0.0027308272741244366,0.002374558167299457,0.07026854232577032,0.007618169931932145,2025-04-30 08:00:00+00:00,-0.0031250260093990123,2025-04-29 04:01:00+00:00,2025-04-28,-0.0002713075042901636,0.08701404574387153,0.037185518194056105,3.9833333333333334,2025-04-29 04:01:00+00:00,2025-04-28,-0.004635226726065866,0.007400341478017872,0.007990615370854773,3.9833333333333334,2025-04-29 04:01:00+00:00,2025-04-28,0.014836055488657962,-0.022915545082259552,0.020106279584909122,3.9833333333333334,2025-04-29 04:01:00+00:00,2025-04-28,0.012402639480470157,-0.29619444692468605,0.18202623718199626,3.9833333333333334
2025-04-30 08:00:00+00:00,-0.0043431830235327595,-0.003129919099861179,0.005161946143230254,0.005939594044890646,2025-05-01 08:00:00+00:00,0.004278648955162945,2025-04-30 04:01:00+00:00,2025-04-29,0.006038170704313117,0.06710573527903951,0.037206638603371235,3.9833333333333334,2025-04-30 04:01:00+00:00,2025-04-29,0.002320260587368672,0.003229713154942764,0.008010685985387688,3.9833333333333334,2025-04-30 04:01:00+00:00,2025-04-29,-0.004220697871415879,-0.025412238106764216,0.020103287227953046,3.9833333333333334,2025-04-30 04:01:00+00:00,2025-04-29,-0.03974570183035642,-0.23490694118735142,0.1822499332056114,3.9833333333333334
2025-05-01 08:00:00+00:00,0.0025630065043849015,0.004269521562732386,0.030150221540134223,0.005936979374625594,2025-05-02 08:00:00+00:00,0.013934841302113199,2025-05-01 04:01:00+00:00,2025-04-30,0.001332975620613297,0.04588685814586893,0.03716575021464785,3.9833333333333334,2025-05-01 04:01:00+00:00,2025-04-30,0.0023149661386971943,-0.003712764504939709,0.008056313503169276,3.9833333333333334,2025-05-01 04:01:00+00:00,2025-04-30,-0.004359139157081415,0.007560672096023523,0.020147909147240385,3.9833333333333334,2025-05-01 04:01:00+00:00,2025-04-30,0.021691048918540012,-0.14134491693840848,0.18217317878996225,3.9833333333333334
2025-05-02 08:00:00+00:00,-0.007777873045396788,0.013838540245128176,0.027118318194270668,0.006220671216998426,2025-05-03 08:00:00+00:00,-0.0002836533177319467,2025-05-02 04:01:00+00:00,2025-05-01,0.01096067090458952,0.029350529341771008,0.03720932911836705,3.9833333333333334,2025-05-02 04:01:00+00:00,2025-05-01,0.007810962750283146,0.009622195920435278,0.008351475791082762,3.9833333333333334,2025-05-02 04:01:00+00:00,2025-05-01,-0.02962935034246783,-0.038478036282523956,0.021371200346959246,3.9833333333333334,2025-05-02 04:01:00+00:00,2025-05-01,-0.0040568006956145375,-0.07326557330069268,0.1821397264639189,3.9833333333333334
2025-05-03 08:00:00+00:00,-0.0001538460104129058,-0.0002835897666768189,0.0183602260765146,0.006123737925802933,2025-05-04 08:00:00+00:00,-0.0045959061770289855,2025-05-03 04:01:00+00:00,2025-05-02,0.015839078695071507,0.033899588420297486,0.034889212815338334,3.9833333333333334,2025-05-03 04:01:00+00:00,2025-05-02,-0.0024968801985867373,0.005314082551695741,0.007558887188929323,3.9833333333333334,2025-05-03 04:01:00+00:00,2025-05-02,0.006527004118684232,-0.0168461277636214,0.021104309007175415,3.9833333333333334,2025-05-03 04:01:00+00:00,2025-05-02,-0.08126296407876588,-0.09097177820572676,0.16587520965523334,3.9833333333333334
2025-05-06 08:00:00+00:00,-0.0005614889877740836,-0.0038159748868961145,-0.005457691767776638,0.005792428682456331,2025-05-07 08:00:00+00:00,0.027476833397280576,2025-05-06 04:01:00+00:00,2025-05-05,-0.0067216663037719115,0.027449229620817122,0.031322983641561684,3.9833333333333334,2025-05-06 04:01:00+00:00,2025-05-05,-0.0017014282980305495,0.008247880979731899,0.0071605185356743905,3.9833333333333334,2025-05-06 04:01:00+00:00,2025-05-05,0.024065983814928416,-0.007616199437352666,0.020417824803272647,3.9833333333333334,2025-05-06 04:01:00+00:00,2025-05-05,0.04145671367834636,-0.06191770400785066,0.1333369361099265,3.9833333333333334
2025-05-07 08:00:00+00:00,0.005043066636162052,0.027106014630986892,0.02477824196307154,0.006352518665767105,2025-05-08 08:00:00+00:00,0.02327464497588627,2025-05-07 04:01:00+00:00,2025-05-06,-0.008883006165619989,0.012528052750880965,0.031505609764698746,3.9833333333333334,2025-05-07 04:01:00+00:00,2025-05-06,-0.005927620392363053,0.0,0.007161806697489918,3.9833333333333334,2025-05-07 04:01:00+00:00,2025-05-06,0.029801614972612356,0.02640611340667514,0.020266765540810385,3.9833333333333334,2025-05-07 04:01:00+00:00,2025-05-06,0.04628925527849814,0.02411725310100371,0.1336295705862715,3.9833333333333334
2025-05-08 08:00:00+00:00,0.0010035023626056017,0.02300792109998092,0.04351664150031994,0.006972677483795541,2025-05-09 08:00:00+00:00,0.04409387224522865,2025-05-08 04:01:00+00:00,2025-05-07,0.0038639688465291755,0.015059045976797945,0.030914513891428016,3.9833333333333334,2025-05-08 04:01:00+00:00,2025-05-07,0.0037214299867889267,0.001406463848091194,0.007269453168154727,3.9833333333333334,2025-05-08 04:01:00+00:00,2025-05-07,-0.009068736255326115,0.02169651630843095,0.020584278232428904,3.9833333333333334,2025-05-08 04:01:00+00:00,2025-05-07,-0.05010362735396878,-0.047677423171504696,0.12953266003279765,3.9833333333333334
2025-05-09 08:00:00+00:00,0.011429968049128547,0.043149497860259844,0.07282759911545163,0.0076169746311771916,2025-05-10 08:00:00+00:00,0.0012636453432426364,2025-05-09 04:01:00+00:00,2025-05-08,0.00979633897454768,0.013894714046755739,0.018338828723745315,3.9833333333333334,2025-05-09 04:01:00+00:00,2025-05-08,0.010287219602941988,0.0038827207007503437,0.007744571415600749,3.9833333333333334,2025-05-09 04:01:00+00:00,2025-05-08,-0.025651208173155027,0.02567465847774383,0.021009817024659996,3.9833333333333334,2025-05-09 04:01:00+00:00,2025-05-08,-0.04649979543693661,-0.0901204179128268,0.08854746021786836,3.9833333333333334
2025-05-10 08:00:00+00:00,0.00515466079909821,0.0012627511171216885,0.07437393999925042,0.007583764217478476,2025-05-11 08:00:00+00:00,-0.0036068913453979334,2025-05-10 04:01:00+00:00,2025-05-09,-0.00010523751342539356,-0.002049602161741703,0.01499148570875657,3.9833333333333334,2025-05-10 04:01:00+00:00,2025-05-09,-0.002985404328327057,0.003394196571011051,0.006385696554751764,3.9833333333333334,2025-05-10 04:01:00+00:00,2025-05-09,0.011428695823623158,0.030576350182681813,0.02007310348679033,3.9833333333333334,2025-05-10 04:01:00+00:00,2025-05-09,-0.026139388203035185,-0.03499684203709621,0.07320176335664033,3.9833333333333334
2025-05-13 08:00:00+00:00,0.009258088613037785,-0.01740457808659343,0.08392457021993514,0.00841565076980831,2025-05-14 08:00:00+00:00,0.010237616336549404,2025-05-13 04:01:00+00:00,2025-05-12,0.03942406776294405,0.044096131904974814,0.016650264558180267,3.9833333333333334,2025-05-13 04:01:00+00:00,2025-05-12,0.014347493899422581,0.019443118768462907,0.006665190394883168,3.9833333333333334,2025-05-13 04:01:00+00:00,2025-05-12,-0.03530494481475266,-0.02879457844699936,0.021268342728938648,3.9833333333333334,2025-05-13 04:01:00+00:00,2025-05-12,-0.17467959820622525,-0.2511331539216677,0.07931755857886678,3.9833333333333334
2025-05-14 08:00:00+00:00,0.0012456105325657774,0.010185566882557557,0.06700412247150565,0.00813988268041028,2025-05-15 08:00:00+00:00,-0.018671658476877573,2025-05-14 04:01:00+00:00,2025-05-13,0.015668556478855677,0.06864769454945148,0.016804640487674386,3.9833333333333334,2025-05-14 04:01:00+00:00,2025-05-13,-0.007791359617264959,0.017579379543561112,0.00693391134281962,3.9833333333333334,2025-05-14 04:01:00+00:00,2025-05-13,0.0061151086753632455,-0.05248108474424724,0.021273925582008545,3.9833333333333334,2025-05-14 04:01:00+00:00,2025-05-13,-0.009287146784417555,-0.30670955598458327,0.06994814487946968,3.9833333333333334
2025-05-15 08:00:00+00:00,-0.00952065830990989,-0.018848174577540035,0.025148026793984653,0.00760835412515616,2025-05-16 08:00:00+00:00,0.018964238451978588,2025-05-15 04:01:00+00:00,2025-05-14,0.005715939805542192,0.07049966550846488,0.016776020376338484,3.9833333333333334,2025-05-15 04:01:00+00:00,2025-05-14,0.0003959702620148775,0.014253919818787552,0.006828122823256467,3.9833333333333334,2025-05-15 04:01:00+00:00,2025-05-14,-0.018489984381890423,-0.06190233287081151,0.021656348150266055,3.9833333333333334,2025-05-15 04:01:00+00:00,2025-05-14,0.02171638001710896,-0.2348895486135057,0.07077216746833681,3.9833333333333334
2025-05-16 08:00:00+00:00,-0.003016557235749673,0.018786658876939723,0.0007851878106645728,0.00657461273192167,2025-05-17 08:00:00+00:00,-0.0024977299719014523,2025-05-16 04:01:00+00:00,2025-05-15,0.0007787768688825025,0.06148210340279882,0.01442066936970933,3.9833333333333334,2025-05-16 04:01:00+00:00,2025-05-15,-0.0015848226728403247,0.0023818775430053145,0.00652770562735543,3.9833333333333334,2025-05-16 04:01:00+00:00,2025-05-15,0.011941106814722602,-0.02431001788293432,0.020473518335689743,3.9833333333333334,2025-05-16 04:01:00+00:00,2025-05-15,-0.04335383997387243,-0.23174359315044138,0.06644119407761297,3.9833333333333334
2025-05-17 08:00:00+00:00,-0.0005541177691306132,-0.0025007578393209983,-0.0029783211457782167,0.006521057401647327,2025-05-18 08:00:00+00:00,0.0045263884502759755,2025-05-17 04:01:00+00:00,2025-05-16,0.004308287373126163,0.06589562828935147,0.01433079176644781,3.9833333333333334,2025-05-17 04:01:00+00:00,2025-05-16,0.002079508509303274,0.007446790380635416,0.006531707042596694,3.9833333333333334,2025-05-17 04:01:00+00:00,2025-05-16,-0.012286208427825684,-0.04802492213438257,0.020594444823860334,3.9833333333333334,2025-05-17 04:01:00+00:00,2025-05-16,-0.03365016663950193,-0.23925437158690807,0.06462672581973875,3.9833333333333334
2025-05-20 08:00:00+00:00,-0.007023439560249756,0.017243522023288663,0.02269096008545405,0.008562947582682636,2025-05-21 08:00:00+00:00,0.014334846988765193,2025-05-20 04:01:00+00:00,2025-05-19,0.0008914907868788902,0.027363051313285886,0.01221240446465718,3.9833333333333334,2025-05-20 04:01:00+00:00,2025-05-19,-0.006550202495798629,-0.013450906014585217,0.00615911430471951,3.9833333333333334,2025-05-20 04:01:00+00:00,2025-05-19,0.014422368816438436,0.0017023914968080885,0.019696228282892254,3.9833333333333334,2025-05-20 04:01:00+00:00,2025-05-19,0.05088717945144383,-0.013687593929239173,0.056161220424284064,3.9833333333333334
2025-05-21 08:00:00+00:00,-0.0029660132138609185,0.014232885420711048,0.026738278623607736,0.008528646084750137,2025-05-22 08:00:00+00:00,0.042414343683400135,2025-05-21 04:01:00+00:00,2025-05-20,-0.0037221913910094884,0.007972303443420913,0.011880865210836429,3.9833333333333334,2025-05-21 04:01:00+00:00,2025-05-20,-0.0030914764474649914,-0.008751022844785444,0.006088514850059417,3.9833333333333334,2025-05-21 04:01:00+00:00,2025-05-20,0.015679766748363022,0.011267049569807765,0.020129727252996252,3.9833333333333334,2025-05-21 04:01:00+00:00,2025-05-20,-0.002760145279786741,-0.007160592424608467,0.05398165034219141,3.9833333333333334
2025-05-22 08:00:00+00:00,-0.006600591608309614,0.04153960085544537,0.08712605405659311,0.00946295058099052,2025-05-23 08:00:00+00:00,-0.002972116372170097,2025-05-22 04:01:00+00:00,2025-05-21,-0.013523180136660429,-0.011266816498781886,0.01225786576788007,3.9833333333333334,2025-05-22 04:01:00+00:00,2025-05-21,-0.005609041019042138,-0.014756034125842334,0.005880238165053578,3.9833333333333334,2025-05-22 04:01:00+00:00,2025-05-21,0.008760123893271299,0.03851715784496922,0.018440700642441583,3.9833333333333334,2025-05-22 04:01:00+00:00,2025-05-21,0.14295342168190528,0.1140764492401883,0.06472618188178114,3.9833333333333334
2025-05-23 08:00:00+00:00,-0.003467661247739784,-0.0029764515593023438,0.06536294362035104,0.009452676508427196,2025-05-24 08:00:00+00:00,-0.02824954538848745,2025-05-23 04:01:00+00:00,2025-05-22,0.0015221227997912479,-0.010523470567873715,0.011190950704565293,3.9833333333333334,2025-05-23 04:01:00+00:00,2025-05-22,0.004009643830382714,-0.009161567622619582,0.005806812859582795,3.9833333333333334,2025-05-23 04:01:00+00:00,2025-05-22,-0.005598864591675579,0.0209771864385725,0.01808156196919034,3.9833333333333334,2025-05-23 04:01:00+00:00,2025-05-22,-0.02867754236612674,0.12875274684793356,0.06344120399214791,3.9833333333333334
2025-05-24 08:00:00+00:00,-0.007210361398827914,-0.02865633174392987,0.039207369715742214,0.010135198701351664,2025-05-25 08:00:00+00:00,0.0008743560488997382,2025-05-24 04:01:00+00:00,2025-05-23,-0.009365726311481026,-0.024197484252481347,0.01150060548393755,3.9833333333333334,2025-05-24 04:01:00+00:00,2025-05-23,-0.008539746230872503,-0.01978082236279595,0.006121202434511112,3.9833333333333334,2025-05-24 04:01:00+00:00,2025-05-23,0.02125952284950472,0.05452291771590124,0.018393768651351443,3.9833333333333334,2025-05-24 04:01:00+00:00,2025-05-23,0.09450296867479491,0.2569058821622305,0.06661890498756048,3.9833333333333334
2025-05-28 08:00:00+00:00,-0.000433663941501905,-0.006692715521808675,0.021262449837419664,0.007838630526569088,2025-05-29 08:00:00+00:00,-0.008598976404668335,2025-05-28 04:01:00+00:00,2025-05-27,0.023592986883194556,-0.001495988156166105,0.012280873822678564,3.9833333333333334,2025-05-28 04:01:00+00:00,2025-05-27,0.005946062839726984,-0.006010898736851253,0.006172796246491529,3.9833333333333334,2025-05-28 04:01:00+00:00,2025-05-27,-0.019622047145139376,0.020478501754323798,0.01864281225938253,3.9833333333333334,2025-05-28 04:01:00+00:00,2025-05-27,-0.08150220683798981,0.04697219741967209,0.07008298280749219,3.9833333333333334
2025-05-29 08:00:00+00:00,-0.001520524028906678,-0.008636253616547912,-0.028913404634573685,0.006666608671317189,2025-05-30 08:00:00+00:00,-0.02644309136580736,2025-05-29 04:01:00+00:00,2025-05-28,-0.004531397997158848,-0.002305194762315066,0.01245418209162616,3.9833333333333334,2025-05-29 04:01:00+00:00,2025-05-28,0.003610842653130497,0.00320898493532097,0.006203542707697421,3.9833333333333334,2025-05-29 04:01:00+00:00,2025-05-28,-0.0016678548171711327,0.0031308801887908653,0.018626253111972947,3.9833333333333334,2025-05-29 04:01:00+00:00,2025-05-28,0.018291599613547316,-0.07768962464868638,0.07000069031151965,3.9833333333333334
2025-05-30 08:00:00+00:00,-0.009441424376015917,-0.026799000631224795,-0.052735953706496246,0.007481540666176933,2025-05-31 08:00:00+00:00,-0.012196744050135933,2025-05-30 04:01:00+00:00,2025-05-29,0.0021451284683831062,0.013363113842728284,0.012445174894851047,3.9833333333333334,2025-05-30 04:01:00+00:00,2025-05-29,-0.006025309311961102,-0.006825968207022139,0.006081063419283252,3.9833333333333334,2025-05-30 04:01:00+00:00,2025-05-29,0.006715147832913715,0.0010859041284329068,0.018672664245401715,3.9833333333333334,2025-05-30 04:01:00+00:00,2025-05-29,-0.006755026985131085,-0.05576710926769031,0.06998654757940999,3.9833333333333334
2025-05-31 08:00:00+00:00,0.0006075272531607112,-0.012271735893615233,-0.03635135785618152,0.0069581501938492975,2025-06-01 08:00:00+00:00,0.005098170039180783,2025-05-31 04:01:00+00:00,2025-05-30,-0.001075237987970823,0.010765753054968805,0.012401278860280241,3.9833333333333334,2025-05-31 04:01:00+00:00,2025-05-30,0.0005035300605271686,0.002217308084377634,0.0060658387833024425,3.9833333333333334,2025-05-31 04:01:00+00:00,2025-05-30,-0.008537804000789961,-0.0018530352806824268,0.017469859370578846,3.9833333333333334,2025-05-31 04:01:00+00:00,2025-05-30,-0.032320694090677726,-0.18259077203316296,0.06828865895693408,3.9833333333333334
2025-06-03 08:00:00+00:00,-0.002955292033863799,-0.0020604265243052886,-0.0407699216522081,0.006736521727565109,2025-06-04 08:00:00+00:00,0.0014261568519615686,2025-06-03 04:01:00+00:00,2025-06-02,0.007039493031163246,0.027170972397611817,0.012103480833920552,3.9833333333333334,2025-06-03 04:01:00+00:00,2025-06-02,-0.006362743141416161,-0.002327616899992482,0.0062089208755620375,3.9833333333333334,2025-06-03 04:01:00+00:00,2025-06-02,0.03239841587688019,0.009285857746693549,0.018805521888656286,3.9833333333333334,2025-06-03 04:01:00+00:00,2025-06-02,-0.011372990172270114,-0.11365931847252149,0.06720681289983974,3.9833333333333334
2025-06-04 08:00:00+00:00,-0.0018831345080112527,0.0014252359396100794,-0.03265197019078936,0.0070022255714104285,2025-06-05 08:00:00+00:00,-0.007621480097701472,2025-06-04 04:01:00+00:00,2025-06-03,0.007917211095573862,0.011495196609990523,0.011903915868250365,3.9833333333333334,2025-06-04 04:01:00+00:00,2025-06-03,0.005557004047396674,-0.0027166756923230474,0.006218334377095965,3.9833333333333334,2025-06-04 04:01:00+00:00,2025-06-03,-0.005934166586744283,0.02297373830508859,0.018165074976710074,3.9833333333333334,2025-06-04 04:01:00+00:00,2025-06-03,-0.03717487702065014,-0.06933198865518182,0.0659344306200718,3.9833333333333334
2025-06-05 08:00:00+00:00,-0.005049513222905588,-0.007650671995374678,-0.03166638856961617,0.006509587901738817,2025-06-06 08:00:00+00:00,-0.013084916911480837,2025-06-05 04:01:00+00:00,2025-06-04,0.0027355336930945384,0.018762128300244634,0.011515536673161379,3.9833333333333334,2025-06-05 04:01:00+00:00,2025-06-04,-0.004645525243508253,-0.01097304358896142,0.006236572341337926,3.9833333333333334,2025-06-05 04:01:00+00:00,2025-06-04,0.006522713489948373,0.0311643066122073,0.016912822306918637,3.9833333333333334,2025-06-05 04:01:00+00:00,2025-06-04,-0.0045325856635796136,-0.09215617393230824,0.06550942214638558,3.9833333333333334
2025-06-06 08:00:00+00:00,0.006391074552372089,-0.01317127862121816,-0.018038666559609486,0.006937919681305899,2025-06-07 08:00:00+00:00,0.01664161587677171,2025-06-06 04:01:00+00:00,2025-06-05,-0.008065347957819213,0.008551651874040956,0.011862330216967336,3.9833333333333334,2025-06-06 04:01:00+00:00,2025-06-05,-0.0005062831279794011,-0.005454017404980483,0.005706340938169398,3.9833333333333334,2025-06-06 04:01:00+00:00,2025-06-05,-0.007115113004370954,0.01733404577492404,0.01686536674782452,3.9833333333333334,2025-06-06 04:01:00+00:00,2025-06-05,0.04822214370542355,-0.037179003241754015,0.06649333671941962,3.9833333333333334
2025-06-07 08:00:00+00:00,-4.329197932939621e-05,0.016504756885281042,0.010737826219286602,0.007092658680327498,2025-06-08 08:00:00+00:00,0.005334660474316966,2025-06-07 04:01:00+00:00,2025-06-06,0.009899099159285996,0.019525989021296996,0.01186496876000383,3.9833333333333334,2025-06-07 04:01:00+00:00,2025-06-06,0.004547116175521282,-0.001410431289986059,0.005812724853363845,3.9833333333333334,2025-06-07 04:01:00+00:00,2025-06-06,-0.008480048190429912,0.017391801585283383,0.015914378607077284,3.9833333333333334,2025-06-07 04:01:00+00:00,2025-06-06,-0.09709749037842075,-0.101955799529497,0.06924726240766751,3.9833333333333334
2025-06-10 08:00:00+00:00,-0.0033174118141161557,0.03394189415504371,0.03764291198241566,0.007380448771199248,2025-06-11 08:00:00+00:00,0.0022123500780275585,2025-06-10 04:01:00+00:00,2025-06-09,0.0016565826209120615,0.014143078611047454,0.011838908479500431,3.9833333333333334,2025-06-10 04:01:00+00:00,2025-06-09,-0.002523596896147673,0.0024287149552825933,0.004638547531781185,3.9833333333333334,2025-06-10 04:01:00+00:00,2025-06-09,0.00247700035250098,-0.012529613939095059,0.01571878136371718,3.9833333333333334,2025-06-10 04:01:00+00:00,2025-06-09,0.02298951822469908,-0.06759329113252817,0.05824001007440618,3.9833333333333334
2025-06-11 08:00:00+00:00,-0.0025205140932573755,0.002209906435059142,0.03842758247786478,0.007195827952622045,2025-06-12 08:00:00+00:00,-0.016567053527588027,2025-06-11 04:01:00+00:00,2025-06-10,0.006586739677645781,0.012812607193119333,0.008494080629063575,3.9833333333333334,2025-06-11 04:01:00+00:00,2025-06-10,0.0011111734796491746,-0.002017115612464692,0.0044168018937415345,3.9833333333333334,2025-06-11 04:01:00+00:00,2025-06-10,-0.0034337105338444474,-0.010029157886194684,0.013374587966062465,3.9833333333333334,2025-06-11 04:01:00+00:00,2025-06-10,-0.012313260233357326,-0.042731674345234706,0.05825986952924878,3.9833333333333334
2025-06-12 08:00:00+00:00,-0.0021023371873205576,-0.01670582194966332,0.029372432523576242,0.0073869726146793425,2025-06-13 08:00:00+00:00,-0.02544300089386653,2025-06-12 04:01:00+00:00,2025-06-11,-0.0037038445127919317,0.006373228987231925,0.008004899089432775,3.9833333333333334,2025-06-12 04:01:00+00:00,2025-06-11,-0.004249356836262486,-0.0016209472052187493,0.004462826175291393,3.9833333333333334,2025-06-12 04:01:00+00:00,2025-06-11,8.973959860014702e-05,-0.016462131777543396,0.013339050510124125,3.9833333333333334,2025-06-12 04:01:00+00:00,2025-06-11,0.0181238518288227,-0.020075236852832787,0.05818315289233264,3.9833333333333334
2025-06-13 08:00:00+00:00,0.005906920109008951,-0.025772366461591503,0.016771344683202866,0.006655703587119556,2025-06-14 08:00:00+00:00,0.0017310642327028614,2025-06-13 04:01:00+00:00,2025-06-12,0.002399571031380887,0.016838147976433192,0.007947992368219782,3.9833333333333334,2025-06-13 04:01:00+00:00,2025-06-12,-0.007224647054052902,-0.008339311131292408,0.004661702256042481,3.9833333333333334,2025-06-13 04:01:00+00:00,2025-06-12,0.01740307257879259,0.00805605380561869,0.012922436152899388,3.9833333333333334,2025-06-13 04:01:00+00:00,2025-06-12,0.043090566524909946,-0.02520681403334632,0.05830028891574854,3.9833333333333334
2025-06-14 08:00:00+00:00,-0.0014477043323584127,0.0017296630012890721,0.0019962507992109,0.006465953828028896,2025-06-15 08:00:00+00:00,0.0033443224604072785,2025-06-14 04:01:00+00:00,2025-06-13,-0.012965408533883505,-0.006026359716735545,0.00857189000231475,3.9833333333333334,2025-06-14 04:01:00+00:00,2025-06-13,0.002651731673716462,-0.010234695633097406,0.004686447278910324,3.9833333333333334,2025-06-14 04:01:00+00:00,2025-06-13,0.01470447396816077,0.03124057596420933,0.013034544149306737,3.9833333333333334,2025-06-14 04:01:00+00:00,2025-06-13,0.14443181100663116,0.21632248735170545,0.06590796659255559,3.9833333333333334
2025-06-17 08:00:00+00:00,-0.007762055791395994,-0.0028367762557090673,-0.022658670229891303,0.006349562822528557,2025-06-18 08:00:00+00:00,-0.016722599751289202,2025-06-17 04:01:00+00:00,2025-06-16,0.014071429512085842,0.006388487174436002,0.009053438089066017,3.9833333333333334,2025-06-17 04:01:00+00:00,2025-06-16,-0.00183505306766385,-0.009546151804614284,0.004533012939980562,3.9833333333333334,2025-06-17 04:01:00+00:00,2025-06-16,-0.010334730342933085,0.018428845268776632,0.012917817692363385,3.9833333333333334,2025-06-17 04:01:00+00:00,2025-06-16,-0.08570230493464104,0.10763066419236536,0.06841555754620643,3.9833333333333334
2025-06-18 08:00:00+00:00,-0.0020137229223315956,-0.01686400103717849,-0.041732577702128924,0.006699810482556929,2025-06-19 08:00:00+00:00,-0.0031473735592042473,2025-06-18 04:01:00+00:00,2025-06-17,-0.010009565857847846,-0.010207818361055953,0.009393189237260942,3.9833333333333334,2025-06-18 04:01:00+00:00,2025-06-17,0.008332531658832742,-0.0023247936254296134,0.004982843005771864,3.9833333333333334,2025-06-18 04:01:00+00:00,2025-06-17,-0.0030480216320185605,0.018814534170601447,0.012728620590921258,3.9833333333333334,2025-06-18 04:01:00+00:00,2025-06-17,0.12248155643793757,0.24242548086366023,0.0734454713039445,3.9833333333333334
2025-06-19 08:00:00+00:00,-0.00435934460132259,-0.0031523369565446446,-0.028179092709010232,0.006846757839587923,2025-06-20 08:00:00+00:00,0.011170280625957707,2025-06-19 04:01:00+00:00,2025-06-18,2.8056733954784363e-05,-0.006475917114308796,0.009339007401198397,3.9833333333333334,2025-06-19 04:01:00+00:00,2025-06-18,0.0009103724470058694,0.002834935657838402,0.004853151987200343,3.9833333333333334,2025-06-19 04:01:00+00:00,2025-06-18,0.0003522216654161525,0.01907701623741843,0.012356391049645553,3.9833333333333334,2025-06-19 04:01:00+00:00,2025-06-18,-0.06998542739970315,0.15431620163513438,0.0682340282307084,3.9833333333333334
2025-06-21 08:00:00+00:00,-0.0003611424142064834,-0.022490911237902485,-0.01551894671181491,0.006890409016287921,2025-06-22 08:00:00+00:00,-0.009993282330596376,2025-06-21 04:01:00+00:00,2025-06-20,-0.004304840116502007,-0.01318032826219183,0.008806261480033786,3.9833333333333334,2025-06-21 04:01:00+00:00,2025-06-20,-0.0020241336215338634,0.008035449090357125,0.004755915890385816,3.9833333333333334,2025-06-21 04:01:00+00:00,2025-06-20,-0.006594314668028289,-0.0049203710094024265,0.012381136360458646,3.9833333333333334,2025-06-21 04:01:00+00:00,2025-06-20,-0.07247854503940632,-0.009652584598008941,0.06994133412765421,3.9833333333333334
2025-06-24 08:00:00+00:00,0.0001347607812327567,0.029032597135306044,-0.01724035822612229,0.00994120830098766,2025-06-25 08:00:00+00:00,0.01587916336537698,2025-06-24 04:01:00+00:00,2025-06-23,0.010576228568810464,0.010361308840501345,0.00904882023676973,3.9833333333333334,2025-06-24 04:01:00+00:00,2025-06-23,-0.0029422323215424484,0.002441485095098284,0.004418636766714447,3.9833333333333334,2025-06-24 04:01:00+00:00,2025-06-23,0.0027430957649414722,-0.01688174921262135,0.012284509854916224,3.9833333333333334,2025-06-24 04:01:00+00:00,2025-06-23,-0.039065536057109274,0.036984184279522964,0.06815518248663377,3.9833333333333334
2025-06-25 08:00:00+00:00,0.0034581297187532556,0.015754502196248153,0.015378145007304412,0.00957065561598206,2025-06-26 08:00:00+00:00,0.011388273921200787,2025-06-25 04:01:00+00:00,2025-06-24,0.01517456384774718,0.011464443176162194,0.009128342697083784,3.9833333333333334,2025-06-25 04:01:00+00:00,2025-06-24,-0.005706124735369578,-0.0014295865726073062,0.004569611385888812,3.9833333333333334,2025-06-25 04:01:00+00:00,2025-06-24,-0.01816100042498192,-0.024708019294671212,0.012107605446497948,3.9833333333333334,2025-06-25 04:01:00+00:00,2025-06-24,-0.12613857230431513,-0.21163594446272996,0.07154778340520565,3.9833333333333334
2025-06-26 08:00:00+00:00,-0.0003690861977787563,0.01132382187966453,0.029854303843513574,0.009417644461098084,2025-06-27 08:00:00+00:00,-0.008758325334216832,2025-06-26 04:01:00+00:00,2025-06-25,0.0021257065280142484,0.02359971556202428,0.0077291961080383975,3.9833333333333334,2025-06-26 04:01:00+00:00,2025-06-25,-0.0018410591712756386,-0.011603177402715983,0.004312035013278339,3.9833333333333334,2025-06-26 04:01:00+00:00,2025-06-25,0.002755788867748521,-0.018904208794904495,0.011248694898049149,3.9833333333333334,2025-06-26 04:01:00+00:00,2025-06-25,-0.04206227517345251,-0.18371279223647918,0.07182750642813805,3.9833333333333334
2025-06-27 08:00:00+00:00,-0.0056735134875189885,-0.008796998464154476,0.009948951604563987,0.009333216043552094,2025-06-28 08:00:00+00:00,0.005757383850168107,2025-06-27 04:01:00+00:00,2025-06-26,0.00937899638918438,0.032950655217252905,0.007747272042783176,3.9833333333333334,2025-06-27 04:01:00+00:00,2025-06-26,-0.005440641396818435,-0.01795419124654019,0.004284940180855956,3.9833333333333334,2025-06-27 04:01:00+00:00,2025-06-26,0.0014646031738028142,-0.017791827286517563,0.011236630802759351,3.9833333333333334,2025-06-27 04:01:00+00:00,2025-06-26,-0.010194990851583707,-0.2899399194258671,0.07183080235584292,3.9833333333333334
2025-06-28 08:00:00+00:00,0.0017214417557944728,0.005740873992218709,0.03818073683468515,0.00886485167472817,2025-06-29 08:00:00+00:00,-0.0007707121206947942,2025-06-28 04:01:00+00:00,2025-06-27,0.00386426806760376,0.041119763401359796,0.007751723005842119,3.9833333333333334,2025-06-28 04:01:00+00:00,2025-06-27,0.002570034784726616,-0.01336002284027954,0.004225740377790905,3.9833333333333334,2025-06-28 04:01:00+00:00,2025-06-27,-0.018205307630601908,-0.029402820249090637,0.01190777137519447,3.9833333333333334,2025-06-28 04:01:00+00:00,2025-06-27,-0.016408754666392245,-0.2338701290528529,0.0716263737498595,3.9833333333333334
2025-07-01 08:00:00+00:00,-0.00012492339828185095,-0.004051253563084564,0.02117113727829379,0.004021930996403029,2025-07-02 08:00:00+00:00,-0.0009235951934236653,2025-07-01 04:01:00+00:00,2025-06-30,0.006405696268611649,0.03694923110116138,0.007742155012870388,3.9833333333333334,2025-07-01 04:01:00+00:00,2025-06-30,-0.005353155420112721,-0.015770945938849194,0.004321133447703897,3.9833333333333334,2025-07-01 04:01:00+00:00,2025-06-30,0.006095224052133474,-0.026050691961899578,0.01183377984962031,3.9833333333333334,2025-07-01 04:01:00+00:00,2025-06-30,0.024812165462771762,-0.16999242753297183,0.07195195560020912,3.9833333333333334
2025-07-02 08:00:00+00:00,0.008302016927691724,-0.0009240219702639169,0.0044926131117817136,0.004461062326111481,2025-07-03 08:00:00+00:00,0.020545293238700024,2025-07-02 04:01:00+00:00,2025-07-01,-0.00889694203508462,0.012877725218330421,0.008119796047762043,3.9833333333333334,2025-07-02 04:01:00+00:00,2025-07-01,-0.0006194895349276308,-0.010684310738407449,0.004150873397069648,3.9833333333333334,2025-07-02 04:01:00+00:00,2025-07-01,0.012647588089903294,0.004757896552984981,0.009632144059502658,3.9833333333333334,2025-07-02 04:01:00+00:00,2025-07-01,0.005959493203981925,-0.037894362024674895,0.07157114008038386,3.9833333333333334
2025-07-03 08:00:00+00:00,0.005982261465266703,0.020337177170328145,0.013505968402445322,0.004972196547407213,2025-07-04 08:00:00+00:00,-0.005307376034715983,2025-07-03 04:01:00+00:00,2025-07-02,0.007258883276101358,0.018010901966416516,0.00809688802192907,3.9833333333333334,2025-07-03 04:01:00+00:00,2025-07-02,-0.0004132326075598769,-0.00925648417469255,0.0038620417869450643,3.9833333333333334,2025-07-03 04:01:00+00:00,2025-07-02,0.0029510126024803185,0.004953120287717467,0.009582926360853202,3.9833333333333334,2025-07-03 04:01:00+00:00,2025-07-02,-0.01135357280965188,-0.007185659660874486,0.07159762320834816,3.9833333333333334
2025-07-04 08:00:00+00:00,-0.004914948745026848,-0.005321601695316205,0.016981365171283465,0.0049466445530713925,2025-07-05 08:00:00+00:00,-0.005947930082796593,2025-07-04 04:01:00+00:00,2025-07-03,0.00989178401061963,0.018523689587853064,0.00827740842982673,3.9833333333333334,2025-07-04 04:01:00+00:00,2025-07-03,0.0041245833660745745,0.00030874058820045205,0.0039542087021349065,3.9833333333333334,2025-07-04 04:01:00+00:00,2025-07-03,-0.005013005215197097,-0.0015244881012820358,0.009500107601925866,3.9833333333333334,2025-07-04 04:01:00+00:00,2025-07-03,-0.015748356968139365,-0.012739025777429826,0.07061897646662085,3.9833333333333334
2025-07-08 08:00:00+00:00,0.0053893603192598505,-0.0052997726528509715,0.012108078979411357,0.004908864676611998,2025-07-09 08:00:00+00:00,0.002118088455127509,2025-07-08 04:01:00+00:00,2025-07-07,-0.00796448871910549,0.00669493280114194,0.00827061672618485,3.9833333333333334,2025-07-08 04:01:00+00:00,2025-07-07,0.003082331076084799,0.0008210368795598534,0.0040495400341071155,3.9833333333333334,2025-07-08 04:01:00+00:00,2025-07-07,-0.0011062298064619114,0.010555724703337961,0.009201022358181802,3.9833333333333334,2025-07-08 04:01:00+00:00,2025-07-07,0.01757913145035417,0.06143298667901107,0.06882220269126377,3.9833333333333334
2025-07-09 08:00:00+00:00,0.003113722673344199,0.002115848468211593,0.015147949417886858,0.004625948908146901,2025-07-10 08:00:00+00:00,0.023139531022526194,2025-07-09 04:01:00+00:00,2025-07-08,0.0007349852068685436,0.0010242217393993311,0.00809541101192418,3.9833333333333334,2025-07-09 04:01:00+00:00,2025-07-08,0.00030769556067955506,0.006481887860351708,0.0038706171716409677,3.9833333333333334,2025-07-09 04:01:00+00:00,2025-07-08,-0.007778211407504898,-0.009870074794070361,0.009337132642451897,3.9833333333333334,2025-07-09 04:01:00+00:00,2025-07-08,-0.056662554257219444,-0.0011890607821903546,0.07000526482193188,3.9833333333333334
2025-07-10 08:00:00+00:00,0.0013988922254135616,0.022875961533899366,0.01768673378145808,0.005362969356583531,2025-07-11 08:00:00+00:00,0.05661144085331671,2025-07-10 04:01:00+00:00,2025-07-09,0.007139389270808039,0.017060553045291714,0.00817153140825625,3.9833333333333334,2025-07-10 04:01:00+00:00,2025-07-09,-0.00041030788183249456,0.006691069513446941,0.0038514409969042786,3.9833333333333334,2025-07-10 04:01:00+00:00,2025-07-09,0.0012353600500176753,-0.011585727346533216,0.009320106481962255,3.9833333333333334,2025-07-10 04:01:00+00:00,2025-07-09,-0.053142274058455286,-0.04297776203099357,0.0708209684567023,3.9833333333333334
2025-07-11 08:00:00+00:00,0.005504761209744302,0.055066943774781066,0.07807527925155507,0.006775352196225818,2025-07-12 08:00:00+00:00,0.0017452177748613629,2025-07-11 04:01:00+00:00,2025-07-10,-0.0015603915300133053,0.008241278239177906,0.008154338867910619,3.9833333333333334,2025-07-11 04:01:00+00:00,2025-07-10,0.001845022075683822,0.00894932419669102,0.003873522312724853,3.9833333333333334,2025-07-11 04:01:00+00:00,2025-07-10,0.0014142211893819479,-0.005158500941954514,0.009327993865393734,3.9833333333333334,2025-07-11 04:01:00+00:00,2025-07-10,-0.010088357944340487,-0.03731776300719516,0.06995376986323784,3.9833333333333334
2025-07-12 08:00:00+00:00,-0.00036032989895318224,0.0017436966518573028,0.08578466537844237,0.006764722585165714,2025-07-13 08:00:00+00:00,0.0022678627958296893,2025-07-12 04:01:00+00:00,2025-07-11,-0.0021337568402497453,-0.003784262611693116,0.00810411959136737,3.9833333333333334,2025-07-12 04:01:00+00:00,2025-07-11,0.0020460052993360733,0.0068707461299520566,0.003826420496135089,3.9833333333333334,2025-07-12 04:01:00+00:00,2025-07-11,0.011450578526709165,0.005215718552141683,0.0088153039424295,3.9833333333333334,2025-07-12 04:01:00+00:00,2025-07-11,0.03853801941242452,-0.06377603539723681,0.06140264080878865,3.9833333333333334
2025-07-15 08:00:00+00:00,-0.003157817399170426,-0.04975174582954579,0.07367596768826518,0.008683446747470258,2025-07-16 08:00:00+00:00,0.012075017171304436,2025-07-15 04:01:00+00:00,2025-07-14,0.0032882346694940168,0.0074684607769076785,0.008108510277993959,3.9833333333333334,2025-07-15 04:01:00+00:00,2025-07-14,0.002347812608868516,0.006136227662735347,0.0035133114830901567,3.9833333333333334,2025-07-15 04:01:00+00:00,2025-07-14,-0.0014576320864296832,0.004864316272173037,0.008049125730859938,3.9833333333333334,2025-07-15 04:01:00+00:00,2025-07-14,0.047628048989254435,-0.03372711785833639,0.06019783048025912,3.9833333333333334
2025-07-16 08:00:00+00:00,0.0059963199446020354,0.012002865999395354,0.08356298521944895,0.00881917252636478,2025-07-17 08:00:00+00:00,0.0010365579810818204,2025-07-16 04:01:00+00:00,2025-07-15,0.0012662373639269475,0.007999712933965978,0.007300562833535695,3.9833333333333334,2025-07-16 04:01:00+00:00,2025-07-15,0.005490617789240204,0.011319149891295502,0.003676186029627883,3.9833333333333334,2025-07-16 04:01:00+00:00,2025-07-15,-0.0066908300388188735,0.005951697640859867,0.007875017041965688,3.9833333333333334,2025-07-16 04:01:00+00:00,2025-07-15,0.010410736017838484,0.03334617241672174,0.052390398409228135,3.9833333333333334
2025-07-17 08:00:00+00:00,0.0015475351965772433,0.0010359365157458756,0.06172296020129572,0.008143386398145241,2025-07-18 08:00:00+00:00,0.00868688021265851,2025-07-17 04:01:00+00:00,2025-07-16,0.0010211641859534382,0.0018814878491104376,0.006808301034851504,3.9833333333333334,2025-07-17 04:01:00+00:00,2025-07-16,-0.002334941971848359,0.009394515801279838,0.0036925821783762073,3.9833333333333334,2025-07-17 04:01:00+00:00,2025-07-16,0.0066908300388188735,0.011407167629661376,0.008053380009489668,3.9833333333333334,2025-07-17 04:01:00+00:00,2025-07-16,-0.012739025777429358,0.07374942069774736,0.050521059491133224,3.9833333333333334
2025-07-18 08:00:00+00:00,-0.0073766439891223,0.008649366364402299,0.015305382790916975,0.007084359655584527,2025-07-19 08:00:00+00:00,-0.009857925510168286,2025-07-18 04:01:00+00:00,2025-07-17,0.007527052749287222,0.010968932128411164,0.006265565436156066,3.9833333333333334,2025-07-18 04:01:00+00:00,2025-07-17,0.0034497189502245007,0.010999212675820404,0.0032629078458187516,3.9833333333333334,2025-07-18 04:01:00+00:00,2025-07-17,-0.004116719770944854,0.005876226669334128,0.008084396779949689,3.9833333333333334,2025-07-18 04:01:00+00:00,2025-07-17,-0.03800932596698425,0.04582845267510382,0.044528518719773307,3.9833333333333334
2025-07-19 08:00:00+00:00,-0.0013487504032045905,-0.00990692119314207,0.0036547649459176264,0.007049507569367425,2025-07-20 08:00:00+00:00,-0.0011304716439747287,2025-07-19 04:01:00+00:00,2025-07-18,-0.0006752439064019455,0.012427445062260132,0.006285308110122343,3.9833333333333334,2025-07-19 04:01:00+00:00,2025-07-18,-0.0025353696608458876,0.006417837715639177,0.0033005302517439953,3.9833333333333334,2025-07-19 04:01:00+00:00,2025-07-18,0.003878517843276086,-0.0016958340140997275,0.008037228671830883,3.9833333333333334,2025-07-19 04:01:00+00:00,2025-07-18,-0.006680862990832814,0.0006095702718469018,0.04241621911358518,3.9833333333333334
2025-07-22 08:00:00+00:00,0.006579112080800087,-0.011620195692321925,0.010262022525796478,0.005695183015094135,2025-07-23 08:00:00+00:00,0.003107717685385092,2025-07-22 04:01:00+00:00,2025-07-21,0.004955725458104965,0.014094935850871322,0.006055290401398775,3.9833333333333334,2025-07-22 04:01:00+00:00,2025-07-21,-0.006417837715638974,-0.002347812608868749,0.003562882576308791,3.9833333333333334,2025-07-22 04:01:00+00:00,2025-07-21,0.014221078392012032,0.013982876464344447,0.00865963981163671,3.9833333333333334,2025-07-22 04:01:00+00:00,2025-07-21,0.014519311324453277,-0.03249916739295458,0.04227007462488689,3.9833333333333334
2025-07-23 08:00:00+00:00,-0.002226663375616056,0.003102983469684909,0.0013621399960860666,0.005816607827847655,2025-07-24 08:00:00+00:00,0.0005564833564075666,2025-07-23 04:01:00+00:00,2025-07-22,-0.0050376965790821515,0.007791001907861639,0.006097120860885677,3.9833333333333334,2025-07-23 04:01:00+00:00,2025-07-22,-0.0047121485420023035,-0.01255057894011091,0.0036493021520104304,3.9833333333333334,2025-07-23 04:01:00+00:00,2025-07-22,0.010890474089837454,0.03156418059299976,0.007819140628730032,3.9833333333333334,2025-07-23 04:01:00+00:00,2025-07-22,-0.009049835519917782,-0.051959738930710986,0.032020092738545246,3.9833333333333334
2025-07-24 08:00:00+00:00,-0.0006138322313500311,0.0005563285769633816,0.0008825320573033402,0.00569155404141922,2025-07-25 08:00:00+00:00,-0.026146758116984303,2025-07-24 04:01:00+00:00,2025-07-23,0.004275959398881923,0.011045797120791217,0.005365561110731396,3.9833333333333334,2025-07-24 04:01:00+00:00,2025-07-23,-0.0018499522910806476,-0.012065589259342986,0.003458068822794236,3.9833333333333334,2025-07-24 04:01:00+00:00,2025-07-23,-0.013477131818813604,0.011396218735368481,0.008507285535710042,3.9833333333333334,2025-07-24 04:01:00+00:00,2025-07-23,-0.07094282335603053,-0.11016353650931185,0.03443969043086315,3.9833333333333334
2025-07-25 08:00:00+00:00,-0.0008637440297558641,-0.026494662377112156,-0.03426149668421104,0.006579574368912545,2025-07-26 08:00:00+00:00,0.0172082884834992,2025-07-25 04:01:00+00:00,2025-07-24,0.0024776278630280757,0.00599637223453067,0.005366077481226772,3.9833333333333334,2025-07-25 04:01:00+00:00,2025-07-24,0.001747245134827935,-0.013768063074739666,0.00346878932988429,3.9833333333333334,2025-07-25 04:01:00+00:00,2025-07-24,-0.007118547674295428,0.00839439083201657,0.008687041150193718,3.9833333333333334,2025-07-25 04:01:00+00:00,2025-07-24,0.001300390300283727,-0.07085382024204415,0.03443256065264016,3.9833333333333334
2025-07-26 08:00:00+00:00,-0.001577126906196824,0.01706190286481565,-0.007292672626253354,0.006844113495282359,2025-07-27 08:00:00+00:00,0.006747227961560132,2025-07-26 04:01:00+00:00,2025-07-25,0.00225332303653758,0.008924939177469511,0.005091114351051266,3.9833333333333334,2025-07-26 04:01:00+00:00,2025-07-25,0.002768850398918943,-0.008463843014974996,0.0032914474741618455,3.9833333333333334,2025-07-26 04:01:00+00:00,2025-07-25,-0.011298178577684226,-0.00678230558894247,0.008021085087778107,3.9833333333333334,2025-07-26 04:01:00+00:00,2025-07-25,-0.030345336299689052,-0.09451829355090054,0.034840739431693184,3.9833333333333334
2025-07-29 08:00:00+00:00,0.000989029112814066,-0.00014828685602141087,0.007588207024825973,0.005887788160718622,2025-07-30 08:00:00+00:00,-0.006387574541119934,2025-07-29 04:01:00+00:00,2025-07-28,0.003603786825173927,0.0075730005445393345,0.005085898485109489,3.9833333333333334,2025-07-29 04:01:00+00:00,2025-07-28,0.01028995997538562,0.008243954676049138,0.0039614871544922554,3.9833333333333334,2025-07-29 04:01:00+00:00,2025-07-28,-0.00770441311868808,-0.02870779709964374,0.008127617891228936,3.9833333333333334,2025-07-29 04:01:00+00:00,2025-07-28,0.0066755922137842205,-0.10236201266156972,0.03427035628996994,3.9833333333333334
2025-07-30 08:00:00+00:00,-0.0003289249853857257,-0.006407977729559436,-0.0019227541744182629,0.005574264625033049,2025-07-31 08:00:00+00:00,0.00459673391295512,2025-07-30 04:01:00+00:00,2025-07-29,-0.002055896650267286,0.010554800473353132,0.005033538861991103,3.9833333333333334,2025-07-30 04:01:00+00:00,2025-07-29,0.0025307498523376992,0.01548685307039007,0.0037182434220105723,3.9833333333333334,2025-07-30 04:01:00+00:00,2025-07-29,0.004220687604231443,-0.03537758358525006,0.0076433429476581655,3.9833333333333334,2025-07-30 04:01:00+00:00,2025-07-29,0.061289736573245435,-0.0320224405684063,0.03732885612180108,3.9833333333333334
2025-07-31 08:00:00+00:00,0.00168539003260193,0.0045860322690155254,0.002106949517633945,0.005980146350955285,2025-08-01 08:00:00+00:00,-0.03020427590114705,2025-07-31 04:01:00+00:00,2025-07-30,0.001590843775579387,0.007869684850051772,0.004416264710185586,3.9833333333333334,2025-07-31 04:01:00+00:00,2025-07-30,0.010359647568367158,0.027696452929837353,0.00423534642596572,3.9833333333333334,2025-07-31 04:01:00+00:00,2025-07-30,-0.008519931583451879,-0.030420383349889554,0.00780831434678182,3.9833333333333334,2025-07-31 04:01:00+00:00,2025-07-30,-0.031789072176547695,0.007131310611076616,0.037857266830967067,3.9833333333333334
2025-08-01 08:00:00+00:00,-0.0049084352077244375,-0.030669652210307242,-0.0020680403155612257,0.005108311408674179,2025-08-02 08:00:00+00:00,-0.009552078452745194,2025-08-01 04:01:00+00:00,2025-07-31,-0.005467426315696855,-7.536932867244476e-05,0.00451807223541742,3.9833333333333334,2025-08-01 04:01:00+00:00,2025-07-31,0.0009000984489411223,0.026849306243950433,0.004212842408211539,3.9833333333333334,2025-08-01 04:01:00+00:00,2025-07-31,-0.0007892237945714697,-0.024091059470163205,0.007749828973618891,3.9833333333333334,2025-08-01 04:01:00+00:00,2025-07-31,0.07705673949497438,0.08288765980576765,0.041776338263532976,3.9833333333333334
2025-08-02 08:00:00+00:00,0.0006374062355245513,-0.009598079063745164,-0.028728022244122044,0.005187739205363767,2025-08-03 08:00:00+00:00,-0.0024783631240202775,2025-08-02 04:01:00+00:00,2025-08-01,-0.01978291800469556,-0.02211161036990476,0.006121187282342424,3.9833333333333334,2025-08-02 04:01:00+00:00,2025-08-01,-0.01348647987167162,0.010593975973359432,0.005354521996669619,3.9833333333333334,2025-08-02 04:01:00+00:00,2025-08-01,0.03185689910941214,0.019064018216930836,0.01064640912596952,3.9833333333333334,2025-08-02 04:01:00+00:00,2025-08-01,0.19794842013802327,0.3111814162434798,0.05936598712198854,3.9833333333333334
2025-08-05 08:00:00+00:00,-0.0025163606208060685,-0.005977290303899491,-0.042201893248185775,0.0054388302743669315,2025-08-06 08:00:00+00:00,0.0022655144305898656,2025-08-05 04:01:00+00:00,2025-08-04,0.018511129600451426,-0.007204267594628739,0.007138184306948684,3.9833333333333334,2025-08-05 04:01:00+00:00,2025-08-04,0.0009114938326346689,0.0012155098306094365,0.005327134078615773,3.9833333333333334,2025-08-05 04:01:00+00:00,2025-08-04,0.007793498093308315,0.03456192942892855,0.010748478808082728,3.9833333333333334,2025-08-05 04:01:00+00:00,2025-08-04,-0.15121094228633325,0.1532948817433622,0.06908582689679872,3.9833333333333334
2025-08-06 08:00:00+00:00,0.006304988685652546,0.002263039566440727,-0.03353087595218556,0.006171149597915175,2025-08-07 08:00:00+00:00,0.004903267940669531,2025-08-06 04:01:00+00:00,2025-08-05,-0.007360312094421673,-0.01250868303878248,0.007385019825689606,3.9833333333333334,2025-08-06 04:01:00+00:00,2025-08-05,0.0,-0.00131524002172889,0.005328656458128787,3.9833333333333334,2025-08-06 04:01:00+00:00,2025-08-05,0.0024194525817140544,0.0327606944064124,0.0105382264469851,3.9833333333333334,2025-08-06 04:01:00+00:00,2025-08-05,0.01866042271740298,0.11066556788751958,0.06792149548276809,3.9833333333333334
2025-08-07 08:00:00+00:00,0.0021101107439598366,0.004891198529046544,-0.033225709692154624,0.006015717856859091,2025-08-08 08:00:00+00:00,0.017677894699611008,2025-08-07 04:01:00+00:00,2025-08-06,0.012797734887898926,-0.0013017919264633729,0.007744651044120975,3.9833333333333334,2025-08-07 04:01:00+00:00,2025-08-06,-0.006092611016446092,-0.01776749860654242,0.0055354700562588064,3.9833333333333334,2025-08-07 04:01:00+00:00,2025-08-06,-0.00037857598793777925,0.040902050001925885,0.010548508389869834,3.9833333333333334,2025-08-07 04:01:00+00:00,2025-08-06,-0.062411932390531,0.08004270767353636,0.0683550169336082,3.9833333333333334
2025-08-08 08:00:00+00:00,0.0006836947216708467,0.0175233725345173,0.01496731505266994,0.00612515719813324,2025-08-09 08:00:00+00:00,-0.0005238954537516438,2025-08-08 04:01:00+00:00,2025-08-07,0.003189850592955068,0.007355484982187531,0.007735646061045254,3.9833333333333334,2025-08-08 04:01:00+00:00,2025-08-07,0.002238287826870966,-0.016429309228612007,0.005541706993206751,3.9833333333333334,2025-08-08 04:01:00+00:00,2025-08-07,0.00589511058336889,0.04758638437986464,0.010590420896156654,3.9833333333333334,2025-08-08 04:01:00+00:00,2025-08-07,-0.011997744396645693,-0.009011776218083942,0.06837491041220208,3.9833333333333334
2025-08-09 08:00:00+00:00,0.0031912180131072887,-0.0005238614823888354,0.024041532634026336,0.005500955065338341,2025-08-10 08:00:00+00:00,0.009012727397307074,2025-08-09 04:01:00+00:00,2025-08-08,0.009435664289185297,0.03657406727606764,0.007903030395633639,3.9833333333333334,2025-08-09 04:01:00+00:00,2025-08-08,-0.002238287826870966,-0.005181117183811584,0.00555680627409994,3.9833333333333334,2025-08-09 04:01:00+00:00,2025-08-08,0.010828067683391396,0.02655755295384518,0.010561713817357503,3.9833333333333334,2025-08-09 04:01:00+00:00,2025-08-08,-0.08959329948309325,-0.29655349583920054,0.0707755034324591,3.9833333333333334
2025-08-12 08:00:00+00:00,0.0010849109905972654,-0.021208087116504667,0.04307926665297677,0.006878633139584615,2025-08-13 08:00:00+00:00,0.004989379908162839,2025-08-12 04:01:00+00:00,2025-08-11,-0.0035911129741723613,0.014471824701444674,0.007983718654427067,3.9833333333333334,2025-08-12 04:01:00+00:00,2025-08-11,0.0034570074404749462,-0.0026356035759713932,0.005585166135582317,3.9833333333333334,2025-08-12 04:01:00+00:00,2025-08-11,-0.025117358026758296,-0.006353303166222699,0.0121570736803927,3.9833333333333334,2025-08-12 04:01:00+00:00,2025-08-11,0.07009237682036806,-0.07525017673249887,0.07180809321322035,3.9833333333333334
2025-08-13 08:00:00+00:00,0.0008231323825036441,0.00497705824263462,0.04579328532917076,0.006404181313470436,2025-08-14 08:00:00+00:00,0.01793696960371438,2025-08-13 04:01:00+00:00,2025-08-12,0.013198244225069544,0.03503038102093636,0.008404263676642246,3.9833333333333334,2025-08-13 04:01:00+00:00,2025-08-12,-0.004272188161714929,-0.006907791737686192,0.005526950727681358,3.9833333333333334,2025-08-13 04:01:00+00:00,2025-08-12,-0.0016755449376990583,-0.010448300685635108,0.012048399099035068,3.9833333333333334,2025-08-13 04:01:00+00:00,2025-08-12,-0.09820667830120744,-0.19211727775110923,0.07479825427540396,3.9833333333333334
2025-08-14 08:00:00+00:00,-0.013154632569021274,0.017778000301554638,0.058680087101678755,0.007002207768514877,2025-08-15 08:00:00+00:00,-0.022746789472131934,2025-08-14 04:01:00+00:00,2025-08-13,0.00041267382668230823,0.022645319959720106,0.008409258898908572,3.9833333333333334,2025-08-14 04:01:00+00:00,2025-08-13,-0.002653897067652622,-0.0034690777888921904,0.005533695861032051,3.9833333333333334,2025-08-14 04:01:00+00:00,2025-08-13,0.002732376874092779,-0.0073373478236040315,0.011981021053454673,3.9833333333333334,2025-08-14 04:01:00+00:00,2025-08-13,-0.016427474141948117,-0.14613281950252646,0.07481439401007692,3.9833333333333334
2025-08-15 08:00:00+00:00,-0.00010473872992378119,-0.02300948904676091,0.018147225520400496,0.0076036017505410865,2025-08-16 08:00:00+00:00,-0.01143594987913632,2025-08-15 04:01:00+00:00,2025-08-14,-0.000696270776929353,0.018759198589836098,0.008326086062152042,3.9833333333333334,2025-08-15 04:01:00+00:00,2025-08-14,0.004181796800026838,-0.0015255688157364282,0.005562016182719121,3.9833333333333334,2025-08-15 04:01:00+00:00,2025-08-14,-0.007391654844456141,-0.02062411325142968,0.012072734167948332,3.9833333333333334,2025-08-15 04:01:00+00:00,2025-08-14,0.023193399817249993,-0.11094167528863087,0.07479364190865558,3.9833333333333334
2025-08-16 08:00:00+00:00,0.0014163559799982295,-0.011501843204160454,0.0071692437986289465,0.007894841506893378,2025-08-17 08:00:00+00:00,0.003485745739632229,2025-08-16 04:01:00+00:00,2025-08-15,-0.005063440485187698,0.004260093815462243,0.008446201338335221,3.9833333333333334,2025-08-16 04:01:00+00:00,2025-08-15,-0.004079572501346718,-0.003366853490212057,0.00560604679456388,3.9833333333333334,2025-08-16 04:01:00+00:00,2025-08-15,-0.0001773193156378028,-0.03162950025045757,0.012048154458266885,3.9833333333333334,2025-08-16 04:01:00+00:00,2025-08-15,0.017380116629916564,-0.003968259175620622,0.0749651995312209,3.9833333333333334
2025-08-19 08:00:00+00:00,0.0014634352321927224,-0.0019796332988370846,-0.03426986690759275,0.0072713045199563255,2025-08-20 08:00:00+00:00,-0.01294167630980314,2025-08-19 04:01:00+00:00,2025-08-18,7.124611727071795e-05,0.007922452906904982,0.008407970333657377,3.9833333333333334,2025-08-19 04:01:00+00:00,2025-08-18,0.0032649728045299753,-0.0035588881261571863,0.005468210949327217,3.9833333333333334,2025-08-19 04:01:00+00:00,2025-08-18,-0.00136085504236938,-0.007872997266069099,0.011600158172331062,3.9833333333333334,2025-08-19 04:01:00+00:00,2025-08-18,-0.0066489606652511135,-0.08070959666124017,0.07483642545762952,3.9833333333333334
2025-08-20 08:00:00+00:00,-0.0003152200196634425,-0.013026150550149213,-0.05227307570037655,0.007397275027172892,2025-08-21 08:00:00+00:00,0.0035764340408779294,2025-08-20 04:01:00+00:00,2025-08-19,-0.013970524777466409,-0.019246316095630742,0.008971670467335964,3.9833333333333334,2025-08-20 04:01:00+00:00,2025-08-19,0.0010181071614718817,0.0017314071970294064,0.005348117143473562,3.9833333333333334,2025-08-20 04:01:00+00:00,2025-08-19,-0.005729838577163804,-0.011927290905534642,0.01133975726613671,3.9833333333333334,2025-08-20 04:01:00+00:00,2025-08-19,0.03796267373140072,0.055459755371368075,0.07544668212644423,3.9833333333333334
2025-08-21 08:00:00+00:00,-0.0005142842584948681,0.003570141921834003,-0.0664809340800972,0.006612260258079576,2025-08-22 08:00:00+00:00,-0.0070344857498544355,2025-08-21 04:01:00+00:00,2025-08-20,-0.005798285040043538,-0.025457274962357272,0.009042359883121086,3.9833333333333334,2025-08-21 04:01:00+00:00,2025-08-20,-0.0005088851746730683,0.0038764190900090253,0.0053261281468739066,3.9833333333333334,2025-08-21 04:01:00+00:00,2025-08-20,0.008833365785585912,-0.0058263019940411045,0.01116969260367281,3.9833333333333334,2025-08-21 04:01:00+00:00,2025-08-20,0.00767758089903392,0.07956481041235008,0.07374384870603336,3.9833333333333334
2025-08-22 08:00:00+00:00,0.0014652424374617112,-0.007059344391842152,-0.05053078942517847,0.005732020139795981,2025-08-23 08:00:00+00:00,0.02391470945223584,2025-08-22 04:01:00+00:00,2025-08-21,-0.004612436507255069,-0.02937344069268187,0.009086735958156336,3.9833333333333334,2025-08-22 04:01:00+00:00,2025-08-21,0.004064235606779931,0.003758857896761709,0.005379233916879874,3.9833333333333334,2025-08-22 04:01:00+00:00,2025-08-21,-0.002038346444876993,-0.00047299359446079765,0.011059722654701407,3.9833333333333334,2025-08-22 04:01:00+00:00,2025-08-21,0.056379128617556784,0.11275053921265696,0.07477569464273973,3.9833333333333334
2025-08-23 08:00:00+00:00,0.0019942242414643374,0.023633317954015957,-0.015395628267001967,0.007995471331951762,2025-08-24 08:00:00+00:00,-0.007869380392620196,2025-08-23 04:01:00+00:00,2025-08-22,0.015246167205331673,-0.009063833002161781,0.009711810675660277,3.9833333333333334,2025-08-23 04:01:00+00:00,2025-08-22,-0.00916784976474716,-0.0013294193666388184,0.005777221776201687,3.9833333333333334,2025-08-23 04:01:00+00:00,2025-08-22,0.010852859222557854,0.010557184943733608,0.01096482852538529,3.9833333333333334,2025-08-23 04:01:00+00:00,2025-08-22,-0.1547532709874031,-0.059382848404662666,0.0825361588143761,3.9833333333333334
2025-08-26 08:00:00+00:00,0.003848080774007556,-0.0108952353546498,-0.04150908571325194,0.008274842362681036,2025-08-27 08:00:00+00:00,0.003825727630748732,2025-08-26 04:01:00+00:00,2025-08-25,-0.0030905397176699267,-0.012225618837103045,0.009713949227540666,3.9833333333333334,2025-08-26 04:01:00+00:00,2025-08-25,0.007239379860169315,0.002644987689000835,0.005527101554919574,3.9833333333333334,2025-08-26 04:01:00+00:00,2025-08-25,-0.00029256875574290575,0.011625471230359195,0.010770591402401719,3.9833333333333334,2025-08-26 04:01:00+00:00,2025-08-25,0.03930185234761385,-0.013432035391798016,0.08304657751013003,3.9833333333333334
2025-08-27 08:00:00+00:00,-0.0062389651564309645,0.003818337832410074,-0.0246645973306926,0.008247019695827074,2025-08-28 08:00:00+00:00,0.021575216985403323,2025-08-27 04:01:00+00:00,2025-08-26,0.004246131195904113,0.00599103713626772,0.009740864427443567,3.9833333333333334,2025-08-27 04:01:00+00:00,2025-08-26,-0.0020339368805570857,-0.00040705635302838846,0.005506231739020049,3.9833333333333334,2025-08-27 04:01:00+00:00,2025-08-26,0.004525224859586174,0.021880534667110686,0.010774708760134078,3.9833333333333334,2025-08-27 04:01:00+00:00,2025-08-26,-0.01156082240107592,-0.06295553152427455,0.08176749459731711,3.9833333333333334
2025-08-28 08:00:00+00:00,0.00989817161212514,0.021345856735857625,-0.006888882516668841,0.008525302790153634,2025-08-29 08:00:00+00:00,-0.02735936303614106,2025-08-28 04:01:00+00:00,2025-08-27,0.001722640736630865,0.013511962912942306,0.00974171190554856,3.9833333333333334,2025-08-28 04:01:00+00:00,2025-08-27,0.0,0.00010182882164453671,0.004900150203858945,3.9833333333333334,2025-08-28 04:01:00+00:00,2025-08-27,0.0045338654259907685,0.017581034307513895,0.010520957383235037,3.9833333333333334,2025-08-28 04:01:00+00:00,2025-08-27,0.015609410927075906,-0.05502370149623256,0.08162008126959416,3.9833333333333334
2025-08-29 08:00:00+00:00,-0.015198042558475677,-0.027740600100524686,-0.02757013822535138,0.008886773067714942,2025-08-30 08:00:00+00:00,-0.013589605758549173,2025-08-29 04:01:00+00:00,2025-08-28,0.005821960615039146,0.023946360035235717,0.009706584901404499,3.9833333333333334,2025-08-29 04:01:00+00:00,2025-08-28,-0.0042849055192979435,-0.008247312304432713,0.004938972527943502,3.9833333333333334,2025-08-29 04:01:00+00:00,2025-08-28,0.007424654028849176,0.027044034781240508,0.010555678778314396,3.9833333333333334,2025-08-29 04:01:00+00:00,2025-08-28,-0.028690492462929207,-0.14009332257671817,0.07962472039465553,3.9833333333333334
2025-08-30 08:00:00+00:00,0.0008117608603477322,-0.013682789635361917,-0.06488624581472935,0.0068990187177550896,2025-08-31 08:00:00+00:00,0.001695381290782505,2025-08-30 04:01:00+00:00,2025-08-29,-0.012225797849881204,-0.003525605019977774,0.008972926922151592,3.9833333333333334,2025-08-30 04:01:00+00:00,2025-08-29,-0.000409049159126873,0.0005114883011876919,0.0039904944799606335,3.9833333333333334,2025-08-30 04:01:00+00:00,2025-08-29,0.01195941467280548,0.028150590231488484,0.008372614016495063,3.9833333333333334,2025-08-30 04:01:00+00:00,2025-08-29,0.0624573549337466,0.0771173033444312,0.06580095431917278,3.9833333333333334
2025-09-03 08:00:00+00:00,0.0004129569880753081,0.007824963187366035,0.0033783410799190583,0.00621662059141863,2025-09-04 08:00:00+00:00,-0.005729169620090402,2025-09-03 04:01:00+00:00,2025-09-02,-0.007902474581550578,-0.00833753988385808,0.008237471150422676,3.9833333333333334,2025-09-03 04:01:00+00:00,2025-09-02,0.006423072382534478,-0.0003048191764475196,0.00427123260237891,3.9833333333333334,2025-09-03 04:01:00+00:00,2025-09-02,0.021412365981205994,0.049855524968437585,0.009388070763509022,3.9833333333333334,2025-09-03 04:01:00+00:00,2025-09-02,0.0631029378309016,0.1607732205877518,0.06038903877460284,3.9833333333333334
2025-09-04 08:00:00+00:00,-0.006187491349265883,-0.005745734275623741,-0.023713249931562513,0.005947918012115714,2025-09-05 08:00:00+00:00,0.022550101680774537,2025-09-04 04:01:00+00:00,2025-09-03,0.007877700936136378,-0.004705970143626068,0.008216628046500259,3.9833333333333334,2025-09-04 04:01:00+00:00,2025-09-03,-0.0026457951225422605,-0.0009166774184325476,0.004305782991440837,3.9833333333333334,2025-09-04 04:01:00+00:00,2025-09-03,0.011981838523569266,0.05731213863241947,0.009631454934822049,3.9833333333333334,2025-09-04 04:01:00+00:00,2025-09-03,-0.04893577756612144,0.09622803209455397,0.05975062471500756,3.9833333333333334
2025-09-05 08:00:00+00:00,0.014648486279609685,0.022299606933199732,0.02632695710216193,0.006120526046249623,2025-09-06 08:00:00+00:00,-0.01884593701241366,2025-09-05 04:01:00+00:00,2025-09-04,0.009274450905449427,0.002845840025192938,0.007981469451106032,3.9833333333333334,2025-09-05 04:01:00+00:00,2025-09-04,0.002137504877720353,0.0012208274592876885,0.004114592303425009,3.9833333333333334,2025-09-05 04:01:00+00:00,2025-09-04,-0.007953439794452066,0.044824833411978245,0.009909635612165471,3.9833333333333334,2025-09-05 04:01:00+00:00,2025-09-04,-0.06637506894487277,0.058543455612610436,0.061476801041963076,3.9833333333333334
2025-09-06 08:00:00+00:00,-0.0023128532774965294,-0.0190256946372064,0.020984052100317396,0.006424889333465433,2025-09-07 08:00:00+00:00,-0.0006512936227093258,2025-09-06 04:01:00+00:00,2025-09-05,0.0008218041242926688,-0.0021543164655532234,0.00795976986617257,3.9833333333333334,2025-09-06 04:01:00+00:00,2025-09-05,-0.005914782137712571,-0.0004090491591267758,0.00429031402129751,3.9833333333333334,2025-09-06 04:01:00+00:00,2025-09-05,0.012837668774505318,0.05023784815763371,0.010154784820051813,3.9833333333333334,2025-09-06 04:01:00+00:00,2025-09-05,-0.007874056430905885,-0.01178795575204224,0.05811120075914962,3.9833333333333334
2025-09-09 08:00:00+00:00,0.01142081912876769,0.015256090769176818,0.024704489701496163,0.005938132936543856,2025-09-10 08:00:00+00:00,-0.0038716320248558533,2025-09-09 04:01:00+00:00,2025-09-08,0.004634066291789196,0.014705547676117084,0.007747522400884903,3.9833333333333334,2025-09-09 04:01:00+00:00,2025-09-08,-0.0032783525451431927,-0.0032783525451429082,0.004320968634169878,3.9833333333333334,2025-09-09 04:01:00+00:00,2025-09-08,0.006575072093788492,0.044853505578616774,0.010021684187932109,3.9833333333333334,2025-09-09 04:01:00+00:00,2025-09-08,-0.004621995682835944,-0.0647039607938341,0.055727443583497696,3.9833333333333334
2025-09-10 08:00:00+00:00,0.008994010771800731,-0.00387914619312386,0.013000380321006273,0.006317654470311088,2025-09-11 08:00:00+00:00,0.013592895476957079,2025-09-10 04:01:00+00:00,2025-09-09,0.0032561616370347934,0.02586418389470299,0.007716879106737384,3.9833333333333334,2025-09-10 04:01:00+00:00,2025-09-09,0.003482937048931767,-0.006218487878745843,0.0043221820564964585,3.9833333333333334,2025-09-10 04:01:00+00:00,2025-09-09,0.0013044321985677954,0.02474557179597945,0.0076328589643457215,3.9833333333333334,2025-09-10 04:01:00+00:00,2025-09-09,-0.004643457762954384,-0.13245035638769054,0.05110631864548746,3.9833333333333334
2025-09-11 08:00:00+00:00,-0.0027698286980086806,0.01350134080227691,0.032247455398906735,0.006456005752477863,2025-09-12 08:00:00+00:00,0.00879285169697508,2025-09-11 04:01:00+00:00,2025-09-10,0.00039710357372868543,0.018383586532294053,0.007130927379778961,3.9833333333333334,2025-09-11 04:01:00+00:00,2025-09-10,-0.00010228702004155821,-0.0036749797762452865,0.004223584197727812,3.9833333333333334,2025-09-11 04:01:00+00:00,2025-09-10,-5.4303569498870274e-05,0.01270942970291159,0.007578748873492523,3.9833333333333334,2025-09-11 04:01:00+00:00,2025-09-10,0.020402155511512365,-0.0631124233100564,0.05110727616970593,3.9833333333333334
2025-09-12 08:00:00+00:00,-0.0009331215553665118,0.008754419696773298,0.018702268162480322,0.005751179364673641,2025-09-13 08:00:00+00:00,0.00601303191420044,2025-09-12 04:01:00+00:00,2025-09-11,0.005990215836765955,0.015099351463611323,0.007255030042676401,3.9833333333333334,2025-09-12 04:01:00+00:00,2025-09-11,-0.002457484998239501,-0.008269969652205219,0.004217712736697004,3.9833333333333334,2025-09-12 04:01:00+00:00,2025-09-11,-0.002283948524574697,0.01837892097278864,0.0077048227713997445,3.9833333333333334,2025-09-12 04:01:00+00:00,2025-09-11,-0.04258793941985983,-0.039325293785043604,0.051842795288020764,3.9833333333333334
2025-09-13 08:00:00+00:00,-0.0015387359607039741,0.005994939411047035,0.043722902210733945,0.005230086672961253,2025-09-14 08:00:00+00:00,0.00023035321171271939,2025-09-13 04:01:00+00:00,2025-09-12,0.00414389380490654,0.018421441144224348,0.007300632345717509,3.9833333333333334,2025-09-13 04:01:00+00:00,2025-09-12,0.00010253868507614783,-0.0022526488294161264,0.004093841904114093,3.9833333333333334,2025-09-13 04:01:00+00:00,2025-09-12,0.003478211302116563,0.009019463500398346,0.007247491058288083,3.9833333333333334,2025-09-13 04:01:00+00:00,2025-09-12,0.0033932845589803584,-0.02805795279515738,0.051684332158630615,3.9833333333333334
2025-09-16 08:00:00+00:00,0.0046096238942947565,0.0002881976022878093,0.024900785586285935,0.004930854938766451,2025-09-17 08:00:00+00:00,0.011416523775597653,2025-09-16 04:01:00+00:00,2025-09-15,0.0083326226741125,0.022119997526549067,0.007373442652831503,3.9833333333333334,2025-09-16 04:01:00+00:00,2025-09-15,-0.0025660777967804194,-0.0015403740810536583,0.004034983669926704,3.9833333333333334,2025-09-16 04:01:00+00:00,2025-09-15,0.008804469354505073,0.01124886076111597,0.007234278073073389,3.9833333333333334,2025-09-16 04:01:00+00:00,2025-09-15,0.06110274757261447,0.03766679046029298,0.053490660711094554,3.9833333333333334
2025-09-17 08:00:00+00:00,0.006769389111862978,0.011351760732099972,0.040131692511509845,0.004484179345105065,2025-09-18 08:00:00+00:00,-0.0006526833505060559,2025-09-17 04:01:00+00:00,2025-09-16,-0.0008042038439803889,0.01805963204553377,0.007383162108289031,3.9833333333333334,2025-09-17 04:01:00+00:00,2025-09-16,-0.006909796968858295,-0.011933108098843638,0.004202220912953349,3.9833333333333334,2025-09-17 04:01:00+00:00,2025-09-16,0.0016389083815759875,0.011583336944123342,0.007131487522049362,3.9833333333333334,2025-09-17 04:01:00+00:00,2025-09-16,0.041815764429660174,0.08412601265290731,0.053632683731895274,3.9833333333333334
2025-09-18 08:00:00+00:00,-0.004224277993239767,-0.0006528964410095305,0.02597745526822341,0.0045427756523017115,2025-09-19 08:00:00+00:00,-0.001503424704625278,2025-09-18 04:01:00+00:00,2025-09-17,-0.0020850603453546057,0.01557746812645087,0.006529504077351296,3.9833333333333334,2025-09-18 04:01:00+00:00,2025-09-17,0.002480678204053177,-0.009350142874748219,0.004247831344384077,3.9833333333333334,2025-09-18 04:01:00+00:00,2025-09-17,-0.001961614699995451,0.009676025813627715,0.006881531790523771,3.9833333333333334,2025-09-18 04:01:00+00:00,2025-09-17,-0.03990554417354053,0.023818312967854423,0.054439070162633094,3.9833333333333334
2025-09-19 08:00:00+00:00,-0.0005781410928733521,-0.0015046415174490295,0.0157183940540011,0.004385596130194514,2025-09-20 08:00:00+00:00,-0.008052520409292718,2025-09-19 04:01:00+00:00,2025-09-18,0.009499164109586289,0.019086416399270747,0.006493113286638899,3.9833333333333334,2025-09-19 04:01:00+00:00,2025-09-18,0.004942814352483893,-0.0019498435240253742,0.004432810175979362,3.9833333333333334,2025-09-19 04:01:00+00:00,2025-09-18,-0.010681406425554485,0.0012785679126471174,0.00766057678138713,3.9833333333333334,2025-09-19 04:01:00+00:00,2025-09-18,-0.0012730746467983778,0.0651331777409161,0.05280374460018901,3.9833333333333334
2025-09-20 08:00:00+00:00,0.004524893816157061,-0.008085031523925179,0.0016384231190288499,0.004171801524756169,2025-09-21 08:00:00+00:00,-0.0013157014280422707,2025-09-20 04:01:00+00:00,2025-09-19,0.006982725710347637,0.021925248304712038,0.006337878157013396,3.9833333333333334,2025-09-20 04:01:00+00:00,2025-09-19,0.002974523129664064,0.0009221409205625412,0.004380862591692,3.9833333333333334,2025-09-20 04:01:00+00:00,2025-09-19,0.0074484708433537605,0.0052488274538862595,0.007553239686218899,3.9833333333333334,2025-09-20 04:01:00+00:00,2025-09-19,-0.016051709010507675,0.04568818417142793,0.03913324052075293,3.9833333333333334
2025-09-23 08:00:00+00:00,0.0066552133207054,0.005054216660937331,-0.02402481722790578,0.005090462774252413,2025-09-24 08:00:00+00:00,-0.004479524428878223,2025-09-23 04:01:00+00:00,2025-09-22,0.00545972717480403,0.019052352805403776,0.005696680822625797,3.9833333333333334,2025-09-23 04:01:00+00:00,2025-09-22,-0.0031799540224666245,0.00030826469487571414,0.003939657416730716,3.9833333333333334,2025-09-23 04:01:00+00:00,2025-09-22,0.018527725242565296,0.014972083341944319,0.00806637107625236,3.9833333333333334,2025-09-23 04:01:00+00:00,2025-09-22,0.04121026864666266,0.025795705245476294,0.03922568717959553,3.9833333333333334
2025-09-24 08:00:00+00:00,0.008030216878379903,-0.004489587561710698,-0.039866165521716575,0.005113936940991786,2025-09-25 08:00:00+00:00,-0.00725514582327047,2025-09-24 04:01:00+00:00,2025-09-23,-0.007332657238336537,0.012523899411047172,0.005991732821195517,3.9833333333333334,2025-09-24 04:01:00+00:00,2025-09-23,-0.0007194583114911168,0.006498603352243695,0.0035292479929220594,3.9833333333333334,2025-09-24 04:01:00+00:00,2025-09-23,0.010697223061898242,0.024030398022267304,0.008063956387698433,3.9833333333333334,2025-09-24 04:01:00+00:00,2025-09-23,0.03299016340264549,0.01697010421846156,0.039544644739719505,3.9833333333333334
2025-09-25 08:00:00+00:00,-0.006950050874490188,-0.007281681859219656,-0.046494950939926616,0.0047978047345335695,2025-09-26 08:00:00+00:00,-0.02189121932796989,2025-09-25 04:01:00+00:00,2025-09-24,-0.0031211831532775847,0.01148777660312306,0.00609814013288181,3.9833333333333334,2025-09-25 04:01:00+00:00,2025-09-24,0.00625226856154093,0.010270193709731208,0.003825713747911444,3.9833333333333334,2025-09-25 04:01:00+00:00,2025-09-24,-0.012553199790112046,0.01343881293214967,0.009021236830961423,3.9833333333333334,2025-09-25 04:01:00+00:00,2025-09-24,-0.02803352376271695,0.028842124629284992,0.040212338703255524,3.9833333333333334
2025-09-26 08:00:00+00:00,-0.002375423358804696,-0.022134297979579384,-0.067124607402057,0.005682273609883187,2025-09-27 08:00:00+00:00,0.0008339735027491635,2025-09-26 04:01:00+00:00,2025-09-25,-0.004345931238972867,-0.0023573187454361947,0.006263353297173404,3.9833333333333334,2025-09-26 04:01:00+00:00,2025-09-25,0.006923969064020596,0.012251348421267943,0.004143302249240915,3.9833333333333334,2025-09-26 04:01:00+00:00,2025-09-25,0.0007958404288572751,0.02491605978656266,0.00906254574368155,3.9833333333333334,2025-09-26 04:01:00+00:00,2025-09-25,0.034025153430983224,0.06414035270706687,0.03994968254722595,3.9833333333333334
2025-09-27 08:00:00+00:00,-0.001302217611767631,0.0008337173383981079,-0.05820585853973375,0.005527114333203967,2025-09-28 08:00:00+00:00,0.0009310747831186017,2025-09-27 04:01:00+00:00,2025-09-26,0.004357329385435094,-0.004982715070348864,0.006221459624775328,3.9833333333333334,2025-09-27 04:01:00+00:00,2025-09-26,-0.00406712829645528,0.005209696995148306,0.004131267384965838,3.9833333333333334,2025-09-27 04:01:00+00:00,2025-09-26,0.009999925510946639,0.027467514454153956,0.009124818334149798,3.9833333333333334,2025-09-27 04:01:00+00:00,2025-09-26,-0.09060204512035819,-0.010409983402783523,0.04336674745249138,3.9833333333333334
2025-09-30 08:00:00+00:00,-0.005938048001306484,0.016255349057808524,0.005371517116494695,0.005914891965692358,2025-10-01 08:00:00+00:00,0.007385977250155662,2025-09-30 04:01:00+00:00,2025-09-29,0.004377470655589022,-0.0060649715895636485,0.005312321529792958,3.9833333333333334,2025-09-30 04:01:00+00:00,2025-09-29,-0.0024482095000752935,0.005941441517539981,0.0041713695269952125,3.9833333333333334,2025-09-30 04:01:00+00:00,2025-09-29,0.012056186181995443,0.020995975393585407,0.009128951625316286,3.9833333333333334,2025-09-30 04:01:00+00:00,2025-09-29,0.052861717137511643,0.0012414650880649455,0.04364685670483525,3.9833333333333334
2025-10-01 08:00:00+00:00,0.0031663757456747987,0.007358922440131317,0.017220027118336697,0.00583880004038009,2025-10-02 08:00:00+00:00,0.03449252490548638,2025-10-01 04:01:00+00:00,2025-09-30,0.0027851005708825483,0.004052786219656068,0.004715891213211294,3.9833333333333334,2025-10-01 04:01:00+00:00,2025-09-30,-0.0014309795862192942,0.005229920242811425,0.003903018985459475,3.9833333333333334,2025-10-01 04:01:00+00:00,2025-09-30,0.004658152470113919,0.014956904801801379,0.008229753266588915,3.9833333333333334,2025-10-01 04:01:00+00:00,2025-09-30,0.009876623495912007,-0.021872074818668215,0.041147890401856714,3.9833333333333334
2025-10-02 08:00:00+00:00,-0.0020590694337290216,0.03391099237308799,0.058412701350644324,0.0064664983274087505,2025-10-03 08:00:00+00:00,0.009709362226744345,2025-10-02 04:01:00+00:00,2025-10-01,0.004885501441025397,0.012059470813960319,0.004599875371238527,3.9833333333333334,2025-10-02 04:01:00+00:00,2025-10-01,-0.0006138485961635354,-0.0016361969148933567,0.003865589481241152,3.9833333333333334,2025-10-02 04:01:00+00:00,2025-10-01,0.006254295801216614,0.03376440039313113,0.008025935406949706,3.9833333333333334,2025-10-02 04:01:00+00:00,2025-10-01,0.0006140620395593821,0.006775510983608062,0.03968061422201495,3.9833333333333334
2025-10-03 08:00:00+00:00,-0.004883400896764201,0.009662445686789997,0.09020944501701353,0.005689239264152806,2025-10-04 08:00:00+00:00,0.02243275714471271,2025-10-03 04:01:00+00:00,2025-10-02,0.0036986839349886225,0.020104085987921246,0.0043540294023841275,3.9833333333333334,2025-10-03 04:01:00+00:00,2025-10-02,0.0014317796616145628,-0.007128386317298619,0.0038461130712563263,3.9833333333333334,2025-10-03 04:01:00+00:00,2025-10-02,-0.007571866292281015,0.025396693671992307,0.00799773158442357,3.9833333333333334,2025-10-03 04:01:00+00:00,2025-10-02,0.02065687059088228,-0.006592771856492886,0.03669991928037144,3.9833333333333334
2025-10-04 08:00:00+00:00,0.0006549506062913935,0.022184927172607068,0.11156065485122252,0.006061642079034162,2025-10-05 08:00:00+00:00,0.01953458386934126,2025-10-04 04:01:00+00:00,2025-10-03,-0.004317395951380476,0.011429360651105384,0.004608499096037703,3.9833333333333334,2025-10-04 04:01:00+00:00,2025-10-03,-0.0013294193666384402,-0.0043906773874824384,0.003621047035445065,3.9833333333333334,2025-10-04 04:01:00+00:00,2025-10-03,0.010492523852748903,0.0258892920137954,0.007869768495509428,3.9833333333333334,2025-10-04 04:01:00+00:00,2025-10-03,0.0012019232216164966,0.08521119648548196,0.03659915828964531,3.9833333333333334
2025-10-07 08:00:00+00:00,-0.005336755063082066,0.0022465947268078264,0.0840438461647026,0.006242544030339818,2025-10-08 08:00:00+00:00,-0.016746045864734604,2025-10-07 04:01:00+00:00,2025-10-06,0.007758286040800755,0.014810176036316808,0.004741397433054938,3.9833333333333334,2025-10-07 04:01:00+00:00,2025-10-06,0.003983045515008499,0.0020405776276018572,0.0036417153572110648,3.9833333333333334,2025-10-07 04:01:00+00:00,2025-10-06,0.017095771433739415,0.030928877265538647,0.008426415569505168,3.9833333333333334,2025-10-07 04:01:00+00:00,2025-10-06,-0.016959825043409094,0.015389654304561256,0.03686616721786258,3.9833333333333334
2025-10-08 08:00:00+00:00,0.0018299247310711309,-0.016887683082493533,0.05979724064207757,0.007000196209416938,2025-10-09 08:00:00+00:00,0.002541509025095534,2025-10-08 04:01:00+00:00,2025-10-07,-0.005553343660444909,0.006471731804989608,0.005065194479025373,3.9833333333333334,2025-10-08 04:01:00+00:00,2025-10-07,0.00477911545513976,0.008250672668960636,0.0037115034938499498,3.9833333333333334,2025-10-08 04:01:00+00:00,2025-10-07,0.007041981231953542,0.03331270602737837,0.008430803659161788,3.9833333333333334,2025-10-08 04:01:00+00:00,2025-10-07,0.051781873852503324,0.05729490466115263,0.03830064613955202,3.9833333333333334
2025-10-09 08:00:00+00:00,-0.0010814773339404837,0.0025382846442391868,0.028424532913228936,0.00684893264751065,2025-10-10 08:00:00+00:00,-0.007990084826771104,2025-10-09 04:01:00+00:00,2025-10-08,0.011861177686583346,0.013447408050546061,0.005497845174099672,3.9833333333333334,2025-10-09 04:01:00+00:00,2025-10-08,0.002735114328785926,0.011599635593910295,0.003745275991568913,3.9833333333333334,2025-10-09 04:01:00+00:00,2025-10-08,0.016372109855939954,0.04343052008210094,0.008787706676610668,3.9833333333333334,2025-10-09 04:01:00+00:00,2025-10-08,-0.05606715742282997,0.0006136851987629978,0.040620646685707966,3.9833333333333334
2025-10-10 08:00:00+00:00,-0.0007766635649417708,-0.008022258643265022,0.010739828583173985,0.007032621137311685,2025-10-11 08:00:00+00:00,-0.08721798729121022,2025-10-10 04:01:00+00:00,2025-10-09,-0.0015303917413493906,0.008218332374209774,0.005512992295300086,3.9833333333333334,2025-10-10 04:01:00+00:00,2025-10-09,0.006956048447671392,0.01712390437996661,0.003934905806707295,3.9833333333333334,2025-10-10 04:01:00+00:00,2025-10-09,-0.02434502527272464,0.02665736110165692,0.010886194523889867,3.9833333333333334,2025-10-10 04:01:00+00:00,2025-10-09,0.007943824236460006,-0.012099361155659568,0.03918173528472094,3.9833333333333334
2025-10-11 08:00:00+00:00,-0.017203228839891338,-0.09125809565748247,-0.10270319424691551,0.009632082046259562,2025-10-12 08:00:00+00:00,0.010332872520260938,2025-10-11 04:01:00+00:00,2025-10-10,-0.03554473442346051,-0.02300900609786993,0.010062355099385448,3.9833333333333334,2025-10-11 04:01:00+00:00,2025-10-10,-0.005641739188980033,0.012811584557626253,0.004205348942998022,3.9833333333333334,2025-10-11 04:01:00+00:00,2025-10-10,0.006973514949432769,0.023138352198339946,0.010906893527565518,3.9833333333333334,2025-10-11 04:01:00+00:00,2025-10-10,0.2763583095236677,0.26305702514639173,0.07210641968913555,3.9833333333333334
2025-10-14 08:00:00+00:00,-0.015767622939337755,-0.032366280469071716,-0.10156526070857638,0.010738131020070376,2025-10-15 08:00:00+00:00,0.007698228166969079,2025-10-14 04:01:00+00:00,2025-10-13,0.021585003299744443,-0.0091822888389272,0.011012815971842156,3.9833333333333334,2025-10-14 04:01:00+00:00,2025-10-13,0.002925533346425091,0.011754072389041964,0.004157988719649093,3.9833333333333334,2025-10-14 04:01:00+00:00,2025-10-13,0.03260920382099286,0.03865178458559409,0.012614037789414355,3.9833333333333334,2025-10-14 04:01:00+00:00,2025-10-13,-0.1294505602647864,0.15056628992501456,0.07857425486782584,3.9833333333333334
2025-10-15 08:00:00+00:00,0.004988328031695133,0.007668836830685562,-0.07700874079539732,0.010671583602296598,2025-10-16 08:00:00+00:00,-0.017766923312438454,2025-10-15 04:01:00+00:00,2025-10-14,-0.006930138272737807,-0.010559083451220898,0.011147970094563144,3.9833333333333334,2025-10-15 04:01:00+00:00,2025-10-14,-0.0022185728306007846,0.004756384103301651,0.0038055476744115317,3.9833333333333334,2025-10-15 04:01:00+00:00,2025-10-14,0.007328489165935537,0.03893829251957676,0.012591798514474412,3.9833333333333334,2025-10-15 04:01:00+00:00,2025-10-14,0.08941695909748493,0.18820137516999602,0.0803018081607311,3.9833333333333334
2025-10-16 08:00:00+00:00,-0.0067168711908571765,-0.017926829072483018,-0.09747385451211951,0.010444214963307753,2025-10-17 08:00:00+00:00,-0.04476642732267122,2025-10-16 04:01:00+00:00,2025-10-15,0.006732519733329667,-0.015687741404473612,0.011209363558852695,3.9833333333333334,2025-10-16 04:01:00+00:00,2025-10-15,-0.0026284096310433824,-0.0006071398565275244,0.0038882341285377824,3.9833333333333334,2025-10-16 04:01:00+00:00,2025-10-15,0.00913340367344162,0.03169958633707803,0.012486859336696805,3.9833333333333334,2025-10-16 04:01:00+00:00,2025-10-15,-0.008202699792180912,0.23606583280064536,0.07953187159885428,3.9833333333333334
2025-10-17 08:00:00+00:00,-0.03299011447633582,-0.04579929925736226,-0.13525089512621674,0.01198692312601596,2025-10-18 08:00:00+00:00,0.009762599547966433,2025-10-17 04:01:00+00:00,2025-10-16,-0.0035673925977270926,-0.017724742260851994,0.011071877657852855,3.9833333333333334,2025-10-17 04:01:00+00:00,2025-10-16,-0.0040572276495076665,-0.01162041595370657,0.003926244345275156,3.9833333333333334,2025-10-17 04:01:00+00:00,2025-10-16,0.024218812665456113,0.08026342427525775,0.012454385570299315,3.9833333333333334,2025-10-17 04:01:00+00:00,2025-10-16,0.2039686339436706,0.43209064250785595,0.09005488240707185,3.9833333333333334
2025-10-18 08:00:00+00:00,-0.0037934800333356833,0.009715159520629537,-0.03427763994810486,0.010046187632215868,2025-10-19 08:00:00+00:00,0.0011342988670792753,2025-10-18 04:01:00+00:00,2025-10-17,0.006496571367740955,0.024316563530350336,0.01105721673120996,3.9833333333333334,2025-10-18 04:01:00+00:00,2025-10-17,0.00040647206727051355,-0.00557220469745653,0.0038839014070517464,3.9833333333333334,2025-10-18 04:01:00+00:00,2025-10-17,-0.021438098763709945,0.05185181056211634,0.014074439505842154,3.9833333333333334,2025-10-18 04:01:00+00:00,2025-10-17,-0.19720858888595139,-0.04147625590176316,0.10252891235446235,3.9833333333333334
2025-10-21 08:00:00+00:00,-0.008960407706920748,-0.02812921188765025,-0.0331045842431089,0.009104591881091166,2025-10-22 08:00:00+00:00,0.0021765924624359556,2025-10-21 04:01:00+00:00,2025-10-20,0.01293360628219098,0.015665166512796765,0.011359809126876761,3.9833333333333334,2025-10-21 04:01:00+00:00,2025-10-20,0.0016241607005591518,-0.006873577343322397,0.003798265390690073,3.9833333333333334,2025-10-21 04:01:00+00:00,2025-10-20,0.034088268540250155,0.05333087528137432,0.015166825236802253,3.9833333333333334,2025-10-21 04:01:00+00:00,2025-10-20,-0.13092239698050978,-0.04294809261748653,0.1073101718408579,3.9833333333333334
2025-10-22 08:00:00+00:00,0.0009754424542247619,0.0021742273176410423,-0.03859919375615345,0.01228897118970139,2025-10-23 08:00:00+00:00,0.008754114136381164,2025-10-22 04:01:00+00:00,2025-10-21,-0.0005525833801520719,0.02204272140538289,0.011205671187708374,3.9833333333333334,2025-10-22 04:01:00+00:00,2025-10-21,0.0034427329777821924,-0.0012122715349390436,0.0038335400254632082,3.9833333333333334,2025-10-22 04:01:00+00:00,2025-10-21,-0.05913036061837218,-0.013127974502934616,0.021168080424514204,3.9833333333333334,2025-10-22 04:01:00+00:00,2025-10-21,-0.01994525951923487,-0.1523103112342063,0.10726775652015129,3.9833333333333334
2025-10-23 08:00:00+00:00,0.008196221118151215,0.008716111361309987,-0.011956253322360479,0.012345670690686282,2025-10-24 08:00:00+00:00,0.016333043225993604,2025-10-23 04:01:00+00:00,2025-10-22,-0.009923706444510572,0.005386495227542639,0.01144131437310954,3.9833333333333334,2025-10-23 04:01:00+00:00,2025-10-22,-0.00030327836272725506,0.001112859733377246,0.0036218455225876726,3.9833333333333334,2025-10-23 04:01:00+00:00,2025-10-22,-0.010691935071186265,-0.032953313247563315,0.02109681710565476,3.9833333333333334,2025-10-23 04:01:00+00:00,2025-10-22,0.04003825154781904,-0.10406935989420638,0.10729229840802047,3.9833333333333334
2025-10-24 08:00:00+00:00,0.005536455488407199,0.01620109389289705,0.05004413982789902,0.010322582300592872,2025-10-25 08:00:00+00:00,0.003916811737936898,2025-10-24 04:01:00+00:00,2025-10-23,0.008740193126394402,0.017694080951663048,0.011507921898618281,3.9833333333333334,2025-10-24 04:01:00+00:00,2025-10-23,0.00040437641801727153,0.0055744638009022325,0.003294013053914228,3.9833333333333334,2025-10-24 04:01:00+00:00,2025-10-23,0.019535439260899068,-0.03763668665211764,0.021370871462768514,3.9833333333333334,2025-10-24 04:01:00+00:00,2025-10-23,-0.07245507921542238,-0.3804930730532993,0.10851398550270479,3.9833333333333334
2025-10-25 08:00:00+00:00,0.004130968006903046,0.003909250696464977,0.04423823100373429,0.010301077578529702,2025-10-26 08:00:00+00:00,0.0021023487484346237,2025-10-25 04:01:00+00:00,2025-10-24,0.01033591810513279,0.02153342768905425,0.011664963942147492,3.9833333333333334,2025-10-25 04:01:00+00:00,2025-10-24,0.00010101073197521515,0.005269002465606871,0.003138166456342017,3.9833333333333334,2025-10-25 04:01:00+00:00,2025-10-24,-0.0018833559568207647,-0.01808194384522956,0.021381950757298266,3.9833333333333334,2025-10-25 04:01:00+00:00,2025-10-24,-0.05525611012068987,-0.23854059428803773,0.10721256529162515,3.9833333333333334
2025-10-28 08:00:00+00:00,0.0024562411588497923,-0.011893692377419786,0.05491882341780734,0.009875288887980723,2025-10-29 08:00:00+00:00,-0.005346253270254064,2025-10-28 04:01:00+00:00,2025-10-27,0.01810886696273073,0.026708688369595925,0.012220861311767979,3.9833333333333334,2025-10-28 04:01:00+00:00,2025-10-27,-0.0017194984524788737,0.0019253433125688885,0.0031073642029167594,3.9833333333333334,2025-10-28 04:01:00+00:00,2025-10-27,-0.02895693759215945,-0.081127149977641,0.02251922663359724,3.9833333333333334,2025-10-28 04:01:00+00:00,2025-10-27,-0.036073563115492924,-0.143691760423021,0.10689754343835162,3.9833333333333334
2025-10-29 08:00:00+00:00,0.009326945258941066,-0.00536050804908875,0.04738408805107781,0.005181174797983801,2025-10-30 08:00:00+00:00,-0.01946840010248463,2025-10-29 04:01:00+00:00,2025-10-28,0.00735430672039783,0.034615578470144445,0.012271043680624214,3.9833333333333334,2025-10-29 04:01:00+00:00,2025-10-28,-0.0009114938326346689,-0.0024288834978485724,0.0030930193045890677,3.9833333333333334,2025-10-29 04:01:00+00:00,2025-10-28,-0.009146825727851748,-0.03114361508711857,0.022647546882386932,3.9833333333333334,2025-10-29 04:01:00+00:00,2025-10-28,0.03912327575673169,-0.08462322514705452,0.10725410537096715,3.9833333333333334
2025-10-30 08:00:00+00:00,0.005539857618165556,-0.019660405514711068,0.0190075711750566,0.005556404539166011,2025-10-31 08:00:00+00:00,-0.017216992652742125,2025-10-30 04:01:00+00:00,2025-10-29,0.004131795134183491,0.048671080048839514,0.012264903406379183,3.9833333333333334,2025-10-30 04:01:00+00:00,2025-10-29,0.005355970253849485,0.0032303651187283624,0.0032662951544484373,3.9833333333333334,2025-10-30 04:01:00+00:00,2025-10-29,0.0044088984988039925,-0.016042781517128873,0.022630477149228178,3.9833333333333334,2025-10-30 04:01:00+00:00,2025-10-29,0.029996250153795145,-0.09466522654107835,0.10745782339031629,3.9833333333333334
2025-10-31 08:00:00+00:00,0.002025360724218217,-0.01736701989253511,-0.014560542610375562,0.007353790590778456,2025-11-01 08:00:00+00:00,0.005683726495514074,2025-10-31 04:01:00+00:00,2025-10-30,-0.01485097532441415,0.02507991159803049,0.012863483988722328,3.9833333333333334,2025-10-31 04:01:00+00:00,2025-10-30,0.0031194748173994924,0.0059454635181106445,0.0033059397018937705,3.9833333333333334,2025-10-31 04:01:00+00:00,2025-10-30,0.0037921237593181445,-0.03178609701870985,0.02253829815313341,3.9833333333333334,2025-10-31 04:01:00+00:00,2025-10-30,-0.0005911912675884423,-0.022801338593244406,0.107367589731696,3.9833333333333334
2025-11-01 08:00:00+00:00,-0.0014069141558934462,0.005667726432632027,-0.012802066874208465,0.00733773686547355,2025-11-02 08:00:00+00:00,0.007487231015504525,2025-11-01 04:01:00+00:00,2025-10-31,0.0047805201252604235,0.019524513618158806,0.012801569557840255,3.9833333333333334,2025-11-01 04:01:00+00:00,2025-10-31,0.002709119902856827,0.008553572688991772,0.00328903297629424,3.9833333333333334,2025-11-01 04:01:00+00:00,2025-10-31,-0.004842479279663081,-0.03474522034155247,0.022490494388838694,3.9833333333333334,2025-11-01 04:01:00+00:00,2025-10-31,0.030861255570344692,0.06331602709779005,0.10757754951820192,3.9833333333333334
2025-11-04 08:00:00+00:00,-0.025213489452148963,-0.028097005371135637,-0.08875118952299857,0.00934205786968617,2025-11-05 08:00:00+00:00,-0.02390355584653292,2025-11-04 05:01:00+00:00,2025-11-03,0.004430114247162109,0.005845760902589982,0.012745906503061118,2.9833333333333334,2025-11-04 05:01:00+00:00,2025-11-03,0.0007011538604624334,0.01097422500193299,0.0032162232707814817,2.9833333333333334,2025-11-04 05:01:00+00:00,2025-11-03,0.004369272290210446,-0.0014190104591822808,0.022192408739878326,2.9833333333333334,2025-11-04 05:01:00+00:00,2025-11-03,-0.01560274357144964,0.08378684664183365,0.10756517754614445,2.9833333333333334
2025-11-05 08:00:00+00:00,-0.001342132019818365,-0.024193884063632192,-0.10758456553754213,0.010185508311343693,2025-11-06 08:00:00+00:00,0.011684327840833841,2025-11-05 05:01:00+00:00,2025-11-04,-0.02090153744514467,-0.022410083262952928,0.01365144305872837,2.9833333333333334,2025-11-05 05:01:00+00:00,2025-11-04,0.0034984139551976767,0.015384132789765869,0.0031466924293699493,2.9833333333333334,2025-11-05 05:01:00+00:00,2025-11-04,-0.013417970451950367,-0.005690155183280974,0.022344652121695424,2.9833333333333334,2025-11-05 05:01:00+00:00,2025-11-04,0.10127530425705622,0.14593887514215823,0.10931648317768432,2.9833333333333334
2025-11-06 08:00:00+00:00,-0.004356903812544388,0.01162376590400852,-0.0763003941188224,0.01023225124335184,2025-11-07 08:00:00+00:00,-0.011385015712108593,2025-11-06 05:01:00+00:00,2025-11-05,0.00722077167012003,-0.019321106727016656,0.013499013828955795,2.9833333333333334,2025-11-06 05:01:00+00:00,2025-11-05,-0.00019962351771418696,0.009828539018202041,0.003121253852906467,2.9833333333333334,2025-11-06 05:01:00+00:00,2025-11-05,0.008147479561113613,-0.0019515741209705474,0.022091047154549015,2.9833333333333334,2025-11-06 05:01:00+00:00,2025-11-05,-0.05351181997857557,0.06243080500978739,0.10924299304165393,2.9833333333333334
2025-11-07 08:00:00+00:00,0.0009190576320108335,-0.011457297779769832,-0.07039067200605727,0.009226533617967662,2025-11-08 08:00:00+00:00,0.0033621216902384177,2025-11-07 05:01:00+00:00,2025-11-06,-0.01931053401241911,-0.023780665415019886,0.014236463510829068,2.9833333333333334,2025-11-07 05:01:00+00:00,2025-11-06,-0.004701590120104626,0.002007474080697615,0.0029721403583037142,2.9833333333333334,2025-11-07 05:01:00+00:00,2025-11-06,-0.0004759334167143692,-0.006219631297003691,0.02139512478670155,2.9833333333333334,2025-11-07 05:01:00+00:00,2025-11-06,0.07948730638183621,0.14250930265921227,0.11050888762343473,2.9833333333333334
2025-11-08 08:00:00+00:00,-0.002340132884290469,0.003356384365960259,-0.0727020140727289,0.010266922944637434,2025-11-09 08:00:00+00:00,-0.003989723404188794,2025-11-08 05:01:00+00:00,2025-11-07,-0.002798516513022875,-0.03135970205330525,0.011556485185484218,2.9833333333333334,2025-11-08 05:01:00+00:00,2025-11-07,-0.001304418803511176,-0.0020060646256701464,0.0026748664219171043,2.9833333333333334,2025-11-08 05:01:00+00:00,2025-11-07,0.0046995508735427904,0.003322398856202748,0.021363426754348887,2.9833333333333334,2025-11-08 05:01:00+00:00,2025-11-07,-0.02177379954956038,0.08987424753930674,0.09084262969063037,2.9833333333333334
2025-11-11 08:00:00+00:00,-0.01583085663459549,-0.01588205018403278,0.0028026339730234553,0.00922060698633285,2025-11-12 08:00:00+00:00,-0.015950337451360763,2025-11-11 05:01:00+00:00,2025-11-10,0.021785459806316965,-0.01400435649415058,0.011574710819469043,2.9833333333333334,2025-11-11 05:01:00+00:00,2025-11-10,0.00020082594524239994,-0.002506392540889723,0.0026031870339062336,2.9833333333333334,2025-11-11 05:01:00+00:00,2025-11-10,0.02759710552812855,0.026550232094120964,0.020988323089965417,2.9833333333333334,2025-11-11 05:01:00+00:00,2025-11-10,-0.08074176397603416,0.024735227134721868,0.08797613269387335,2.9833333333333334
2025-11-12 08:00:00+00:00,-0.0019119999724708236,-0.016078720717961563,0.010917797318694016,0.008347250771657716,2025-11-13 08:00:00+00:00,0.0035205185784674686,2025-11-12 05:01:00+00:00,2025-11-11,-0.0030599162556494974,0.003837264695345957,0.011454371621531574,2.9833333333333334,2025-11-12 05:01:00+00:00,2025-11-11,-0.0016074311341141012,-0.0076122376302011855,0.0025770553303545727,2.9833333333333334,2025-11-12 05:01:00+00:00,2025-11-11,-0.0013838283037248544,0.03858437424234556,0.02091558917617834,2.9833333333333334,2025-11-12 05:01:00+00:00,2025-11-11,-0.018349138668196652,-0.09488921579053089,0.08521643511242472,2.9833333333333334
2025-11-13 08:00:00+00:00,0.013087848175940664,0.003514239077830643,0.00280827049251618,0.009799521365891373,2025-11-14 08:00:00+00:00,-0.06111282595346579,2025-11-13 05:01:00+00:00,2025-11-12,-0.0006331007686402046,-0.004016607743413905,0.011409284428385826,2.9833333333333334,2025-11-13 05:01:00+00:00,2025-11-12,0.00020110859840016815,-0.007211505514086963,0.0024894077471383862,2.9833333333333334,2025-11-13 05:01:00+00:00,2025-11-12,0.023362758198940625,0.05379965288017186,0.0214969281606289,2.9833333333333334,2025-11-13 05:01:00+00:00,2025-11-12,0.013222382921850961,-0.028155012890104202,0.08536541534824045,2.9833333333333334
2025-11-14 08:00:00+00:00,-0.020250182320232568,-0.06305985949660228,-0.04879429122431627,0.01126473504997847,2025-11-15 08:00:00+00:00,-0.008420827699119338,2025-11-14 05:01:00+00:00,2025-11-13,-0.020743604085563305,-0.005449677816560193,0.012415712547656919,2.9833333333333334,2025-11-14 05:01:00+00:00,2025-11-13,-0.003020268542035076,-0.00553018393601756,0.0024020964421017947,2.9833333333333334,2025-11-14 05:01:00+00:00,2025-11-13,-0.004543269059270827,0.049732317237615446,0.02075061308638704,2.9833333333333334,2025-11-14 05:01:00+00:00,2025-11-13,0.1329601272562302,0.025317807984289786,0.07715777161130527,2.9833333333333334
2025-11-15 08:00:00+00:00,-0.0008639126522567153,-0.008456689912705736,-0.06060736550298229,0.01102127584483151,2025-11-16 08:00:00+00:00,-0.002427910349703577,2025-11-15 05:01:00+00:00,2025-11-14,0.0005911517791989951,-0.00206000952433563,0.012340022302968157,2.9833333333333334,2025-11-15 05:01:00+00:00,2025-11-14,0.0009069926474589707,-0.00331877248504736,0.0024047747669128654,2.9833333333333334,2025-11-15 05:01:00+00:00,2025-11-14,-0.024202817205997817,0.020829949158074405,0.02090052833877058,2.9833333333333334,2025-11-15 05:01:00+00:00,2025-11-14,-0.008536331022286348,0.03855527651156408,0.06364271479634136,2.9833333333333334
2025-11-18 08:00:00+00:00,-0.0036461161195084912,-0.055251566215609095,-0.14641735418077553,0.011234507356497565,2025-11-19 08:00:00+00:00,0.014932147193579492,2025-11-18 05:01:00+00:00,2025-11-17,-0.008364955724893264,-0.032210425055547255,0.012116817510141709,2.9833333333333334,2025-11-18 05:01:00+00:00,2025-11-17,0.0032183443862532357,-0.00030125404403653287,0.00247209657346968,2.9833333333333334,2025-11-18 05:01:00+00:00,2025-11-17,-0.004823286320077003,-0.011590442690129826,0.019158315533395184,2.9833333333333334,2025-11-18 05:01:00+00:00,2025-11-17,0.12097176035207458,0.240268800839673,0.06175384370259963,2.9833333333333334
2025-11-19 08:00:00+00:00,-0.00011842939988859769,0.014821760203599394,-0.11551687325921446,0.01159263274528776,2025-11-20 08:00:00+00:00,0.00496975734904459,2025-11-19 05:01:00+00:00,2025-11-18,-0.012040799992327322,-0.04119130879222545,0.012379761368553831,2.9833333333333334,2025-11-19 05:01:00+00:00,2025-11-18,-0.00040166000595664997,0.0009045170841204662,0.002379337056552754,2.9833333333333334,2025-11-19 05:01:00+00:00,2025-11-18,-0.0019653611534451443,-0.012171975539850048,0.01396274884954095,2.9833333333333334,2025-11-19 05:01:00+00:00,2025-11-18,0.0982306004733089,0.35684853998117855,0.06431280113481387,2.9833333333333334
2025-11-20 08:00:00+00:00,-0.0013004946071557555,0.004957448868254658,-0.1140736634687903,0.011626936164423198,2025-11-21 08:00:00+00:00,-0.08958821354117796,2025-11-20 05:01:00+00:00,2025-11-19,0.005592599098452666,-0.034965608925133056,0.012293969476625814,2.9833333333333334,2025-11-20 05:01:00+00:00,2025-11-19,0.0068075173633452835,0.007510925849065656,0.002780035078997052,2.9833333333333334,2025-11-20 05:01:00+00:00,2025-11-19,0.004000360881983411,-0.03153437285680636,0.013784836013388063,2.9833333333333334,2025-11-20 05:01:00+00:00,2025-11-19,-0.04261244480684745,0.3010137122524802,0.0653451095759558,2.9833333333333334
2025-11-21 08:00:00+00:00,-0.020863091273936263,-0.093858150254406,-0.14487195422659396,0.012099368190756738,2025-11-22 08:00:00+00:00,0.006313907372071048,2025-11-21 05:01:00+00:00,2025-11-20,-0.024075087036903753,-0.03829709187647201,0.013157867882968821,2.9833333333333334,2025-11-21 05:01:00+00:00,2025-11-20,-0.0006986346146966582,0.009832559776404447,0.0027964308273058865,2.9833333333333334,2025-11-21 05:01:00+00:00,2025-11-20,-0.005600065893034412,-0.032591169690570965,0.01305713200659777,2.9833333333333334,2025-11-21 05:01:00+00:00,2025-11-20,0.11033544054393873,0.2783890255401884,0.06568860035422724,2.9833333333333334
2025-11-22 08:00:00+00:00,0.0016517523845980264,0.006293939188135663,-0.13012132512575253,0.012332235740894659,2025-11-23 08:00:00+00:00,0.01421280618623344,2025-11-22 05:01:00+00:00,2025-11-21,0.007669298383694567,-0.031218945271977976,0.013037945649730034,2.9833333333333334,2025-11-22 05:01:00+00:00,2025-11-21,0.000199627061364005,0.009125194190309507,0.002795567790931438,2.9833333333333334,2025-11-22 05:01:00+00:00,2025-11-21,0.004791458273077254,-0.003596894211496022,0.013119682550015816,2.9833333333333334,2025-11-22 05:01:00+00:00,2025-11-21,-0.12010404657447493,0.16682130998799968,0.07104190433414047,2.9833333333333334
2025-11-25 08:00:00+00:00,-0.004991936199393976,0.0038343225417914665,-0.03516207449631308,0.012259502130186716,2025-11-26 08:00:00+00:00,0.006296746539816267,2025-11-25 05:01:00+00:00,2025-11-24,0.025830600453954133,0.002976610906870866,0.013766695216211699,2.9833333333333334,2025-11-25 05:01:00+00:00,2025-11-24,-0.00039937016892910293,0.005507479635126844,0.0027527363769589116,2.9833333333333334,2025-11-25 05:01:00+00:00,2025-11-24,0.0035968942114958935,0.004823286320076486,0.011327735585422433,2.9833333333333334,2025-11-25 05:01:00+00:00,2025-11-24,-0.1326172322171355,-0.08676768258121033,0.07785743436062015,2.9833333333333334
2025-11-26 08:00:00+00:00,0.009312913439336157,0.006277004860218046,-0.04370682983969456,0.011881608294658896,2025-11-27 08:00:00+00:00,0.039498357026009456,2025-11-26 05:01:00+00:00,2025-11-25,0.005792895230884554,0.020810306130082647,0.013715967375850851,2.9833333333333334,2025-11-26 05:01:00+00:00,2025-11-25,-0.004804771207528091,0.001104368433555425,0.002998196024780891,2.9833333333333334,2025-11-26 05:01:00+00:00,2025-11-25,0.011124461739008495,0.017913109212530077,0.01128658011948137,2.9833333333333334,2025-11-26 05:01:00+00:00,2025-11-25,-0.10039129294451454,-0.2853895759990337,0.08156495381658636,2.9833333333333334
2025-11-27 08:00:00+00:00,0.0034702496776155556,0.03873824777212206,-0.009926030935827208,0.011846746311707753,2025-11-28 08:00:00+00:00,-0.005442282400052401,2025-11-27 05:01:00+00:00,2025-11-26,0.008698842173746613,0.023916549205376794,0.013859773450045628,2.9833333333333334,2025-11-27 05:01:00+00:00,2025-11-26,-0.0006022803288043832,-0.006305429258594873,0.0027770045354490185,2.9833333333333334,2025-11-27 05:01:00+00:00,2025-11-26,0.0060685527278856455,0.019981301058432103,0.011311824312012738,2.9833333333333334,2025-11-27 05:01:00+00:00,2025-11-26,-0.07668090796329619,-0.3194580391554828,0.0833894052114073,2.9833333333333334
2025-11-29 08:00:00+00:00,-0.0012423867625095397,-0.0037822698941602124,0.06839876466646329,0.008480063772657802,2025-11-30 08:00:00+00:00,0.00442210828898526,2025-11-29 05:01:00+00:00,2025-11-28,0.007813105567988643,0.055804741810269023,0.0136546072179012,2.9833333333333334,2025-11-29 05:01:00+00:00,2025-11-28,-0.0014066051888717013,-0.007013399832769266,0.0027094045016867155,2.9833333333333334,2025-11-29 05:01:00+00:00,2025-11-28,0.021306896469946324,0.04688826342141343,0.012106717358213248,2.9833333333333334,2025-11-29 05:01:00+00:00,2025-11-28,-0.05126271288018547,-0.35978935517644184,0.08385538524890464,2.9833333333333334
2025-12-02 08:00:00+00:00,0.00040990946931351857,0.005327762562827562,-0.004267958546211341,0.010777034105836917,2025-12-03 08:00:00+00:00,0.06881023262827113,2025-12-02 05:01:00+00:00,2025-12-01,-0.003625254530980726,0.04451018889559292,0.013610019685150103,2.9833333333333334,2025-12-02 05:01:00+00:00,2025-12-01,-0.0005027950191180963,-0.007715821913251583,0.002632271986280352,2.9833333333333334,2025-12-02 05:01:00+00:00,2025-12-01,0.0046660349442770865,0.04676284009261363,0.011973023783319152,2.9833333333333334,2025-12-02 05:01:00+00:00,2025-12-01,0.05300436789228424,-0.17416775506702187,0.08472128852036741,2.9833333333333334
2025-12-03 08:00:00+00:00,0.003998089675700811,0.06654587524282392,0.056000911836394475,0.012587474914252002,2025-12-04 08:00:00+00:00,0.004276021505376315,2025-12-03 05:01:00+00:00,2025-12-02,0.008369996545683378,0.027049584987322794,0.013720912307664314,2.9833333333333334,2025-12-03 05:01:00+00:00,2025-12-02,-0.0005031247344957634,-0.007819576478817671,0.0026244371100969583,2.9833333333333334,2025-12-03 05:01:00+00:00,2025-12-02,-0.01271263471228501,0.030453311168832743,0.012495548931796038,2.9833333333333334,2025-12-03 05:01:00+00:00,2025-12-02,-0.03843216103319369,-0.11220862315570132,0.08165315414125111,2.9833333333333334
2025-12-04 08:00:00+00:00,-0.0015552527782940473,0.004267012830450669,0.02152967689472303,0.011433249887070774,2025-12-05 08:00:00+00:00,-0.012195486247140841,2025-12-04 05:01:00+00:00,2025-12-03,0.001981130893927485,0.02323782065036542,0.012885975335741269,2.9833333333333334,2025-12-04 05:01:00+00:00,2025-12-03,-0.005146090147678528,-0.008160895418968854,0.0026847222682162834,2.9833333333333334,2025-12-04 05:01:00+00:00,2025-12-03,0.0027681977581064388,0.0220970471879303,0.011920446927095334,2.9833333333333334,2025-12-04 05:01:00+00:00,2025-12-03,-0.031223840451533036,-0.06675155564393775,0.08113225113923038,2.9833333333333334
2025-12-05 08:00:00+00:00,0.0012570405133747187,-0.012270352994357874,0.014716469470184887,0.01150945804760789,2025-12-06 08:00:00+00:00,-0.028848246624923135,2025-12-05 05:01:00+00:00,2025-12-04,-0.000970529423703681,0.013568449052914218,0.01278537339586859,2.9833333333333334,2025-12-05 05:01:00+00:00,2025-12-04,0.0014152791711312673,-0.006143335919032848,0.00272418506960017,2.9833333333333334,2025-12-05 05:01:00+00:00,2025-12-04,0.0024777311950341385,0.01850622565507935,0.01186692526036827,2.9833333333333334,2025-12-05 05:01:00+00:00,2025-12-04,-0.018832948333091792,-0.08674729480571997,0.07864143707360272,2.9833333333333334
2025-12-06 08:00:00+00:00,-0.001017595043073527,-0.02927275724458798,-0.01077401788024289,0.011495615496480026,2025-12-07 08:00:00+00:00,-0.0024265283467753695,2025-12-06 05:01:00+00:00,2025-12-05,0.004304414359495468,0.01005975784442145,0.011980539764470012,2.9833333333333334,2025-12-06 05:01:00+00:00,2025-12-05,0.0,-0.0047367307301618014,0.002549555465924378,2.9833333333333334,2025-12-06 05:01:00+00:00,2025-12-05,0.0,-0.002800670814866973,0.011859983847134725,2.9833333333333334,2025-12-06 05:01:00+00:00,2025-12-05,-0.02372666608570384,-0.05921124801123806,0.07865727321968913,2.9833333333333334
2025-12-09 08:00:00+00:00,0.0010148047482481104,-0.011739635369200528,0.03926098058116555,0.009586974126084861,2025-12-10 08:00:00+00:00,0.025261777212011838,2025-12-09 05:01:00+00:00,2025-12-08,-0.0024981136335107124,0.01118689874189317,0.011975574417370924,2.9833333333333334,2025-12-09 05:01:00+00:00,2025-12-08,0.0010096777619503783,-0.0032242579490924287,0.002557528611635665,2.9833333333333334,2025-12-09 05:01:00+00:00,2025-12-08,-0.005980564140532607,-0.013447269899676498,0.012021682702785695,2.9833333333333334,2025-12-09 05:01:00+00:00,2025-12-08,0.07799398740667218,-0.034221628496850356,0.07922231229444625,2.9833333333333334
2025-12-10 08:00:00+00:00,0.004020556241911777,0.024947972385246396,-0.0023369222764119436,0.00826781055655107,2025-12-11 08:00:00+00:00,-0.02705401242534866,2025-12-10 05:01:00+00:00,2025-12-09,0.0015884176427807262,0.004405319838989239,0.01094885731443034,2.9833333333333334,2025-12-10 05:01:00+00:00,2025-12-09,0.0013111280624960031,-0.001410005152100946,0.002579934492598352,2.9833333333333334,2025-12-10 05:01:00+00:00,2025-12-09,0.004376685003695258,0.003642049816303148,0.010497789291119596,2.9833333333333334,2025-12-10 05:01:00+00:00,2025-12-09,0.016076559406347446,0.020287091942690922,0.07923940595413027,2.9833333333333334
2025-12-11 08:00:00+00:00,0.0043600844325268895,-0.027426820340849815,-0.0340307554477125,0.00920722966907067,2025-12-12 08:00:00+00:00,0.02384517765935157,2025-12-11 05:01:00+00:00,2025-12-10,0.004188935273361949,0.0066131242184231795,0.01095833932985387,2.9833333333333334,2025-12-11 05:01:00+00:00,2025-12-10,-0.004343224852105365,-0.0006071398565275244,0.002726767986768366,2.9833333333333334,2025-12-11 05:01:00+00:00,2025-12-10,-0.002718388481319778,-0.0018445364231231792,0.010520408076917145,2.9833333333333334,2025-12-11 05:01:00+00:00,2025-12-10,-0.07097779517009695,-0.019466862775873194,0.08066663791586637,2.9833333333333334
2025-12-12 08:00:00+00:00,0.0015369064608350413,0.023565540465194264,0.0018051380118395822,0.009670101143696262,2025-12-13 08:00:00+00:00,-0.022670733228650652,2025-12-12 05:01:00+00:00,2025-12-11,-0.003487937593256163,0.004095716048871606,0.01099205387128766,2.9833333333333334,2025-12-12 05:01:00+00:00,2025-12-11,-0.004463865003506484,-0.0064862840311653205,0.00287378744284419,2.9833333333333334,2025-12-12 05:01:00+00:00,2025-12-11,0.020685419063674715,0.016363151445518337,0.010238137680364483,2.9833333333333334,2025-12-12 05:01:00+00:00,2025-12-11,-0.06010953572623867,-0.06074345016901957,0.07458138225093218,2.9833333333333334
2025-12-13 08:00:00+00:00,-0.00017235318764186047,-0.022931884428180217,0.008146010828247357,0.010213463832093789,2025-12-14 08:00:00+00:00,-0.0009341306175423281,2025-12-13 05:01:00+00:00,2025-12-12,-0.019258694825943223,-0.019467393136566688,0.010846263977002803,2.9833333333333334,2025-12-13 05:01:00+00:00,2025-12-12,0.0005082902448219073,-0.005977993786343179,0.0028233919569049843,2.9833333333333334,2025-12-13 05:01:00+00:00,2025-12-12,0.0035410924330268045,0.019904243878544538,0.01016016538625361,2.9833333333333334,2025-12-13 05:01:00+00:00,2025-12-12,0.05820537774054868,0.021188593657232732,0.07635259628348193,2.9833333333333334
2025-12-16 08:00:00+00:00,0.0016939175275911822,-0.042468751233245415,-0.05071710970599457,0.010263555585277362,2025-12-17 08:00:00+00:00,0.011904929360110117,2025-12-16 05:01:00+00:00,2025-12-15,-0.005151250349134884,-0.022120529852192282,0.010916853020789166,2.9833333333333334,2025-12-16 05:01:00+00:00,2025-12-15,-0.0025438832962398905,-0.009531554844533838,0.0028450133534305005,2.9833333333333334,2025-12-16 05:01:00+00:00,2025-12-15,0.0015929802237426571,0.027477788242819445,0.008155849679508222,2.9833333333333334,2025-12-16 05:01:00+00:00,2025-12-15,0.047155137917277656,-0.009650255832161704,0.07122113836194886,2.9833333333333334
2025-12-17 08:00:00+00:00,-0.0019281630046616982,0.011834623132274439,-0.06383045895896666,0.00948839330184795,2025-12-18 08:00:00+00:00,-0.002432748172538024,2025-12-17 05:01:00+00:00,2025-12-16,0.0026163221493931132,-0.021092625345579895,0.010742513162742596,2.9833333333333334,2025-12-17 05:01:00+00:00,2025-12-16,0.0,-0.010842682907030053,0.002707306057696468,2.9833333333333334,2025-12-17 05:01:00+00:00,2025-12-16,-0.0006692565868497979,0.022431846652275437,0.008001319726342588,2.9833333333333334,2025-12-17 05:01:00+00:00,2025-12-16,-0.0012128564252091856,-0.026939671663718218,0.06617489632095379,2.9833333333333334
2025-12-18 08:00:00+00:00,0.0024848360035836237,-0.0024355969498797442,-0.03883923556799644,0.008793488740699353,2025-12-19 08:00:00+00:00,0.012893131628537002,2025-12-18 05:01:00+00:00,2025-12-17,-0.019499401569726516,-0.044780962188667534,0.011320785259909125,2.9833333333333334,2025-12-18 05:01:00+00:00,2025-12-17,0.002238971176730331,-0.0042604868781938214,0.002787279873270212,2.9833333333333334,2025-12-18 05:01:00+00:00,2025-12-17,0.009556503562018648,0.03470673869561406,0.008034597780129738,2.9833333333333334,2025-12-18 05:01:00+00:00,2025-12-17,0.06688709602670784,0.11092521953308647,0.06870543697012955,2.9833333333333334
2025-12-19 08:00:00+00:00,0.01214818080390323,0.012810721323838854,-0.04959405470935204,0.011701590280716974,2025-12-20 08:00:00+00:00,0.0036612574000842724,2025-12-19 05:01:00+00:00,2025-12-18,0.014970377490298503,-0.02632264710511346,0.011738301893984358,2.9833333333333334,2025-12-19 05:01:00+00:00,2025-12-18,0.0006097312959569834,0.0008131094212695306,0.0022043995406527185,2.9833333333333334,2025-12-19 05:01:00+00:00,2025-12-18,-0.0021514021043760323,0.011869917527561386,0.008137319003076402,2.9833333333333334,2025-12-19 05:01:00+00:00,2025-12-18,-0.04349772395015661,0.12753703130916844,0.062276532359232244,2.9833333333333334
2025-12-20 08:00:00+00:00,0.0006847965190814875,0.003654457615322377,-0.02300771266584948,0.010974000661976381,2025-12-21 08:00:00+00:00,-0.001139841774736694,2025-12-20 05:01:00+00:00,2025-12-19,0.012977725500437742,0.005913773221267365,0.01046698434136168,2.9833333333333334,2025-12-20 05:01:00+00:00,2025-12-19,0.0017256073915898895,0.002030426568037146,0.002281702379323552,2.9833333333333334,2025-12-20 05:01:00+00:00,2025-12-19,0.005210323996449162,0.013539149090983705,0.007867050530566305,2.9833333333333334,2025-12-20 05:01:00+00:00,2025-12-19,-0.12350476778122976,-0.054173114212610174,0.06256124558674803,2.9833333333333334
2025-12-23 08:00:00+00:00,-0.006773597962880018,-0.018052610463506417,0.01789578987734083,0.010158967495193044,2025-12-24 08:00:00+00:00,-0.007573527447057193,2025-12-23 05:01:00+00:00,2025-12-22,0.0045473156052526775,0.015612339175655908,0.010410777391730682,2.9833333333333334,2025-12-23 05:01:00+00:00,2025-12-22,-0.0031489442400545187,0.0014253656242229084,0.0023280443063569013,2.9833333333333334,2025-12-23 05:01:00+00:00,2025-12-22,0.018540190388462108,0.03048635925570512,0.00852443277120542,2.9833333333333334,2025-12-23 05:01:00+00:00,2025-12-22,-0.05727677804675091,-0.15860503017663852,0.057664659344397,2.9833333333333334
2025-12-24 08:00:00+00:00,-0.004874677769096891,-0.007602466423279849,-0.0015412996782133497,0.009827313957315606,2025-12-25 08:00:00+00:00,0.010655203055336848,2025-12-24 05:01:00+00:00,2025-12-23,0.004941519256842497,0.017937536283104842,0.008877628670622043,2.9833333333333334,2025-12-24 05:01:00+00:00,2025-12-23,-0.0035672306913490104,-0.0021418650671261035,0.0023952397355150997,2.9833333333333334,2025-12-24 05:01:00+00:00,2025-12-23,0.008089155667198256,0.03924477150975205,0.008556732229156103,2.9833333333333334,2025-12-24 05:01:00+00:00,2025-12-23,-0.005698021114637797,-0.16309019486606707,0.05441136315908789,2.9833333333333334
2025-12-25 08:00:00+00:00,-3.22180334375588e-05,0.010598836424340048,0.011493133696006307,0.009593931732180953,2025-12-26 08:00:00+00:00,0.007208303415428441,2025-12-25 05:01:00+00:00,2025-12-24,0.002666473304971717,0.04010341115780409,0.008823846162628901,2.9833333333333334,2025-12-25 05:01:00+00:00,2025-12-24,0.0004083392701037525,-0.003972496973753095,0.002251418899517713,2.9833333333333334,2025-12-25 05:01:00+00:00,2025-12-24,-0.0006439231226540443,0.029044344825078193,0.00850256944829157,2.9833333333333334,2025-12-25 05:01:00+00:00,2025-12-24,-0.03859233919298566,-0.2685696300857608,0.0527467209960244,2.9833333333333334
2025-12-27 08:00:00+00:00,0.00028608400325147443,-0.010584610460825442,-0.008374207931752578,0.006368201322279718,2025-12-28 08:00:00+00:00,0.002188732232829116,2025-12-27 05:01:00+00:00,2025-12-26,-0.0004584655677373206,0.024674568099768653,0.008653397670460996,2.9833333333333334,2025-12-27 05:01:00+00:00,2025-12-26,0.00040809476212100293,-0.004174133507588862,0.002268541748567321,2.9833333333333334,2025-12-27 05:01:00+00:00,2025-12-26,0.011021124337837307,0.04221687126729299,0.0086309971577343,2.9833333333333334,2025-12-27 05:01:00+00:00,2025-12-26,0.009604802319733707,-0.21546710381587073,0.05289280171324078,2.9833333333333334
2025-12-30 08:00:00+00:00,0.0014163850703212688,-0.02388159243775908,-0.0008218068743536351,0.007379659885128106,2025-12-31 08:00:00+00:00,0.01268827243912618,2025-12-30 05:01:00+00:00,2025-12-29,-0.004644534107121956,0.007052308492207548,0.008570034194248234,2.9833333333333334,2025-12-30 05:01:00+00:00,2025-12-29,0.00020406276424989045,-0.00569567813492838,0.0022744380950541327,2.9833333333333334,2025-12-30 05:01:00+00:00,2025-12-29,-0.04701698661716058,-0.010010439346317264,0.013662042572924367,2.9833333333333334,2025-12-30 05:01:00+00:00,2025-12-29,0.0431721718652085,-0.048790164169432056,0.05339455328218588,2.9833333333333334
2025-12-31 08:00:00+00:00,0.0018081381966297272,0.012608563650492597,0.01938922319941895,0.007672387921094166,2026-01-01 08:00:00+00:00,-0.011073192217268879,2025-12-31 05:01:00+00:00,2025-12-30,-0.0024711650756508163,3.3827811304241216e-05,0.008546932812311121,2.9833333333333334,2025-12-31 05:01:00+00:00,2025-12-30,0.0020378746555991256,-0.0005088592392752817,0.0023566162337816643,2.9833333333333334,2025-12-31 05:01:00+00:00,2025-12-30,0.009782482738115661,-0.018768146996663813,0.013781063519338605,2.9833333333333334,2025-12-31 05:01:00+00:00,2025-12-30,0.009113277232865702,0.017599891110184198,0.051670541776791666,2.9833333333333334
2026-01-01 08:00:00+00:00,-0.002440650432887992,-0.011135069234557338,-0.0023446824594784647,0.007910049583641582,2026-01-02 08:00:00+00:00,0.01398714714325422,2026-01-01 05:01:00+00:00,2025-12-31,-0.008388959794965345,-0.013296651240503023,0.008528970879955727,2.9833333333333334,2026-01-01 05:01:00+00:00,2025-12-31,0.0004070925784969148,0.003465464030570281,0.002367187545668632,2.9833333333333334,2026-01-01 05:01:00+00:00,2025-12-31,-0.01035820786686692,-0.03721551053072912,0.01366474217427165,2.9833333333333334,2026-01-01 05:01:00+00:00,2025-12-31,0.042356057996614904,0.0656539702214368,0.05242102292182139,2.9833333333333334
2026-01-03 08:00:00+00:00,-0.008272385414484162,0.008064840959711012,0.02301266341596587,0.006853362479480594,2026-01-04 08:00:00+00:00,0.0218233158396568,2026-01-03 05:01:00+00:00,2026-01-02,-0.0017313969202277235,-0.017694521465703477,0.008510164160041129,2.9833333333333334,2026-01-03 05:01:00+00:00,2026-01-02,0.0014234816010230134,0.004480606361489456,0.002140265558529957,2.9833333333333334,2026-01-03 05:01:00+00:00,2026-01-02,-0.002652613164826789,-0.03922420057290079,0.013690020882695718,2.9833333333333334,2026-01-03 05:01:00+00:00,2026-01-02,-0.02987323294059907,0.0743730764738239,0.052386598415845594,2.9833333333333334
2026-01-06 08:00:00+00:00,-0.005498336209184274,0.007906887573315292,0.06366716999018907,0.005287796081021354,2026-01-07 08:00:00+00:00,-0.004031308535685119,2026-01-06 05:01:00+00:00,2026-01-05,0.007712350761575948,-0.009523705136391222,0.00871926813397941,2.9833333333333334,2026-01-06 05:01:00+00:00,2026-01-05,-0.0015252586193090778,0.0025472529800599137,0.0021230951165885493,2.9833333333333334,2026-01-06 05:01:00+00:00,2026-01-05,0.027765936481767284,-0.022479388428971545,0.014932110561467123,2.9833333333333334,2026-01-06 05:01:00+00:00,2026-01-05,0.026523146055316804,0.09129142020940723,0.05274301005436818,2.9833333333333334
2026-01-07 08:00:00+00:00,0.0006817632794327011,-0.004039563831190155,0.04701904250850612,0.006348804423176331,2026-01-08 08:00:00+00:00,-0.025098423607281428,2026-01-07 05:01:00+00:00,2026-01-06,0.009341204619840227,0.004462033590572563,0.008931060006936976,2.9833333333333334,2026-01-07 05:01:00+00:00,2026-01-06,0.003149661637507961,0.005492851853317368,0.00226375032306795,2.9833333333333334,2026-01-07 05:01:00+00:00,2026-01-06,0.00996925802554749,0.03450685621373707,0.015014001027137885,2.9833333333333334,2026-01-07 05:01:00+00:00,2026-01-06,-0.010118130165584382,0.03800111817861384,0.05254718580504961,2.9833333333333334
2026-01-08 08:00:00+00:00,-0.002926534093150579,-0.025418652702521836,0.03273545904054163,0.006386467860402201,2026-01-09 08:00:00+00:00,0.002140632119840946,2026-01-08 05:01:00+00:00,2026-01-07,0.0005532639687295671,0.007486462634952825,0.008914019321456074,2.9833333333333334,2026-01-08 05:01:00+00:00,2026-01-07,0.0010138749022026161,0.004468852099920936,0.002263869291495109,2.9833333333333334,2026-01-08 05:01:00+00:00,2026-01-07,-0.00750122895137828,0.017223144524241694,0.015065088048514317,2.9833333333333334,2026-01-08 05:01:00+00:00,2026-01-07,0.04182488129166906,0.0707127222374174,0.05021294198806861,2.9833333333333334
2026-01-09 08:00:00+00:00,-0.005258140910484599,0.0021382340286007634,0.02098335084200681,0.006454803750827827,2026-01-10 08:00:00+00:00,-0.0006981343228069647,2026-01-09 05:01:00+00:00,2026-01-08,-0.005738792601448495,0.01013662982846978,0.00899766906949568,2.9833333333333334,2026-01-09 05:01:00+00:00,2026-01-08,0.0025302376661597847,0.006591997187584377,0.0023225573521930406,2.9833333333333334,2026-01-09 05:01:00+00:00,2026-01-08,-0.0004033989314411457,0.027177953459669474,0.015077020514175657,2.9833333333333334,2026-01-09 05:01:00+00:00,2026-01-08,0.004541039266256597,0.03289770350705901,0.05003616857719228,2.9833333333333334
2026-01-10 08:00:00+00:00,0.0005775914114014569,-0.0006982679293137047,0.012220241952982144,0.006477726510983811,2026-01-11 08:00:00+00:00,0.00035620351020360097,2026-01-10 05:01:00+00:00,2026-01-09,0.010109045571836006,0.021977072320532136,0.009247573731315965,2.9833333333333334,2026-01-10 05:01:00+00:00,2026-01-09,0.002019559918039704,0.007188075504601314,0.002146531981182402,2.9833333333333334,2026-01-10 05:01:00+00:00,2026-01-09,0.008971606907573815,0.03880217353206882,0.015087317191091708,2.9833333333333334,2026-01-10 05:01:00+00:00,2026-01-09,-0.06415024701116367,-0.0013793105635054872,0.04958049188849387,2.9833333333333334
2026-01-13 08:00:00+00:00,0.005814986161354341,0.005823956880706579,-0.014180590793028948,0.006208160340631237,2026-01-14 08:00:00+00:00,0.03549107431762133,2026-01-13 05:01:00+00:00,2026-01-12,0.0008302139541136455,0.015094935513070598,0.009212681678232469,2.9833333333333334,2026-01-13 05:01:00+00:00,2026-01-12,-0.0027273782852246242,0.005985955838685737,0.001977631747113407,2.9833333333333334,2026-01-13 05:01:00+00:00,2026-01-12,0.024969547666847447,0.03600578471715041,0.01537677459025819,2.9833333333333334,2026-01-13 05:01:00+00:00,2026-01-12,0.04255961441879608,0.014657157799973439,0.04879953412813573,2.9833333333333334
2026-01-14 08:00:00+00:00,-0.005404093861804071,0.03487556833213054,0.024734541370291865,0.005731821560162039,2026-01-15 08:00:00+00:00,0.014971465292146657,2026-01-14 05:01:00+00:00,2026-01-13,-0.0017741624687097612,0.003979568424520792,0.008022015779465676,2.9833333333333334,2026-01-14 05:01:00+00:00,2026-01-13,0.0027273782852246242,0.0055636724864020935,0.0020531847103253047,2.9833333333333334,2026-01-14 05:01:00+00:00,2026-01-13,-0.0033862493362111223,0.02265027735539073,0.015450812700578227,2.9833333333333334,2026-01-14 05:01:00+00:00,2026-01-13,0.05531956958674167,0.0800948575522998,0.04862513335024652,2.9833333333333334
2026-01-15 08:00:00+00:00,0.006701248311864916,0.014860707609314279,0.06501390168212799,0.006431958738606981,2026-01-16 08:00:00+00:00,-0.01011389057716472,2026-01-15 05:01:00+00:00,2026-01-14,-0.010780074933897765,-0.00735377047810707,0.008344057033892087,2.9833333333333334,2026-01-15 05:01:00+00:00,2026-01-14,0.0,0.004549797584199651,0.001938808895999791,2.9833333333333334,2026-01-15 05:01:00+00:00,2026-01-14,0.007926601145666012,0.038078107452436644,0.015484586934995215,2.9833333333333334,2026-01-15 05:01:00+00:00,2026-01-14,0.04706031793294674,0.0853302941935774,0.04862037573946019,2.9833333333333334
2026-01-16 08:00:00+00:00,0.0031252144132185578,-0.010165486945279419,0.052710180708247886,0.006674743567284893,2026-01-17 08:00:00+00:00,-0.00576551783547985,2026-01-16 05:01:00+00:00,2026-01-15,0.0031807936113104063,0.0015658157346510285,0.008351514742374866,2.9833333333333334,2026-01-16 05:01:00+00:00,2026-01-15,0.0019148652293781154,0.0039344251474181064,0.001960149614090821,2.9833333333333334,2026-01-16 05:01:00+00:00,2026-01-15,-0.0025919619439740416,0.03588954443990111,0.015516794991299416,2.9833333333333334,2026-01-16 05:01:00+00:00,2026-01-15,-0.0558598718847958,0.02492938304252536,0.05024497606040724,2.9833333333333334
2026-01-17 08:00:00+00:00,-0.0028484654115601415,-0.005782202595196016,0.047626246042365504,0.006657718280696201,2026-01-18 08:00:00+00:00,-0.000771805584486529,2026-01-17 05:01:00+00:00,2026-01-16,-0.0006974090569809022,-0.009240638894163277,0.006871234567209253,2.9833333333333334,2026-01-17 05:01:00+00:00,2026-01-16,0.0007045412716246702,0.0026194065010031456,0.001921971426275145,2.9833333333333334,2026-01-17 05:01:00+00:00,2026-01-16,-0.006139510703624396,0.020778426828704556,0.01557810907212343,2.9833333333333334,2026-01-17 05:01:00+00:00,2026-01-16,0.0012618298204221112,0.09034145987411087,0.04758318675038347,2.9833333333333334
2026-01-21 08:00:00+00:00,-0.0024448324227659413,-0.021776003065925503,-0.06499609429816279,0.007088221428764896,2026-01-22 08:00:00+00:00,0.006779544367271573,2026-01-21 05:01:00+00:00,2026-01-20,-0.021446722415902286,-0.031517575264179816,0.007929266048541588,2.9833333333333334,2026-01-21 05:01:00+00:00,2026-01-20,-0.007574646170517063,-0.002227861384290299,0.002638604785924985,2.9833333333333334,2026-01-21 05:01:00+00:00,2026-01-20,0.03640959099230656,0.032218470154162716,0.017270388807343703,2.9833333333333334,2026-01-21 05:01:00+00:00,2026-01-20,0.06423990967862592,0.22888423848871434,0.05417069899242713,2.9833333333333334
2026-01-22 08:00:00+00:00,-0.0008982947805318275,0.006756778688802505,-0.07310002321867469,0.006693578103614708,2026-01-23 08:00:00+00:00,-0.00299870439136396,2026-01-22 05:01:00+00:00,2026-01-21,0.01347592648756013,-0.016267486307910587,0.007973053719510723,2.9833333333333334,2026-01-22 05:01:00+00:00,2026-01-21,0.0012158334390806047,-0.003739406230433692,0.002624566625399693,2.9833333333333334,2026-01-22 05:01:00+00:00,2026-01-21,0.014932685452999195,0.050537404943373596,0.017430541984838822,2.9833333333333334,2026-01-22 05:01:00+00:00,2026-01-21,-0.17290855689781548,0.008915363657952329,0.06694501155920873,2.9833333333333334
2026-01-23 08:00:00+00:00,-0.004182556427867468,-0.003003209513985568,-0.06593774578738082,0.006820337251151502,2026-01-24 08:00:00+00:00,0.0007890612393488539,2026-01-23 05:01:00+00:00,2026-01-22,0.0075433456892533,0.0020559343152413163,0.008091025136622057,2.9833333333333334,2026-01-23 05:01:00+00:00,2026-01-22,-0.004058462554227482,-0.007797868784661412,0.0026905294889392377,2.9833333333333334,2026-01-23 05:01:00+00:00,2026-01-22,0.015568088290665472,0.058178892088372805,0.017320310315784297,2.9833333333333334,2026-01-23 05:01:00+00:00,2026-01-22,-0.0774818868118623,-0.012706651269114688,0.06965133462783653,2.9833333333333334
2026-01-24 08:00:00+00:00,-0.001671441380414862,0.0007886385120880705,-0.059366904680096734,0.006741215305323841,2026-01-25 08:00:00+00:00,-0.010713220503746235,2026-01-24 05:01:00+00:00,2026-01-23,0.0034082420895593657,0.0022833827934896525,0.008050007472831014,2.9833333333333334,2026-01-24 05:01:00+00:00,2026-01-23,-0.007756745768232598,-0.017469479782272545,0.0031153495927659434,2.9833333333333334,2026-01-24 05:01:00+00:00,2026-01-23,0.013403540833319738,0.07417439486566739,0.017414973244484978,2.9833333333333334,2026-01-24 05:01:00+00:00,2026-01-23,0.02836622588712645,0.01439774479758999,0.06902487424420994,2.9833333333333334
2026-01-27 08:00:00+00:00,-0.005280281003260612,0.003627137549122145,-0.03184219583060089,0.006916755623063787,2026-01-28 08:00:00+00:00,0.009215763377909969,2026-01-27 05:01:00+00:00,2026-01-26,0.004198876090496739,0.00717966794096734,0.008083600174587363,2.9833333333333334,2026-01-27 05:01:00+00:00,2026-01-26,-0.005754203714711359,-0.023928224768608293,0.0033506075596373822,2.9833333333333334,2026-01-27 05:01:00+00:00,2026-01-26,0.020433579040478378,0.10074748460976951,0.01769093940079342,2.9833333333333334,2026-01-27 05:01:00+00:00,2026-01-26,0.003722088664373846,-0.15406221947955148,0.06903418628396053,2.9833333333333334
2026-01-28 08:00:00+00:00,8.616578099562844e-05,0.009173557339662394,-0.0008926354250129973,0.006275129142680832,2026-01-29 08:00:00+00:00,-0.008766429552692134,2026-01-28 05:01:00+00:00,2026-01-27,0.00877126065674716,0.03739765101361659,0.008309671654049788,2.9833333333333334,2026-01-28 05:01:00+00:00,2026-01-27,-0.008486025112438789,-0.02483960371052925,0.0037879421502278712,2.9833333333333334,2026-01-28 05:01:00+00:00,2026-01-27,1.969437689552933e-05,0.06435758799435858,0.01769943892082362,2.9833333333333334,2026-01-28 05:01:00+00:00,2026-01-27,0.012307847674597028,-0.2059942814835805,0.068563869268204,2.9833333333333334
2026-01-29 08:00:00+00:00,0.003392845294465374,-0.00880496756831575,-0.016454381682131265,0.006141110303064237,2026-01-30 08:00:00+00:00,-0.06265754989985628,2026-01-29 05:01:00+00:00,2026-01-28,0.0031964917782776325,0.027118216304335082,0.00823521001700114,2.9833333333333334,2026-01-29 05:01:00+00:00,2026-01-28,0.002387458753018379,-0.023667978396591627,0.003853148594947739,2.9833333333333334,2026-01-29 05:01:00+00:00,2026-01-28,0.042562892774366645,0.09198779531572672,0.014806846276365108,2.9833333333333334,2026-01-29 05:01:00+00:00,2026-01-28,0.0,-0.03308572458576522,0.06857971128072199,2.9833333333333334
2026-01-30 08:00:00+00:00,0.001698557468744255,-0.06470670166900318,-0.07815787383714881,0.008673888368556844,2026-01-31 08:00:00+00:00,0.008812685514492546,2026-01-30 05:01:00+00:00,2026-01-29,-0.005336019039630102,0.014238851575449208,0.008322569317320205,2.9833333333333334,2026-01-30 05:01:00+00:00,2026-01-29,-0.0017641074747167806,-0.021373623317081033,0.0037982554763019726,2.9833333333333334,2026-01-30 05:01:00+00:00,2026-01-29,0.0027866342053499693,0.07920634123041005,0.01489423632684382,2.9833333333333334,2026-01-30 05:01:00+00:00,2026-01-29,0.031901591824548436,0.07629775405064596,0.06833217479342123,2.9833333333333334
2026-01-31 08:00:00+00:00,-0.005679807832953188,0.008773960751899571,-0.07017255159733728,0.009052174333047421,2026-02-01 08:00:00+00:00,-0.06228627253556751,2026-01-31 05:01:00+00:00,2026-01-30,-0.012905758672935974,-0.002075149187043801,0.008640851228502075,2.9833333333333334,2026-01-31 05:01:00+00:00,2026-01-30,0.007347258143992619,-0.0062696194048556895,0.004227122561596707,2.9833333333333334,2026-01-31 05:01:00+00:00,2026-01-30,-0.11405996064111967,-0.048257160244029484,0.03126945654549424,2.9833333333333334,2026-01-31 05:01:00+00:00,2026-01-30,0.032636929313022645,0.0805684574765419,0.0680305009558689,2.9833333333333334
2026-02-03 08:00:00+00:00,0.0005249194350156472,0.027454989839019762,-0.11412586974589078,0.012037907368337961,2026-02-04 08:00:00+00:00,-0.02894066311845711,2026-02-03 05:01:00+00:00,2026-02-02,0.00726129606441539,0.0009872707868735068,0.008746717398971302,2.9833333333333334,2026-02-03 05:01:00+00:00,2026-02-02,0.0063720950596488635,0.005856679369504708,0.004492063397268649,2.9833333333333334,2026-02-03 05:01:00+00:00,2026-02-02,-0.019686303122442794,-0.08837704240695043,0.03170205042279653,2.9833333333333334,2026-02-03 05:01:00+00:00,2026-02-02,-0.065150329048977,0.011696039763191456,0.06986522893115613,2.9833333333333334
2026-02-04 08:00:00+00:00,-0.002400197428736206,-0.029367703514080214,-0.15266713059963352,0.013686517479117314,2026-02-05 08:00:00+00:00,-0.07524658789272076,2026-02-04 05:01:00+00:00,2026-02-03,-0.015662494731650156,-0.02344648460152309,0.009349843134594244,2.9833333333333334,2026-02-04 05:01:00+00:00,2026-02-03,-0.0017431244227656961,0.012599580059177632,0.004495165166905673,2.9833333333333334,2026-02-04 05:01:00+00:00,2026-02-03,0.05892644877203068,-0.029470288011815494,0.03365772543244776,2.9833333333333334,2026-02-04 05:01:00+00:00,2026-02-03,0.09675566846430783,0.09614386055290215,0.07270852897539196,2.9833333333333334
2026-02-05 08:00:00+00:00,-0.006569958432953271,-0.07822829984358431,-0.2220904628749021,0.014181174497083704,2026-02-06 08:00:00+00:00,-0.08339629542633742,2026-02-05 05:01:00+00:00,2026-02-04,-0.017813736382578327,-0.044456712762380036,0.009860773040140009,2.9833333333333334,2026-02-05 05:01:00+00:00,2026-02-04,0.0018455895773756836,0.012057710883534847,0.004449827821918805,2.9833333333333334,2026-02-05 05:01:00+00:00,2026-02-04,0.0031964673475908256,-0.06883671343859235,0.03364081184125134,2.9833333333333334,2026-02-05 05:01:00+00:00,2026-02-04,0.034938051361280476,0.13108191191418272,0.07256582687755937,2.9833333333333334
2026-02-06 08:00:00+00:00,0.010659640883725174,-0.08707992393919375,-0.24446368514509267,0.01622702533816853,2026-02-07 08:00:00+00:00,0.04982006290859764,2026-02-06 05:01:00+00:00,2026-02-05,-0.013857473708174695,-0.0529781674309234,0.010224089752380098,2.9833333333333334,2026-02-06 05:01:00+00:00,2026-02-05,0.0020466333969979544,0.015868451755249372,0.004474115492012897,2.9833333333333334,2026-02-06 05:01:00+00:00,2026-02-05,-0.012459091462842409,-0.08408243910678408,0.03375443451913607,2.9833333333333334,2026-02-06 05:01:00+00:00,2026-02-05,0.15522306598901103,0.25440338607864504,0.07950232429946812,2.9833333333333334
2026-02-07 08:00:00+00:00,-0.04074988432414095,0.04861892769629102,-0.2046187182007013,0.019185343295415522,2026-02-08 08:00:00+00:00,0.023845328772118757,2026-02-07 05:01:00+00:00,2026-02-06,0.02124355250869492,-0.018828856249293046,0.011440655144696438,2.9833333333333334,2026-02-07 05:01:00+00:00,2026-02-06,-0.0019442568864249665,0.006576936724831696,0.004429546862258241,2.9833333333333334,2026-02-07 05:01:00+00:00,2026-02-06,0.01829964159638564,0.04827716313072133,0.03386831234378338,2.9833333333333334,2026-02-07 05:01:00+00:00,2026-02-06,-0.2035841376824319,0.018182319083190544,0.09211904460750853,2.9833333333333334
2026-02-10 08:00:00+00:00,-0.008555475521403011,-0.021572613983007822,-0.1339038765906528,0.01893180876633645,2026-02-11 08:00:00+00:00,-0.027378980105241313,2026-02-10 05:01:00+00:00,2026-02-09,0.0076423158009788494,-0.018447836512729292,0.011329013064517505,2.9833333333333334,2026-02-10 05:01:00+00:00,2026-02-09,-0.00833121374546053,-0.008126372080277956,0.004696463762794459,2.9833333333333334,2026-02-10 05:01:00+00:00,2026-02-09,0.019803434786085816,0.08776690103925033,0.03401297576078182,2.9833333333333334,2026-02-10 05:01:00+00:00,2026-02-09,-0.022780028331820024,0.06055261980034727,0.09206867886811594,2.9833333333333334
2026-02-11 08:00:00+00:00,-0.017087591243436506,-0.02776061999975099,-0.13229679307632375,0.017912868817585272,2026-02-12 08:00:00+00:00,0.0027598466480021067,2026-02-11 05:01:00+00:00,2026-02-10,-0.0055758780013661635,-0.008361219782444767,0.011365756017102518,2.9833333333333334,2026-02-11 05:01:00+00:00,2026-02-10,-0.00020655555060322683,-0.006589803208114941,0.0046865357860446785,2.9833333333333334,2026-02-11 05:01:00+00:00,2026-02-10,-0.009574353643483136,0.019266098623736676,0.033878252615957866,2.9833333333333334,2026-02-11 05:01:00+00:00,2026-02-10,0.024467792445539427,-0.011735256218420965,0.09147137480557603,2.9833333333333334
2026-02-12 08:00:00+00:00,-0.005389827238300171,0.0027560448532108982,-0.051312448379528565,0.017401213141586044,2026-02-13 08:00:00+00:00,-0.01500720569028613,2026-02-12 05:01:00+00:00,2026-02-11,0.002925523608126923,0.012378040208260728,0.011403876630687662,2.9833333333333334,2026-02-12 05:01:00+00:00,2026-02-11,0.00030985672447947366,-0.00812553606101195,0.0046145262208934735,2.9833333333333334,2026-02-12 05:01:00+00:00,2026-02-11,0.013327607312962897,0.029397238589108723,0.03388433428166538,2.9833333333333334,2026-02-12 05:01:00+00:00,2026-02-11,-0.007900718298437859,-0.05457402587813952,0.09097705663050648,2.9833333333333334
2026-02-13 08:00:00+00:00,-0.0051840235455742345,-0.015121102028721757,0.02064637353094343,0.014505082032589859,2026-02-14 08:00:00+00:00,0.045466806909517876,2026-02-13 05:01:00+00:00,2026-02-12,-0.020592510936014108,0.005643002980420041,0.012037479092675005,2.9833333333333334,2026-02-13 05:01:00+00:00,2026-02-12,0.0010321891194973176,-0.009139980338511605,0.004634075288988455,2.9833333333333334,2026-02-13 05:01:00+00:00,2026-02-12,-0.029882106550518373,0.011974223501432273,0.03476477516847571,2.9833333333333334,2026-02-13 05:01:00+00:00,2026-02-12,0.1651782798075172,-0.04461881205963322,0.09674259347590956,2.9833333333333334
2026-02-14 08:00:00+00:00,0.0034336915638952803,0.044463346381840664,0.01649079221649297,0.011227634392554323,2026-02-15 08:00:00+00:00,0.023247283596027346,2026-02-14 05:01:00+00:00,2026-02-13,0.0018260135980447956,-0.01377453593022935,0.012013231680976956,2.9833333333333334,2026-02-14 05:01:00+00:00,2026-02-13,-0.0005160007584459336,-0.007711724210532533,0.004581811390791981,2.9833333333333334,2026-02-14 05:01:00+00:00,2026-02-13,0.019590990507982298,0.013265572413030715,0.03492162882283319,2.9833333333333334,2026-02-14 05:01:00+00:00,2026-02-13,-0.01062298739128753,0.1483423382315114,0.09685924504252741,2.9833333333333334
2026-02-18 08:00:00+00:00,0.007033263837866954,-0.004127349835312226,0.015890917105956647,0.010005339487886613,2026-02-19 08:00:00+00:00,-0.013214462538344462,2026-02-18 05:01:00+00:00,2026-02-17,-0.001259483579165277,-0.022676335310374333,0.01201161772437339,2.9833333333333334,2026-02-18 05:01:00+00:00,2026-02-17,0.0028860709310194466,0.00350556046594721,0.004655999538681609,2.9833333333333334,2026-02-18 05:01:00+00:00,2026-02-17,-0.028216720261168504,-0.034754582634225956,0.03561348783049497,2.9833333333333334,2026-02-18 05:01:00+00:00,2026-02-17,-0.043873027840243495,0.13149165215997957,0.08904233414219533,2.9833333333333334
2026-02-19 08:00:00+00:00,0.0033615716470833945,-0.013302550431847216,-0.00016767817910144582,0.010357855449336303,2026-02-20 08:00:00+00:00,0.009217270068572425,2026-02-19 05:01:00+00:00,2026-02-18,0.007954383350012861,-0.009146073958995873,0.011235018603626834,2.9833333333333334,2026-02-19 05:01:00+00:00,2026-02-18,0.005542385987226339,0.009254502003775967,0.004624840772447682,2.9833333333333334,2026-02-19 05:01:00+00:00,2026-02-18,0.02089756719874103,-0.004282661792000848,0.03501768766744321,2.9833333333333334,2026-02-19 05:01:00+00:00,2026-02-18,-0.03357869970050631,0.10581367075791144,0.07972442928835052,2.9833333333333334
2026-02-20 08:00:00+00:00,0.0068001246712352525,0.009175050270700967,0.024128474120321288,0.009636760900807865,2026-02-21 08:00:00+00:00,0.00044378320910087865,2026-02-20 05:01:00+00:00,2026-02-19,-0.004086003347383738,-0.016157600914505323,0.010789165450553919,2.9833333333333334,2026-02-20 05:01:00+00:00,2026-02-19,0.0023514130362372043,0.01129605831553443,0.00465362145825529,2.9833333333333334,2026-02-20 05:01:00+00:00,2026-02-19,-0.0024183520713787487,-0.020028621176342257,0.034908053550679524,2.9833333333333334,2026-02-20 05:01:00+00:00,2026-02-19,0.030617197042436928,-0.028747412007168707,0.07728967439105107,2.9833333333333334
2026-02-21 08:00:00+00:00,0.0027779644436627393,0.00044368476645625704,-0.019891187495063068,0.008849218899889837,2026-02-22 08:00:00+00:00,0.00220009988798342,2026-02-21 05:01:00+00:00,2026-02-20,0.008644080089103667,0.013078990110612474,0.01083803668386505,2.9833333333333334,2026-02-21 05:01:00+00:00,2026-02-20,-0.0013283326041291232,0.008935536591907888,0.004580809453372353,2.9833333333333334,2026-02-21 05:01:00+00:00,2026-02-20,0.016570634386726013,0.02642411976090191,0.03492984088253656,2.9833333333333334,2026-02-21 05:01:00+00:00,2026-02-20,-0.058002013441997846,-0.07612643805787926,0.07877661792350345,2.9833333333333334
2026-02-24 08:00:00+00:00,-0.006349967826526637,-0.042839524673451,-0.07900622278997547,0.010192700861193624,2026-02-25 08:00:00+00:00,0.029046193402760156,2026-02-24 05:01:00+00:00,2026-02-23,-0.012215363806477697,-0.0009623872939098682,0.011064208806071315,2.9833333333333334,2026-02-24 05:01:00+00:00,2026-02-23,-0.001023080432108081,0.008428456918245463,0.004237362820615327,2.9833333333333334,2026-02-24 05:01:00+00:00,2026-02-23,0.02808125044952625,0.03491437970244571,0.03534097732029682,2.9833333333333334,2026-02-24 05:01:00+00:00,2026-02-23,0.09583387711925306,-0.009002666821057577,0.08113685626374294,2.9833333333333334
2026-02-25 08:00:00+00:00,-0.005573238109318979,0.02862965721548794,-0.046249215739175405,0.010845217616838293,2026-02-26 08:00:00+00:00,0.043008197969191864,2026-02-25 05:01:00+00:00,2026-02-24,0.010791866010650963,0.011088962295906475,0.0113464023458564,2.9833333333333334,2026-02-25 05:01:00+00:00,2026-02-24,0.0018406827010322147,0.007383068688258804,0.004024693599745229,2.9833333333333334,2026-02-25 05:01:00+00:00,2026-02-24,-0.009479164880598745,0.05365193508301623,0.035170616454652644,2.9833333333333334,2026-02-25 05:01:00+00:00,2026-02-24,-0.07202322842553421,-0.037152867406348475,0.0833443851701314,2.9833333333333334
2026-02-26 08:00:00+00:00,-0.0057603000754369305,0.04210888853922071,0.009162223231892593,0.011998198994963063,2026-02-27 08:00:00+00:00,-0.001982305947433871,2026-02-26 05:01:00+00:00,2026-02-25,0.013994561212811618,0.017129140158705168,0.011650157612984253,2.9833333333333334,2026-02-26 05:01:00+00:00,2026-02-25,-0.0018406827010322147,0.0,0.003488363334261601,2.9833333333333334,2026-02-26 05:01:00+00:00,2026-02-25,0.009593996324003484,0.04234836420827817,0.03522291812296669,2.9833333333333334,2026-02-26 05:01:00+00:00,2026-02-25,-0.08649999881433335,-0.09007416652017562,0.08603357559021622,2.9833333333333334
2026-02-27 08:00:00+00:00,0.0013269134125550863,-0.0019841258780870993,-0.0019969529168955523,0.011835232853889476,2026-02-28 08:00:00+00:00,-0.0570922698277162,2026-02-27 05:01:00+00:00,2026-02-26,-0.011701880190731373,0.009513263315356528,0.01182975910577752,2.9833333333333334,2026-02-27 05:01:00+00:00,2026-02-26,0.0009208038736305824,-0.001430609162606313,0.003467776519846987,2.9833333333333334,2026-02-27 05:01:00+00:00,2026-02-26,-0.006141817855777276,0.03862489842388118,0.03388497462173412,2.9833333333333334,2026-02-27 05:01:00+00:00,2026-02-26,0.03829789699645536,-0.08239346656615713,0.08615216462423353,2.9833333333333334
2026-02-28 08:00:00+00:00,-0.030419996989543563,-0.05878669157321231,-0.06122732925656409,0.013212188701878621,2026-03-01 08:00:00+00:00,0.051944513512442114,2026-02-28 05:01:00+00:00,2026-02-27,-0.002973537864130904,-0.0021043546378771865,0.011805794318093104,2.9833333333333334,2026-02-28 05:01:00+00:00,2026-02-27,-0.0018423782465264438,-0.0019446548050035095,0.0034707346182301737,2.9833333333333334,2026-02-28 05:01:00+00:00,2026-02-27,0.010285321903877431,0.032339585941031715,0.03397094676705628,2.9833333333333334,2026-02-28 05:01:00+00:00,2026-02-27,0.06393447400352947,0.039543020879370214,0.08696231923523783,2.9833333333333334
2026-03-03 08:00:00+00:00,-0.003004599672285835,0.0322769833875468,0.0758527557741582,0.013538673532957207,2026-03-04 08:00:00+00:00,0.01936769787476811,2026-03-03 05:01:00+00:00,2026-03-02,0.001303656917919227,0.011414666086518269,0.01152770241575988,2.9833333333333334,2026-03-03 05:01:00+00:00,2026-03-02,0.007857550009265246,0.00693597563636937,0.0035237521838012227,2.9833333333333334,2026-03-03 05:01:00+00:00,2026-03-02,0.012065148545943316,0.016323484037448748,0.021070437093890552,2.9833333333333334,2026-03-03 05:01:00+00:00,2026-03-02,0.07655067758557488,0.020259821345692076,0.08658936850237181,2.9833333333333334
2026-03-04 08:00:00+00:00,0.02566620415124099,0.019182240446694674,0.06640533900536501,0.014065269724416374,2026-03-05 08:00:00+00:00,0.03687212867342016,2026-03-04 05:01:00+00:00,2026-03-03,-0.010963893431334526,-0.010341093355465281,0.011551651453748576,2.9833333333333334,2026-03-04 05:01:00+00:00,2026-03-03,0.006787300505735061,0.011882593441072084,0.0035598948086100887,2.9833333333333334,2026-03-04 05:01:00+00:00,2026-03-03,-0.0360162540889597,-0.01021360517091164,0.022379219562018236,2.9833333333333334,2026-03-04 05:01:00+00:00,2026-03-03,0.09471638074543831,0.18699943051666487,0.08648741227294827,2.9833333333333334
2026-03-05 08:00:00+00:00,-0.006120802578880813,0.03620875664595221,0.06050520711209639,0.01405686956365911,2026-03-06 08:00:00+00:00,-0.013865145616920205,2026-03-05 05:01:00+00:00,2026-03-04,0.015000137159987048,-0.009335517408289477,0.01167962073551942,2.9833333333333334,2026-03-05 05:01:00+00:00,2026-03-04,-0.002830923022180798,0.010892353119924128,0.0036076943491546443,2.9833333333333334,2026-03-05 05:01:00+00:00,2026-03-04,0.0021445846910062016,-0.017663016803909498,0.018402643589284878,2.9833333333333334,2026-03-05 05:01:00+00:00,2026-03-04,-0.10833481145575297,0.16516461787524533,0.0904589072765607,2.9833333333333334
2026-03-06 08:00:00+00:00,-0.0003368585314671435,-0.013962164580352742,0.048527168409830804,0.014455179222065403,2026-03-07 08:00:00+00:00,-0.04522841279411138,2026-03-06 05:01:00+00:00,2026-03-05,-0.002924111110690575,-0.0005577483282496205,0.010969951151202985,2.9833333333333334,2026-03-06 05:01:00+00:00,2026-03-05,0.005553076634659426,0.015524625880952839,0.003762772204377033,2.9833333333333334,2026-03-06 05:01:00+00:00,2026-03-05,-0.010966095335188442,-0.02248729428332226,0.018624656307742477,2.9833333333333334,2026-03-06 05:01:00+00:00,2026-03-05,0.11594262498836372,0.24280934586715322,0.0874314886124522,2.9833333333333334
2026-03-07 08:00:00+00:00,-0.003719783656489284,-0.046283142809116384,0.06103071717392667,0.01369217864338859,2026-03-08 08:00:00+00:00,-0.007705622434966086,2026-03-07 05:01:00+00:00,2026-03-06,-0.015198220971587517,-0.01278243143570628,0.011064445581650519,2.9833333333333334,2026-03-07 05:01:00+00:00,2026-03-06,-0.003328144215863027,0.014038859911615255,0.0038643673702709346,2.9833333333333334,2026-03-07 05:01:00+00:00,2026-03-06,0.01562928584170642,-0.017143330345491134,0.018593481540938137,2.9833333333333334,2026-03-07 05:01:00+00:00,2026-03-06,0.2164686923465342,0.39534356421015837,0.08527801841313006,2.9833333333333334
2026-03-10 08:00:00+00:00,0.013961738524951528,0.041334623570424195,0.03223297052111349,0.012176850011778768,2026-03-11 08:00:00+00:00,-0.010762291457788842,2026-03-10 04:01:00+00:00,2026-03-09,0.013071288999796593,-0.0010147993538275233,0.010375533404617063,3.9833333333333334,2026-03-10 04:01:00+00:00,2026-03-09,0.0019175707865262126,0.008098880688877234,0.0038271399556570216,3.9833333333333334,2026-03-10 04:01:00+00:00,2026-03-09,-0.01071884247370214,-0.039927321365137755,0.018442042988643482,3.9833333333333334,2026-03-10 04:01:00+00:00,2026-03-09,-0.1453727706628043,0.17342011596177925,0.0929782204921442,3.9833333333333334
2026-03-11 08:00:00+00:00,0.001384768346616383,-0.01082048024206865,0.002230249832350312,0.011431867733836623,2026-03-12 08:00:00+00:00,0.002554406225107053,2026-03-11 04:01:00+00:00,2026-03-10,-0.00043183067650787166,0.00951726340099807,0.010209392649344095,3.9833333333333334,2026-03-11 04:01:00+00:00,2026-03-10,-0.003535163222568194,-0.002223583039426428,0.00334566974168805,3.9833333333333334,2026-03-11 04:01:00+00:00,2026-03-10,0.026756394882401224,0.02284532760622347,0.018871161265736864,3.9833333333333334,2026-03-11 04:01:00+00:00,2026-03-10,-0.022606554628914033,0.05609718058742677,0.09343325185124558,3.9833333333333334
2026-03-12 08:00:00+00:00,0.0054508983785623855,0.002551005696176289,-0.03142750111742561,0.00997690461388731,2026-03-13 08:00:00+00:00,0.025578368231174986,2026-03-12 04:01:00+00:00,2026-03-11,0.0003420997335457088,-0.00514077402544373,0.010143763142424366,3.9833333333333334,2026-03-12 04:01:00+00:00,2026-03-11,0.004039200840566082,0.004646540823320621,0.003397551309089422,3.9833333333333334,2026-03-12 04:01:00+00:00,2026-03-11,-0.012090885178727362,0.00860985773648971,0.018957615917342515,3.9833333333333334,2026-03-12 04:01:00+00:00,2026-03-11,-0.028480362707032025,0.13595162933614738,0.09383289798649164,3.9833333333333334
2026-03-13 08:00:00+00:00,0.002887331479247024,0.025256575502593952,0.007791238965521141,0.009601452510007805,2026-03-14 08:00:00+00:00,-0.014181236920006612,2026-03-13 04:01:00+00:00,2026-03-12,-0.017432440576724773,-0.019649103491477433,0.010800615867475329,3.9833333333333334,2026-03-13 04:01:00+00:00,2026-03-12,0.005126356944010091,0.004219821132670612,0.0034974095223035736,3.9833333333333334,2026-03-13 04:01:00+00:00,2026-03-12,-0.010344742558356046,0.009231210513322012,0.01891599421582559,3.9833333333333334,2026-03-13 04:01:00+00:00,2026-03-12,0.11892879989181271,0.13893780423959684,0.09046846735378619,3.9833333333333334
2026-03-14 08:00:00+00:00,-0.006841174473038336,-0.014282611897414779,0.03979176987722254,0.008833910189727073,2026-03-15 08:00:00+00:00,0.012138106211226907,2026-03-14 04:01:00+00:00,2026-03-13,-0.006249709141425086,-0.010700591661315676,0.009893236518831906,3.9833333333333334,2026-03-14 04:01:00+00:00,2026-03-13,0.006196948879858333,0.013744914228393044,0.003649915772758569,3.9833333333333334,2026-03-14 04:01:00+00:00,2026-03-13,-0.012584138459256877,-0.018982213787641207,0.017829165521271652,3.9833333333333334,2026-03-14 04:01:00+00:00,2026-03-13,-0.0036710760758675853,-0.08120196418280537,0.09038409778806904,3.9833333333333334
2026-03-17 08:00:00+00:00,-0.0028868991419681578,0.01073277468526488,0.05314999055328827,0.007410989356406351,2026-03-18 08:00:00+00:00,-0.00492287336772923,2026-03-17 04:01:00+00:00,2026-03-16,0.011200418142873758,-0.012571462518239627,0.010231770397817053,3.9833333333333334,2026-03-17 04:01:00+00:00,2026-03-16,-0.006497763921042399,0.005329579520823704,0.004065793106174947,3.9833333333333334,2026-03-17 04:01:00+00:00,2026-03-16,-0.011824579132619917,-0.02008795044656012,0.017498104643873018,3.9833333333333334,2026-03-17 04:01:00+00:00,2026-03-16,-0.14542339609240118,-0.08125258961240228,0.09702338445479369,3.9833333333333334
2026-03-18 08:00:00+00:00,-0.007582322141436393,-0.004935030624327694,0.059035440171029165,0.006966607295718638,2026-03-19 08:00:00+00:00,-0.04997902111152919,2026-03-18 04:01:00+00:00,2026-03-17,0.005060318507352335,-0.007079313334379498,0.01029332315238418,3.9833333333333334,2026-03-18 04:01:00+00:00,2026-03-17,-0.001304604056988623,0.007560138686403189,0.004095205554252541,3.9833333333333334,2026-03-18 04:01:00+00:00,2026-03-17,0.0011987533933446315,-0.04564559193561612,0.016230735983742032,3.9833333333333334,2026-03-18 04:01:00+00:00,2026-03-17,-0.04970508704994003,-0.10835112203342824,0.09718717043267634,3.9833333333333334
2026-03-19 08:00:00+00:00,-0.014486427101337185,-0.051271069122809,0.0052133653520439836,0.007663359626755296,2026-03-20 08:00:00+00:00,0.009452757298782366,2026-03-19 04:01:00+00:00,2026-03-18,-0.014442945783033068,-0.021864358850958273,0.010613986213216553,3.9833333333333334,2026-03-19 04:01:00+00:00,2026-03-18,0.005108385040950125,0.008629322886787182,0.004072238089757143,3.9833333333333334,2026-03-19 04:01:00+00:00,2026-03-18,-0.02261717416161879,-0.05617188091850809,0.016343768562962522,3.9833333333333334,2026-03-19 04:01:00+00:00,2026-03-18,0.1147485848762928,0.03487782554989649,0.09972426998872819,3.9833333333333334
2026-03-20 08:00:00+00:00,0.0017620567476317461,0.00940821708853002,-0.01063499306201992,0.007884541122559737,2026-03-21 08:00:00+00:00,-0.0017970589372667822,2026-03-20 04:01:00+00:00,2026-03-19,-0.0028622413386649725,-0.007294159612898009,0.010598536436767137,3.9833333333333334,2026-03-20 04:01:00+00:00,2026-03-19,-0.008629322886787527,-0.005126356944009449,0.0046141946948331175,3.9833333333333334,2026-03-20 04:01:00+00:00,2026-03-19,-0.06116472469151013,-0.10699186305166002,0.021155542734016923,3.9833333333333334,2026-03-20 04:01:00+00:00,2026-03-19,-0.04191864983179805,-0.1259696241737143,0.10033999027832974,3.9833333333333334
2026-03-21 08:00:00+00:00,0.0009899234586754346,-0.001798675584776349,0.0018489432506183917,0.007740597613967557,2026-03-22 08:00:00+00:00,-0.025562395752815825,2026-03-21 04:01:00+00:00,2026-03-20,-0.01894756850637158,-0.019992018977843036,0.01107592133039902,3.9833333333333334,2026-03-21 04:01:00+00:00,2026-03-20,0.004223640215211155,-0.007099665608657256,0.00465514348498739,3.9833333333333334,2026-03-21 04:01:00+00:00,2026-03-20,-0.006709890029016563,-0.1011176146214219,0.020592407391411948,3.9833333333333334,2026-03-21 04:01:00+00:00,2026-03-20,0.1071046297164937,-0.01519391838135289,0.10135285712295937,3.9833333333333334
2026-03-24 08:00:00+00:00,0.01055887571797065,0.04238475722525174,-0.04064870828474661,0.008996181175058368,2026-03-25 08:00:00+00:00,-0.005117285742940569,2026-03-24 04:01:00+00:00,2026-03-23,0.01207996148530377,-0.019112475635412473,0.011259565465604976,3.9833333333333334,2026-03-24 04:01:00+00:00,2026-03-23,-0.007049420764024816,-0.00765132245163909,0.0049728827268094985,3.9833333333333334,2026-03-24 04:01:00+00:00,2026-03-23,-0.03732260647233332,-0.12661564196113279,0.02021115491463199,3.9833333333333334,2026-03-24 04:01:00+00:00,2026-03-23,-0.02380614975209472,0.10642332795895365,0.09997164043345365,3.9833333333333334
2026-03-25 08:00:00+00:00,0.0029677328723582974,-0.0051304238898952905,-0.04084410155031416,0.009564005562353317,2026-03-26 08:00:00+00:00,-0.011835287270496098,2026-03-25 04:01:00+00:00,2026-03-24,-0.0077251519920782385,-0.031897946134843876,0.010991471155703324,3.9833333333333334,2026-03-25 04:01:00+00:00,2026-03-24,0.004839240854074056,-0.0015074775405771108,0.00505563864664451,3.9833333333333334,2026-03-25 04:01:00+00:00,2026-03-24,-0.0012032296424013822,-0.12901762499688063,0.020275002553215005,3.9833333333333334,2026-03-25 04:01:00+00:00,2026-03-24,0.03013410684407436,0.18626252185296788,0.09810183796992378,3.9833333333333334
2026-03-26 08:00:00+00:00,-0.01182960319490789,-0.011905881840413723,-0.0014789142679187562,0.00914210802284201,2026-03-27 08:00:00+00:00,-0.02207171498916205,2026-03-26 04:01:00+00:00,2026-03-25,0.006665853308325254,-0.0107891470434849,0.010543562835636688,3.9833333333333334,2026-03-26 04:01:00+00:00,2026-03-25,0.0017082672092483264,-0.004907595372279314,0.005020769906517373,3.9833333333333334,2026-03-26 04:01:00+00:00,2026-03-25,0.03357357374063774,-0.07282687709462324,0.022011208389252,3.9833333333333334,2026-03-26 04:01:00+00:00,2026-03-25,-0.06199383334142228,0.009520103635252866,0.09689922385090796,3.9833333333333334
2026-03-27 08:00:00+00:00,-0.0033068753958040986,-0.02231908574491351,-0.033206217101362276,0.008912686875520352,2026-03-28 08:00:00+00:00,-0.02887344400368308,2026-03-27 04:01:00+00:00,2026-03-26,-0.024126430454776582,-0.03205333615959711,0.011450219829090145,3.9833333333333334,2026-03-27 04:01:00+00:00,2026-03-26,0.003007551658087415,0.0067292791725956265,0.0050414859656797446,3.9833333333333334,2026-03-27 04:01:00+00:00,2026-03-26,-0.03942898294597974,-0.0510911353490935,0.023178208806926535,3.9833333333333334,2026-03-27 04:01:00+00:00,2026-03-26,0.0800123388441003,0.13145109231115173,0.09782010332974425,3.9833333333333334
2026-03-28 08:00:00+00:00,0.004841521765664325,-0.029298487789075508,-0.06070602930566136,0.009778372638884314,2026-03-29 08:00:00+00:00,0.0016452456217550537,2026-03-28 04:01:00+00:00,2026-03-27,-0.019445092076249892,-0.03255085972947562,0.012027713514997693,3.9833333333333334,2026-03-28 04:01:00+00:00,2026-03-27,0.0024993764191911794,0.005005015376576397,0.005002928159970159,3.9833333333333334,2026-03-28 04:01:00+00:00,2026-03-27,0.02620576577664835,-0.018175479543427235,0.02411422229085465,3.9833333333333334,2026-03-28 04:01:00+00:00,2026-03-27,0.12359700552180364,0.14794346811646125,0.10013333154870327,3.9833333333333334
2026-03-31 08:00:00+00:00,-0.00499066611251564,-0.0038031906674011553,-0.05661438498112343,0.009032427481283939,2026-04-01 08:00:00+00:00,0.01965778852476774,2026-03-31 04:01:00+00:00,2026-03-30,-0.007784966908788604,-0.05241578812356834,0.011996339151191613,3.9833333333333334,2026-03-31 04:01:00+00:00,2026-03-30,0.0035881689427963437,0.01564260508339677,0.004794441203950902,3.9833333333333334,2026-03-31 04:01:00+00:00,2026-03-30,0.007429207535770033,0.02657633446467333,0.02393512962261973,3.9833333333333334,2026-03-31 04:01:00+00:00,2026-03-30,-0.014272055422166918,0.1574775624463892,0.09960369684992436,3.9833333333333334
2026-04-01 08:00:00+00:00,0.007618330424969955,0.019467217995771873,-0.03201674309545645,0.008818850541790775,2026-04-02 08:00:00+00:00,-0.02563923018692138,2026-04-01 04:01:00+00:00,2026-03-31,0.03370412969262482,-0.01098650643886478,0.014564774470508196,3.9833333333333334,2026-04-01 04:01:00+00:00,2026-03-31,-0.00548714948274398,0.005316214746579883,0.004809784293756678,3.9833333333333334,2026-04-01 04:01:00+00:00,2026-03-31,0.026512431127411418,0.05429199523448873,0.024166053870342073,3.9833333333333334,2026-04-01 04:01:00+00:00,2026-03-31,-0.19250059723595214,-0.06515714163363731,0.10826004975627633,3.9833333333333334
2026-04-02 08:00:00+00:00,0.005311193079073462,-0.025973643702061955,-0.046084504957104755,0.009068474696381406,2026-04-03 08:00:00+00:00,0.0016627623848457507,2026-04-02 04:01:00+00:00,2026-04-01,0.011717040606010087,-0.005935319141179636,0.014380153473402817,3.9833333333333334,2026-04-02 04:01:00+00:00,2026-04-01,-0.003106034836628524,0.0005019127007030272,0.00482006559701628,3.9833333333333334,2026-04-02 04:01:00+00:00,2026-04-01,0.0349904091181763,0.05570883061202559,0.02573353735447681,3.9833333333333334,2026-04-02 04:01:00+00:00,2026-04-01,-0.028521716438603573,-0.031685024730818405,0.10535492766372567,3.9833333333333334
2026-04-03 08:00:00+00:00,0.006916700384490326,0.001661381525953095,-0.02210403768623817,0.009179665732208497,2026-04-04 08:00:00+00:00,-0.0004046712154516241,2026-04-03 04:01:00+00:00,2026-04-02,0.0010626771603625684,0.01925378847395912,0.014397012962564576,3.9833333333333334,2026-04-03 04:01:00+00:00,2026-04-02,0.0038060668225332606,0.0013004278651482057,0.0047377216739985005,3.9833333333333334,2026-04-03 04:01:00+00:00,2026-04-02,-0.02810734041002405,0.0670304731479819,0.026284166218308477,3.9833333333333334,2026-04-03 04:01:00+00:00,2026-04-02,-0.02768199893202672,-0.1393793625069457,0.10242351261692821,3.9833333333333334
2026-04-07 08:00:00+00:00,-0.002250302287656325,-0.007133733537901031,0.01848569062759291,0.007624268815320208,2026-04-08 08:00:00+00:00,0.04375967218752441,2026-04-07 04:01:00+00:00,2026-04-06,0.006079936609607373,0.04477881715981586,0.014153505704250694,3.9833333333333334,2026-04-07 04:01:00+00:00,2026-04-06,-0.0004999292322445115,-0.0016988777862874272,0.004663593520146408,3.9833333333333334,2026-04-07 04:01:00+00:00,2026-04-06,0.001067874133223512,0.041892581504556686,0.02590814862740262,3.9833333333333334,2026-04-07 04:01:00+00:00,2026-04-06,0.012489754364652939,-0.2504866136640961,0.08904188109392638,3.9833333333333334
2026-04-08 08:00:00+00:00,0.0047608815056428,0.04282911818615371,0.041847590817974976,0.009701872742047769,2026-04-09 08:00:00+00:00,-0.009013007417951635,2026-04-08 04:01:00+00:00,2026-04-07,0.00042150288435749417,0.05298528695296203,0.013772729679053136,3.9833333333333334,2026-04-08 04:01:00+00:00,2026-04-07,-0.003406515293062462,-0.008693562022146143,0.00472975554989009,3.9833333333333334,2026-04-08 04:01:00+00:00,2026-04-07,0.0,0.03446337396878818,0.02589054288194557,3.9833333333333334,2026-04-08 04:01:00+00:00,2026-04-07,0.06448680279565,-0.17172775544627972,0.08449193496253392,3.9833333333333334
2026-04-09 08:00:00+00:00,-0.0001462235447871052,-0.009053870286172399,0.0587673642338646,0.008809671791006746,2026-04-10 08:00:00+00:00,0.007041784249276928,2026-04-09 04:01:00+00:00,2026-04-08,0.02854457472348315,0.04782573198382162,0.015332896693254999,3.9833333333333334,2026-04-09 04:01:00+00:00,2026-04-08,-0.005131591930476631,-0.008338004469879071,0.00480946603146885,3.9833333333333334,2026-04-09 04:01:00+00:00,2026-04-08,0.0195527205163053,0.02750366335767994,0.02548289839075153,3.9833333333333334,2026-04-09 04:01:00+00:00,2026-04-08,-0.20317360964153242,-0.18240076785185977,0.09596443413182033,3.9833333333333334
2026-04-10 08:00:00+00:00,-0.005396854352216707,0.007017106668309471,0.06412308937622084,0.008741165314746023,2026-04-11 08:00:00+00:00,0.017676235296092635,2026-04-10 04:01:00+00:00,2026-04-09,0.007158937929153453,0.0432676293069642,0.015418928999162277,3.9833333333333334,2026-04-10 04:01:00+00:00,2026-04-09,-0.0031320820085305456,-0.008364051641780588,0.004771545372898011,3.9833333333333334,2026-04-10 04:01:00+00:00,2026-04-09,0.008504262496240145,0.0010175167357460472,0.025582036436067424,3.9833333333333334,2026-04-10 04:01:00+00:00,2026-04-09,-0.07652387435003982,-0.23040292576329596,0.09708612608222036,3.9833333333333334
2026-04-11 08:00:00+00:00,-0.001665384991580865,0.01752182755869757,0.0820495208314383,0.008947746114850507,2026-04-12 08:00:00+00:00,-0.014851664806754705,2026-04-11 04:01:00+00:00,2026-04-10,0.0013645847301582137,0.04356953687675943,0.01484770936953056,3.9833333333333334,2026-04-11 04:01:00+00:00,2026-04-10,-0.00172176239317956,-0.013891880857493107,0.0046117124905236785,3.9833333333333334,2026-04-11 04:01:00+00:00,2026-04-10,-0.006371458031123822,0.022753399114644354,0.025542410027824397,3.9833333333333334,2026-04-11 04:01:00+00:00,2026-04-10,-0.013429953918780768,-0.21615088075005034,0.09215765836603237,3.9833333333333334
2026-04-14 08:00:00+00:00,0.0013634434874081336,0.051361357823263544,0.08276516775289264,0.009722141770060309,2026-04-15 08:00:00+00:00,-0.010940360440581887,2026-04-14 04:01:00+00:00,2026-04-13,0.010589427222821968,0.0480790274899756,0.014881997259575175,3.9833333333333334,2026-04-14 04:01:00+00:00,2026-04-13,-0.002842340490627926,-0.01623429211587705,0.00435133606406182,3.9833333333333334,2026-04-14 04:01:00+00:00,2026-04-13,-0.004186383727237342,0.017499141254184333,0.02545261291028516,3.9833333333333334,2026-04-14 04:01:00+00:00,2026-04-13,-0.005736651977433116,-0.23437728709213643,0.09214249826089897,3.9833333333333334
2026-04-15 08:00:00+00:00,-0.008313864269034354,-0.011000780431718447,0.02893526913502023,0.00779169718855493,2026-04-16 08:00:00+00:00,0.013245413054013166,2026-04-15 04:01:00+00:00,2026-04-14,0.017893023950570353,0.06555054855618697,0.015171811083684626,3.9833333333333334,2026-04-15 04:01:00+00:00,2026-04-14,-0.002544660063238169,-0.015372436886052436,0.004174727208028495,3.9833333333333334,2026-04-15 04:01:00+00:00,2026-04-14,0.017198280994108472,0.03469742224829351,0.025748346257186354,3.9833333333333334,2026-04-15 04:01:00+00:00,2026-04-14,-0.04056052243091113,-0.339424612318697,0.08734514499663538,3.9833333333333334
2026-04-16 08:00:00+00:00,-0.0024222707699514956,0.013158593408536872,0.05114773282972959,0.008155055399962969,2026-04-17 08:00:00+00:00,0.0049224289765539275,2026-04-16 04:01:00+00:00,2026-04-15,0.013933132331334974,0.050939106164038864,0.015383472416652931,3.9833333333333334,2026-04-16 04:01:00+00:00,2026-04-15,-0.0006117360563377972,-0.010852581011914088,0.004173226629827708,3.9833333333333334,2026-04-16 04:01:00+00:00,2026-04-15,-0.005478785935615349,0.009665915796373343,0.025754203260751805,3.9833333333333334,2026-04-16 04:01:00+00:00,2026-04-15,-0.010402502784264467,-0.14665350546142916,0.08690177657519964,3.9833333333333334
2026-04-17 08:00:00+00:00,0.006132001191224035,0.004910352778489709,0.049040978939910065,0.008055982977476828,2026-04-18 08:00:00+00:00,0.025614867100474337,2026-04-17 04:01:00+00:00,2026-04-16,0.004888697859584568,0.0486688660944685,0.014841198596449383,3.9833333333333334,2026-04-17 04:01:00+00:00,2026-04-16,0.0016303617133308634,-0.006090137290052713,0.003983574143232421,3.9833333333333334,2026-04-17 04:01:00+00:00,2026-04-16,-0.0031770068196657064,-0.0020153535195339307,0.025292989581201106,3.9833333333333334,2026-04-17 04:01:00+00:00,2026-04-16,-0.012739025777429802,-0.08286865688881918,0.08176273646732045,3.9833333333333334
2026-04-18 08:00:00+00:00,-9.96082746329563e-05,0.0252922997553038,0.05681145113651624,0.008994865232035784,2026-04-19 08:00:00+00:00,-0.022668962316970243,2026-04-18 04:01:00+00:00,2026-04-17,0.01280753044696148,0.06011181181127424,0.014886712778688376,3.9833333333333334,2026-04-18 04:01:00+00:00,2026-04-17,-0.0012225220223562872,-0.005590896919229766,0.0035523442158215254,3.9833333333333334,2026-04-18 04:01:00+00:00,2026-04-17,0.014719718632466794,0.01907582314405772,0.02112627027876936,3.9833333333333334,2026-04-18 04:01:00+00:00,2026-04-17,-0.02597548640326064,-0.09541418937329893,0.08158218064753693,3.9833333333333334
2026-04-21 08:00:00+00:00,0.004928247229873506,0.01652777513796641,0.020426077319351626,0.008285050639616832,2026-04-22 08:00:00+00:00,0.02534608304415875,2026-04-21 04:01:00+00:00,2026-04-20,-0.003082449878984761,0.04643993470946546,0.013963092554170897,3.9833333333333334,2026-04-21 04:01:00+00:00,2026-04-20,-0.0005097672501355177,-0.0032583236787371798,0.003368922229206105,3.9833333333333334,2026-04-21 04:01:00+00:00,2026-04-20,-0.010465320161639369,0.012796886709654088,0.021232492899930743,3.9833333333333334,2026-04-21 04:01:00+00:00,2026-04-20,0.07651598915306934,-0.013161548242796351,0.07941119393875284,3.9833333333333334
2026-04-22 08:00:00+00:00,0.00631772835871125,0.02503032578055932,0.05645718353162937,0.008660843417914555,2026-04-23 08:00:00+00:00,0.0004592837224874913,2026-04-22 04:01:00+00:00,2026-04-21,-0.004178243742572363,0.02436866701632387,0.014023022877722242,3.9833333333333334,2026-04-22 04:01:00+00:00,2026-04-21,0.003664878356810064,0.0029512147413108844,0.0031704471678726093,3.9833333333333334,2026-04-22 04:01:00+00:00,2026-04-21,-0.02287387820870812,-0.027275272493163326,0.020009620448631513,3.9833333333333334,2026-04-22 04:01:00+00:00,2026-04-21,0.032841106189242186,0.06024008037735672,0.08018107632082928,3.9833333333333334
2026-04-23 08:00:00+00:00,0.0038789463552220127,0.0004591782251556256,0.04375776834824823,0.008694152488018112,2026-04-24 08:00:00+00:00,-0.005176517557455629,2026-04-23 04:01:00+00:00,2026-04-22,0.01714143235859744,0.027576967043585275,0.013982088346669946,3.9833333333333334,2026-04-23 04:01:00+00:00,2026-04-22,0.0018273373184429786,0.005390288116091802,0.0029806581185552582,3.9833333333333334,2026-04-23 04:01:00+00:00,2026-04-22,0.007051926696608035,-0.014744559860939506,0.019994303785486226,3.9833333333333334,2026-04-23 04:01:00+00:00,2026-04-22,-0.03019490194596841,0.040447681215652335,0.07953897443607034,3.9833333333333334
2026-04-24 08:00:00+00:00,-0.0012002643953028524,-0.005189961475261568,0.03365745409449674,0.008830640505038106,2026-04-25 08:00:00+00:00,-0.0018468769041087851,2026-04-24 04:01:00+00:00,2026-04-23,-0.0057575995293230875,0.016930669654678956,0.014214128350456228,3.9833333333333334,2026-04-24 04:01:00+00:00,2026-04-23,0.0021278361999446105,0.005887762602705929,0.0029978835297530797,3.9833333333333334,2026-04-24 04:01:00+00:00,2026-04-23,-0.00612009929675672,-0.017687652338029783,0.01882283171309497,3.9833333333333334,2026-04-24 04:01:00+00:00,2026-04-23,0.020403532816690717,0.07359023980977293,0.0792567590025624,3.9833333333333334
2026-04-25 08:00:00+00:00,-0.002292560637659591,-0.0018487132760076667,0.006516441063185267,0.007694079633076439,2026-04-26 08:00:00+00:00,0.007759106666620275,2026-04-25 04:01:00+00:00,2026-04-24,0.019267547383179817,0.023390686590895486,0.012746778946071517,3.9833333333333334,2026-04-25 04:01:00+00:00,2026-04-24,-0.0029395480890528347,0.0041707365360090665,0.002936072717324761,3.9833333333333334,2026-04-25 04:01:00+00:00,2026-04-24,0.003571072167241951,-0.028836298803255053,0.016121476246752028,3.9833333333333334,2026-04-25 04:01:00+00:00,2026-04-24,-0.031564956154424895,0.06800077005860893,0.07619058790857937,3.9833333333333334
2026-04-28 08:00:00+00:00,0.0008341225014429909,-0.009416075745241306,0.01039393754796494,0.007517162764751151,2026-04-29 08:00:00+00:00,0.00226810136619382,2026-04-28 04:01:00+00:00,2026-04-27,7.360518447008246e-05,0.0265467416543519,0.011249240876624291,3.9833333333333334,2026-04-28 04:01:00+00:00,2026-04-27,-0.000304571589342828,0.004375932196802327,0.002840625659690768,3.9833333333333334,2026-04-28 04:01:00+00:00,2026-04-27,-0.010005744880542622,-0.02837672352215697,0.015518620113779679,3.9833333333333334,2026-04-28 04:01:00+00:00,2026-04-27,-0.03757588810580659,-0.046091107200267094,0.06842590565249136,3.9833333333333334
2026-04-29 08:00:00+00:00,0.0007641753529732398,0.002265403327224848,-0.012370984905369522,0.006428343555277745,2026-04-30 08:00:00+00:00,-0.01157609016574812,2026-04-29 04:01:00+00:00,2026-04-28,-0.010184002738050424,0.020540982658874506,0.011440855033049906,3.9833333333333334,2026-04-29 04:01:00+00:00,2026-04-28,0.0014205926824697457,0.002131646522461885,0.002700655235606591,3.9833333333333334,2026-04-29 04:01:00+00:00,2026-04-28,-0.01834052163097688,-0.023843366944425782,0.01611897139857361,3.9833333333333334,2026-04-29 04:01:00+00:00,2026-04-28,-0.010599820305142948,-0.08953203369465215,0.06846735275583325,3.9833333333333334
2026-04-30 08:00:00+00:00,0.00307147789919604,-0.011643484937156997,-0.02447364806768224,0.006867328994858808,2026-05-01 08:00:00+00:00,0.012721228407937879,2026-04-30 04:01:00+00:00,2026-04-29,0.005827474495690765,0.009227024795967508,0.009737980885141335,3.9833333333333334,2026-04-30 04:01:00+00:00,2026-04-29,0.0030373154966234495,0.0033416247006422864,0.0026181803178246866,3.9833333333333334,2026-04-30 04:01:00+00:00,2026-04-29,-0.010229187187446698,-0.04112448082848035,0.015108595121250987,3.9833333333333334,2026-04-30 04:01:00+00:00,2026-04-29,0.05350621143789036,-0.0058309203107933215,0.05855431800092751,3.9833333333333334
2026-05-01 08:00:00+00:00,-7.001093337066777e-06,0.012640993324547063,-0.00664269326787357,0.006679040077821392,2026-05-02 08:00:00+00:00,0.014124884902919188,2026-05-01 04:01:00+00:00,2026-04-30,0.009705165527622128,0.02468978985291311,0.00969457453533751,3.9833333333333334,2026-05-01 04:01:00+00:00,2026-04-30,-0.008527933285863654,-0.007314144785166003,0.0031303291724334792,3.9833333333333334,2026-05-01 04:01:00+00:00,2026-04-30,0.014818975567985504,-0.020185405963739106,0.013127577961750885,3.9833333333333334,2026-05-01 04:01:00+00:00,2026-04-30,-0.10766691249323035,-0.1339013656207143,0.062102928630102076,3.9833333333333334
2026-05-02 08:00:00+00:00,-0.0022985580289933694,0.014026058239107226,0.009232078247241343,0.006816839860395786,2026-05-03 08:00:00+00:00,0.001831245205829779,2026-05-02 04:01:00+00:00,2026-05-01,0.009362962936961594,0.014785205406695387,0.009618911467839223,3.9833333333333334,2026-05-02 04:01:00+00:00,2026-05-01,0.0013245429906509898,-0.0030500537054619944,0.002984167200318299,3.9833333333333334,2026-05-02 04:01:00+00:00,2026-05-01,0.0032132314740618284,-0.020543246656918767,0.011624230560820879,3.9833333333333334,2026-05-02 04:01:00+00:00,2026-05-01,0.005903204864131872,-0.09643320460215771,0.06230043623705277,3.9833333333333334
2026-05-05 08:00:00+00:00,-0.0004635586885672893,0.01443591696891775,0.05042832464280983,0.0072746692811577725,2026-05-06 08:00:00+00:00,0.006236179836174749,2026-05-05 04:01:00+00:00,2026-05-04,-0.00211476804732591,0.012596832174898001,0.009836405187603363,3.9833333333333334,2026-05-05 04:01:00+00:00,2026-05-04,0.00264391180886836,-0.0001015703072515057,0.003088337383312523,3.9833333333333334,2026-05-05 04:01:00+00:00,2026-05-04,-0.024233615823709087,-0.034771117600085534,0.012778164053223219,3.9833333333333334,2026-05-05 04:01:00+00:00,2026-05-04,0.07372952671893351,0.014872210222582425,0.0652606972034411,3.9833333333333334
2026-05-06 08:00:00+00:00,-0.0027233101880970167,0.006216815332020993,0.054379736647606036,0.0073146119182425475,2026-05-07 08:00:00+00:00,0.0019512088399409322,2026-05-06 04:01:00+00:00,2026-05-05,0.013050682357327759,0.035831517270276274,0.009818632915479863,3.9833333333333334,2026-05-06 04:01:00+00:00,2026-05-05,0.00010157030725110872,-0.001420592682469363,0.003029226570258698,3.9833333333333334,2026-05-06 04:01:00+00:00,2026-05-05,0.007734815434808695,-0.008695780534299891,0.012946436874816518,3.9833333333333334,2026-05-06 04:01:00+00:00,2026-05-05,-0.05103434256552841,-0.02556231203780297,0.06302826090172155,3.9833333333333334
2026-05-07 08:00:00+00:00,0.008422043050638095,0.0019494303760065521,0.06797265196076978,0.007033427472389127,2026-05-08 08:00:00+00:00,-0.022524560968132934,2026-05-07 04:01:00+00:00,2026-05-06,0.020635451448443476,0.050639494223028984,0.009047566739590323,3.9833333333333334,2026-05-07 04:01:00+00:00,2026-05-06,-0.004682010729696984,-0.009139918908789844,0.0029951927131330615,3.9833333333333334,2026-05-07 04:01:00+00:00,2026-05-06,0.027164041699961672,0.028697448353109046,0.01368131909688187,3.9833333333333334,2026-05-07 04:01:00+00:00,2026-05-06,0.0005752085289461029,-0.07849331494674727,0.04597321501298033,3.9833333333333334
2026-05-08 08:00:00+00:00,0.0013003792773407241,-0.022782236419825574,0.03254942221639711,0.007377201702662924,2026-05-09 08:00:00+00:00,0.006858227161832708,2026-05-08 04:01:00+00:00,2026-05-07,-0.0012322878146431293,0.0397020408807637,0.00922861191246946,3.9833333333333334,2026-05-08 04:01:00+00:00,2026-05-07,0.002343745515404727,0.00173175989247816,0.0029982668910247218,3.9833333333333334,2026-05-08 04:01:00+00:00,2026-05-07,0.0035299866905305066,0.017408459475653837,0.01354638172800683,3.9833333333333334,2026-05-08 04:01:00+00:00,2026-05-07,-0.017987140005768065,0.01118645754071495,0.04326710225807333,3.9833333333333334
2026-05-09 08:00:00+00:00,-0.0019308549450283152,0.00683494114146744,0.02535830511875719,0.00717061058914093,2026-05-10 08:00:00+00:00,0.006321289789910978,2026-05-09 04:01:00+00:00,2026-05-08,0.02322088170945058,0.05355995965325324,0.009860948117448979,3.9833333333333334,2026-05-09 04:01:00+00:00,2026-05-08,-0.004181796800026838,-0.003774579898199342,0.003108560185920123,3.9833333333333334,2026-05-09 04:01:00+00:00,2026-05-08,0.0041942725366546085,0.018389500538247703,0.013536988555747913,3.9833333333333334,2026-05-09 04:01:00+00:00,2026-05-08,0.006419631034334294,0.011702883710917293,0.043329793803313504,3.9833333333333334
2026-05-12 08:00:00+00:00,-0.0023887731662775025,0.001546974488891282,0.00012132005884978487,0.006301676603718231,2026-05-13 08:00:00+00:00,0.0019973931990691085,2026-05-12 04:01:00+00:00,2026-05-11,0.0029261047372752813,0.05860083243785506,0.009887214533916956,3.9833333333333334,2026-05-12 04:01:00+00:00,2026-05-11,0.0010216172523973555,-0.005396874454670049,0.003069406162269074,3.9833333333333334,2026-05-12 04:01:00+00:00,2026-05-11,-0.0004228597896709374,0.042200256572284496,0.013510580387948216,3.9833333333333334,2026-05-12 04:01:00+00:00,2026-05-11,0.06693529753278282,0.004908654524766699,0.04626598402597293,3.9833333333333334
2026-05-13 08:00:00+00:00,-0.0027492529960575496,0.001995401061553474,-0.004100094211617621,0.0062701465942684885,2026-05-14 08:00:00+00:00,-0.015808696665256305,2026-05-13 04:01:00+00:00,2026-05-12,-0.008764545445302474,0.03678560463522338,0.010164099026927767,3.9833333333333334,2026-05-13 04:01:00+00:00,2026-05-12,0.0035672306913490104,-0.0019312140705726663,0.0031293468999323954,3.9833333333333334,2026-05-13 04:01:00+00:00,2026-05-12,-0.008921612855585792,0.025543828281889638,0.012970801610140246,3.9833333333333334,2026-05-13 04:01:00+00:00,2026-05-12,-0.02144706896509918,0.03449592812519576,0.04561987279658962,3.9833333333333334
2026-05-14 08:00:00+00:00,0.008830919977825147,-0.015935112265918122,-0.021984636853542364,0.006735178027920177,2026-05-15 08:00:00+00:00,0.013403683370160735,2026-05-14 04:01:00+00:00,2026-05-13,0.010341686332845157,0.026491839519625325,0.010045296758426013,3.9833333333333334,2026-05-14 04:01:00+00:00,2026-05-13,0.0019312140705727288,0.004682010729697226,0.0031510672116117212,3.9833333333333334,2026-05-14 04:01:00+00:00,2026-05-13,0.004258315283149017,0.0026381018650767593,0.01300473074350283,3.9833333333333334,2026-05-14 04:01:00+00:00,2026-05-13,-0.006692718791105001,0.027228000805145088,0.04558723729793011,3.9833333333333334
2026-05-15 08:00:00+00:00,-0.00301802809766194,0.013314774116870879,0.014112373683154107,0.007529219085804932,2026-05-16 08:00:00+00:00,-0.03025556679660979,2026-05-15 04:01:00+00:00,2026-05-14,0.007239092416639892,0.03496321975090854,0.010049093517503847,3.9833333333333334,2026-05-15 04:01:00+00:00,2026-05-14,0.0040534499687954195,0.006391715183087647,0.003253325807006957,3.9833333333333334,2026-05-15 04:01:00+00:00,2026-05-14,-0.0045571609159758,-0.005449045741428699,0.013019278245795624,3.9833333333333334,2026-05-15 04:01:00+00:00,2026-05-14,-0.034731643516054955,0.010483497294858203,0.046151315131967206,3.9833333333333334
2026-05-16 08:00:00+00:00,-0.009061943673025041,-0.030722840723823305,-0.023445408182136692,0.008097153052215991,2026-05-17 08:00:00+00:00,-0.0024215966919901577,2026-05-16 04:01:00+00:00,2026-05-15,-0.015504873638985117,-0.0037625355975283293,0.01096459090100777,3.9833333333333334,2026-05-16 04:01:00+00:00,2026-05-15,0.003936410852977801,0.014509922836091977,0.0033270304678208493,3.9833333333333334,2026-05-16 04:01:00+00:00,2026-05-15,-0.026690724101015917,-0.03633404237910032,0.013617334856714411,3.9833333333333334,2026-05-16 04:01:00+00:00,2026-05-15,0.06558808602644994,0.069651952286974,0.048139393536103185,3.9833333333333334
2026-05-19 08:00:00+00:00,0.005798973274631081,0.0020737836044010245,-0.04595028327517824,0.007770209691584792,2026-05-20 08:00:00+00:00,0.0006340498083219348,2026-05-19 04:01:00+00:00,2026-05-18,-0.004502108422370199,-0.011190748757173,0.011020026595981426,3.9833333333333334,2026-05-19 04:01:00+00:00,2026-05-18,-0.003026590542764218,0.010461715040930523,0.0034173021277447016,3.9833333333333334,2026-05-19 04:01:00+00:00,2026-05-18,-0.0008552511810933083,-0.03676643377052165,0.013522873668647926,3.9833333333333334,2026-05-19 04:01:00+00:00,2026-05-18,-0.03365834963906833,-0.0309416948848777,0.04547119429817413,3.9833333333333334
2026-05-20 08:00:00+00:00,0.007260779486383484,0.0006335900113278042,-0.04731209432540378,0.007674061422801118,2026-05-21 08:00:00+00:00,0.007846004245454896,2026-05-20 04:01:00+00:00,2026-05-19,-0.0060723090558365556,-0.008498512367706415,0.01110478419353781,3.9833333333333334,2026-05-20 04:01:00+00:00,2026-05-19,0.0033288155411614895,0.010223299890743092,0.003401539986439072,3.9833333333333334,2026-05-20 04:01:00+00:00,2026-05-19,-0.010320694017636356,-0.038165514932572225,0.012819325259722278,3.9833333333333334,2026-05-20 04:01:00+00:00,2026-05-19,0.013378125946176045,0.003883500026397612,0.04487117641984549,3.9833333333333334
2026-05-21 08:00:00+00:00,-0.002432683909137978,0.007815513807247055,-0.02356146825223864,0.006666466219467808,2026-05-22 08:00:00+00:00,-0.006174683694143646,2026-05-21 04:01:00+00:00,2026-05-20,0.0164796534694176,-0.00236054523113402,0.011065211911798016,3.9833333333333334,2026-05-21 04:01:00+00:00,2026-05-20,-0.0019152512068911776,0.006376834613278986,0.003424656671939774,3.9833333333333334,2026-05-21 04:01:00+00:00,2026-05-20,0.005327953658273543,-0.03709587655744805,0.012759083682723894,3.9833333333333334,2026-05-21 04:01:00+00:00,2026-05-20,-0.034933129508005756,-0.024356910690503088,0.04502990036613796,3.9833333333333334
2026-05-22 08:00:00+00:00,-0.004793162051058175,-0.006193955077702789,-0.043070197446812175,0.005454188717425609,2026-05-23 08:00:00+00:00,-0.036155145064332594,2026-05-22 04:01:00+00:00,2026-05-21,0.0020312118223184683,-0.007568425825455403,0.010830895516846793,3.9833333333333334,2026-05-22 04:01:00+00:00,2026-05-21,0.00080687679439162,0.0031302614388748545,0.0033994442821588078,3.9833333333333334,2026-05-22 04:01:00+00:00,2026-05-21,0.0015863308240593454,-0.03095238481741276,0.012755417709370097,3.9833333333333334,2026-05-22 04:01:00+00:00,2026-05-21,-0.03977132342689682,-0.029396590601344957,0.04531782897217452,3.9833333333333334
2026-05-23 08:00:00+00:00,-0.013656079208200111,-0.03682494103298153,-0.04917229775597033,0.0054083468456925425,2026-05-24 08:00:00+00:00,0.029361191496456884,2026-05-23 04:01:00+00:00,2026-05-22,0.00422751810489963,0.012163965918428703,0.010265497684739801,3.9833333333333334,2026-05-23 04:01:00+00:00,2026-05-22,0.00130973019598013,0.0005035807818782223,0.0033250706117160475,3.9833333333333334,2026-05-23 04:01:00+00:00,2026-05-22,-0.004257770150841722,-0.008519430867238012,0.01269677189782698,3.9833333333333334,2026-05-23 04:01:00+00:00,2026-05-22,-0.003586375631227323,-0.0985710522590225,0.044952628552100866,3.9833333333333334
2026-05-27 08:00:00+00:00,0.003879335872030154,-0.009870813185868393,-0.017036450389502928,0.005831975365270998,2026-05-28 08:00:00+00:00,-0.032630332589425604,2026-05-27 04:01:00+00:00,2026-05-26,0.017473673200736783,0.03413974754153516,0.010659501648967883,3.9833333333333334,2026-05-27 04:01:00+00:00,2026-05-26,-0.001511426833076257,0.002018744491565475,0.0033495710424227263,3.9833333333333334,2026-05-27 04:01:00+00:00,2026-05-26,-0.004631417203363242,-0.012295596889508134,0.012582582909234852,3.9833333333333334,2026-05-27 04:01:00+00:00,2026-05-26,0.025001302205417186,-0.05989814158106884,0.04476456023401557,3.9833333333333334
2026-05-28 08:00:00+00:00,0.003270601509644422,-0.033174705457737985,-0.058026669654487946,0.006344085386236315,2026-05-29 08:00:00+00:00,0.0004156575689133746,2026-05-28 04:01:00+00:00,2026-05-27,-0.0009253873309678085,0.03928666926640362,0.010168486120926752,3.9833333333333334,2026-05-28 04:01:00+00:00,2026-05-27,0.0004032756993979092,-0.0009067953501983679,0.0033401543491341276,3.9833333333333334,2026-05-28 04:01:00+00:00,2026-05-27,-0.012043874924552611,-0.014018777796423992,0.01222813628531989,3.9833333333333334,2026-05-28 04:01:00+00:00,2026-05-27,-0.043249983793816504,-0.06821499586687993,0.04362367264559618,3.9833333333333334
2026-05-29 08:00:00+00:00,0.003092556796932655,0.0004157072088212652,-0.051417007367963966,0.006378493792240109,2026-05-30 08:00:00+00:00,0.0002726831958470566,2026-05-29 04:01:00+00:00,2026-05-28,0.008316688160316943,0.031123703957303957,0.010192159887470143,3.9833333333333334,2026-05-29 04:01:00+00:00,2026-05-28,-0.0019169904019307182,-0.0009085345452367026,0.0033099005678829687,3.9833333333333334,2026-05-29 04:01:00+00:00,2026-05-28,0.011377326701735413,-0.007969404752962834,0.01239446725097223,3.9833333333333334,2026-05-29 04:01:00+00:00,2026-05-28,-0.03434617962469666,-0.06278985206467992,0.03736786970944771,3.9833333333333334
2026-05-30 08:00:00+00:00,0.0003343926544729925,0.0002725100229568966,-0.014319556312025479,0.005714753845443902,2026-05-31 08:00:00+00:00,0.0043868951958296876,2026-05-30 04:01:00+00:00,2026-05-29,0.0036094606489172065,0.032701952783902394,0.01014435955556609,3.9833333333333334,2026-05-30 04:01:00+00:00,2026-05-29,-0.0011114332552937256,-0.002826844594921995,0.0026473765622662794,3.9833333333333334,2026-05-30 04:01:00+00:00,2026-05-29,0.02061161963248992,0.011055884055467168,0.012835694034363071,3.9833333333333334,2026-05-30 04:01:00+00:00,2026-05-29,-0.02704607867681208,-0.08624955511026414,0.03765550847413719,3.9833333333333334
2026-06-02 08:00:00+00:00,-0.011841883712065737,-0.03777765038971642,-0.09011818660956716,0.0058440410899746,2026-06-03 08:00:00+00:00,-0.041335643330240424,2026-06-02 04:01:00+00:00,2026-06-01,0.0059388335513901325,0.034413268230393645,0.010095448211087934,3.9833333333333334,2026-06-02 04:01:00+00:00,2026-06-01,0.0029276007507279544,-0.0012089740401748077,0.0026999075369185405,3.9833333333333334,2026-06-02 04:01:00+00:00,2026-06-01,-0.019057030995774937,-0.0037433767894663353,0.013456982200096992,3.9833333333333334,2026-06-02 04:01:00+00:00,2026-06-01,0.04654968526357983,-0.03309125462632822,0.03505896058081901,3.9833333333333334
2026-06-03 08:00:00+00:00,0.020593359007353484,-0.042214258405648276,-0.12246163182934702,0.008303252794256909,2026-06-04 08:00:00+00:00,-0.05380658116338233,2026-06-03 04:01:00+00:00,2026-06-02,0.004797443843472138,0.021737038873128417,0.00996304091474089,3.9833333333333334,2026-06-03 04:01:00+00:00,2026-06-02,0.00020163564875819162,0.0005040884416601016,0.002652727055502495,3.9833333333333334,2026-06-03 04:01:00+00:00,2026-06-02,0.003013473751872553,0.003901514165769945,0.012370839987958984,3.9833333333333334,2026-06-03 04:01:00+00:00,2026-06-02,-0.01759944860107776,-0.07569200543282353,0.0335916951731924,3.9833333333333334
2026-06-04 08:00:00+00:00,-0.011883549459986043,-0.05530827117112784,-0.14459519754273695,0.008799560185790315,2026-06-05 08:00:00+00:00,-0.007659369072129385,2026-06-04 04:01:00+00:00,2026-06-03,-0.0029187245937869477,0.019743701610311,0.009937626669373865,3.9833333333333334,2026-06-04 04:01:00+00:00,2026-06-03,0.0031194748173994924,0.003220287559661786,0.002721046505364403,3.9833333333333334,2026-06-04 04:01:00+00:00,2026-06-03,-0.01179521423162555,0.00415017485869782,0.01248612528444264,3.9833333333333334,2026-06-04 04:01:00+00:00,2026-06-03,0.018222307543668492,-0.014219714095338223,0.03397161125027229,3.9833333333333334
2026-06-05 08:00:00+00:00,0.0061343426263267276,-0.007688852686498324,-0.15269975743805647,0.01002047177075644,2026-06-06 08:00:00+00:00,-0.03344699180033461,2026-06-05 04:01:00+00:00,2026-06-04,-0.00536020409331428,0.0060668093566774595,0.009382180052277011,3.9833333333333334,2026-06-05 04:01:00+00:00,2026-06-04,-0.0012063449308028495,0.003930933030788501,0.0024700487327500935,3.9833333333333334,2026-06-05 04:01:00+00:00,2026-06-04,0.008493257192172976,0.0012661053491342944,0.010850642424015828,3.9833333333333334,2026-06-05 04:01:00+00:00,2026-06-04,-0.04196419909903204,-0.021837733569673685,0.03490232892144575,3.9833333333333334
2026-06-06 08:00:00+00:00,0.005224842213818803,-0.03401913631296794,-0.1869914037739814,0.011031459050420918,2026-06-07 08:00:00+00:00,0.02294518723480632,2026-06-06 04:01:00+00:00,2026-06-05,-0.04886682363078165,-0.046409474923021596,0.014934206233327212,3.9833333333333334,2026-06-06 04:01:00+00:00,2026-06-05,0.006617188990247769,0.011659555276330277,0.0027842136306459506,3.9833333333333334,2026-06-06 04:01:00+00:00,2026-06-05,-0.03150102035015401,-0.05084653463350849,0.012589251672856436,3.9833333333333334,2026-06-06 04:01:00+00:00,2026-06-05,0.33415043386005516,0.3393587789671934,0.08359789487790308,3.9833333333333334
2026-06-09 08:00:00+00:00,0.005128285110281183,-0.001352757265116298,-0.1039059096943893,0.012574492917433653,2026-06-10 08:00:00+00:00,-0.02390691922142385,2026-06-09 04:01:00+00:00,2026-06-08,0.015646905133554156,-0.03670140334085652,0.0144198228783135,3.9833333333333334,2026-06-09 04:01:00+00:00,2026-06-08,-0.00019984652067250863,0.008532108004929586,0.002531236829056365,3.9833333333333334,2026-06-09 04:01:00+00:00,2026-06-08,-0.0004353231151306147,-0.03222482675286458,0.012476394489136497,3.9833333333333334,2026-06-09 04:01:00+00:00,2026-06-08,-0.1282983796559063,0.16451071404770734,0.08802954931246638,3.9833333333333334
2026-06-10 08:00:00+00:00,0.0022382861275787036,-0.024197327466260053,-0.08588897875500112,0.011898221718201592,2026-06-11 08:00:00+00:00,0.01672671118779867,2026-06-10 04:01:00+00:00,2026-06-09,-0.011274196576154694,-0.052773043760482724,0.014632045941109456,3.9833333333333334,2026-06-10 04:01:00+00:00,2026-06-09,-0.0014002741330596535,0.006930198223111544,0.0025932048528494356,3.9833333333333334,2026-06-10 04:01:00+00:00,2026-06-09,-0.01780435056962304,-0.05304265107436035,0.0128119560202836,3.9833333333333334,2026-06-10 04:01:00+00:00,2026-06-09,0.04899149293999283,0.2311016555887785,0.08847330091103005,3.9833333333333334
2026-06-11 08:00:00+00:00,0.0004769997619327171,0.016588360391946524,-0.01399234719192673,0.012508908603767214,2026-06-12 08:00:00+00:00,0.00608121348118984,2026-06-11 04:01:00+00:00,2026-06-10,-0.020019608911884035,-0.06987392807858156,0.015176800655810188,3.9833333333333334,2026-06-11 04:01:00+00:00,2026-06-10,0.000400213014555284,0.004210936420267257,0.002523678264745385,3.9833333333333334,2026-06-11 04:01:00+00:00,2026-06-10,-0.03637112488456751,-0.07761856172730186,0.014608586129206487,3.9833333333333334,2026-06-11 04:01:00+00:00,2026-06-10,0.11178172764775862,0.3246610756928683,0.0915635959819152,3.9833333333333334
2026-06-12 08:00:00+00:00,-0.0066972479168772026,0.006062797525679044,-0.00024069697974939507,0.011666090678534058,2026-06-13 08:00:00+00:00,0.011809517470459774,2026-06-12 04:01:00+00:00,2026-06-11,0.03237840238539924,-0.0321353215998659,0.016758538242340797,3.9833333333333334,2026-06-12 04:01:00+00:00,2026-06-11,-0.0009008192290291817,0.00451646212204205,0.002538482421155486,3.9833333333333334,2026-06-12 04:01:00+00:00,2026-06-11,-0.004680280910061896,-0.09079209982953579,0.014404432768191764,3.9833333333333334,2026-06-12 04:01:00+00:00,2026-06-11,-0.13365998517919087,0.23296528961270951,0.09668686848188417,3.9833333333333334
2026-06-13 08:00:00+00:00,0.004930217714740337,0.011740485932419682,0.04551892526563835,0.010461266904315149,2026-06-14 08:00:00+00:00,0.00913761381098488,2026-06-13 04:01:00+00:00,2026-06-12,0.0064239453576036,0.02315544738851962,0.016741333219562306,3.9833333333333334,2026-06-13 04:01:00+00:00,2026-06-12,-0.001102155414562489,-0.003202882282768821,0.002439409192191931,3.9833333333333334,2026-06-13 04:01:00+00:00,2026-06-12,0.02988437301046787,-0.02940670646891469,0.016573307732748753,3.9833333333333334,2026-06-13 04:01:00+00:00,2026-06-12,-0.09489874182279578,-0.19608388607014143,0.09812550542244208,3.9833333333333334
2026-06-16 08:00:00+00:00,0.0031204846970904754,0.010560599594198946,0.04899566349667695,0.01014447496899809,2026-06-17 08:00:00+00:00,-0.012542789127945597,2026-06-16 04:01:00+00:00,2026-06-15,0.030177520195671548,0.03768606245063565,0.017595639533682258,3.9833333333333334,2026-06-16 04:01:00+00:00,2026-06-15,-0.0012037592810294484,-0.004206795043125626,0.002319245574936144,3.9833333333333334,2026-06-16 04:01:00+00:00,2026-06-15,0.026263451765016654,-0.0027079315887683984,0.017146915738835904,3.9833333333333334,2026-06-16 04:01:00+00:00,2026-06-15,-0.08742281497115911,-0.15520832138539392,0.09975909043176125,3.9833333333333334
2026-06-17 08:00:00+00:00,-0.004756633617416739,-0.012622266487871545,0.06057072447506554,0.008988565372624633,2026-06-18 08:00:00+00:00,-0.015701368533270976,2026-06-17 04:01:00+00:00,2026-06-16,-0.01903113292071623,0.029929126106073893,0.01818470624768324,3.9833333333333334,2026-06-17 04:01:00+00:00,2026-06-16,-0.0009037138609526707,-0.0037102347710185448,0.002210760223449169,3.9833333333333334,2026-06-17 04:01:00+00:00,2026-06-16,0.0006431897045757751,0.015739608685431235,0.017157106271271493,3.9833333333333334,2026-06-17 04:01:00+00:00,2026-06-16,0.012879662863661157,-0.19132015146172593,0.09975438112775577,3.9833333333333334
2026-06-18 08:00:00+00:00,0.00353466069555175,-0.01582594314381834,0.028156420939300663,0.008447033397117968,2026-06-19 08:00:00+00:00,-0.029149540888336656,2026-06-18 04:01:00+00:00,2026-06-17,-0.009966085995159801,0.03998264902279943,0.0182922782171353,3.9833333333333334,2026-06-18 04:01:00+00:00,2026-06-17,0.0055101620147715025,0.0013997142291981017,0.0024132529976404714,3.9833333333333334,2026-06-18 04:01:00+00:00,2026-06-17,0.006181480019613161,0.05829221358961084,0.01714711528671331,3.9833333333333334,2026-06-18 04:01:00+00:00,2026-06-17,0.11663131302644869,-0.18647056608303603,0.10304670977494002,3.9833333333333334
2026-06-19 08:00:00+00:00,-0.0022889323290176122,-0.029582834299433473,-0.0074892108858117985,0.009181512892905662,2026-06-20 08:00:00+00:00,0.016369311831390787,2026-06-19 04:01:00+00:00,2026-06-18,0.02447776178621197,0.03208200842361083,0.01872040682275977,3.9833333333333334,2026-06-19 04:01:00+00:00,2026-06-18,0.007564504627275426,0.009865038085502332,0.0028302907714563234,3.9833333333333334,2026-06-19 04:01:00+00:00,2026-06-18,-0.031414497304801614,0.031557997194870666,0.018310424770469007,3.9833333333333334,2026-06-19 04:01:00+00:00,2026-06-18,-0.11724088329829518,-0.17005146420214048,0.10614027241874328,3.9833333333333334
2026-06-23 08:00:00+00:00,-0.01857961567835531,-0.020853454103321133,-0.05395124033084358,0.008312554324223696,2026-06-24 08:00:00+00:00,-0.00362624200856021,2026-06-23 04:01:00+00:00,2026-06-22,-0.0019458835419836618,0.023712179524023318,0.018739570567664492,3.9833333333333334,2026-06-23 04:01:00+00:00,2026-06-22,0.0016842345394820768,0.01265142803954704,0.0028360511337302786,3.9833333333333334,2026-06-23 04:01:00+00:00,2026-06-22,-0.010226566064496012,-0.008552941880092816,0.018335124844823848,3.9833333333333334,2026-06-23 04:01:00+00:00,2026-06-22,0.02936206233684935,0.06453852113757137,0.10645489166251075,3.9833333333333334
2026-06-24 08:00:00+00:00,-0.001145087879693918,-0.003632833340783906,-0.04496180718375587,0.00825880989307376,2026-06-25 08:00:00+00:00,-0.011921382744422115,2026-06-24 04:01:00+00:00,2026-06-23,-0.0335007939349925,-0.03996613460663943,0.02030118752378838,3.9833333333333334,2026-06-24 04:01:00+00:00,2026-06-23,0.003853257926300202,0.01770844524687693,0.002910772850478294,3.9833333333333334,2026-06-24 04:01:00+00:00,2026-06-23,-0.012763500419268325,-0.047579894064375954,0.018442496570434473,3.9833333333333334,2026-06-24 04:01:00+00:00,2026-06-23,0.12035175014355959,0.1720106084174698,0.1096253376992121,3.9833333333333334
2026-06-25 08:00:00+00:00,0.016733850204483147,-0.01199269116028574,-0.04112855520022334,0.010469174858096895,2026-06-26 08:00:00+00:00,-0.02227438309457941,2026-06-25 04:01:00+00:00,2026-06-24,-0.004344032218913441,-0.025279033904837822,0.019881755786471157,3.9833333333333334,2026-06-25 04:01:00+00:00,2026-06-24,0.0019702197687756495,0.020582378876605557,0.0028536235594656735,3.9833333333333334,2026-06-25 04:01:00+00:00,2026-06-24,-0.03447176509826022,-0.08269484886721262,0.019637942824100706,3.9833333333333334,2026-06-25 04:01:00+00:00,2026-06-24,-0.04512832890597229,0.010250966485049138,0.10967127232814709,3.9833333333333334
2026-06-26 08:00:00+00:00,0.00822760196399841,-0.02252636514384835,-0.03407208604463822,0.010789828408918841,2026-06-27 08:00:00+00:00,0.00026531421396946975,2026-06-26 04:01:00+00:00,2026-06-25,0.007509695557239127,-0.007803252352438719,0.019979777197597498,3.9833333333333334,2026-06-26 04:01:00+00:00,2026-06-25,-0.0017730531079580558,0.013299163753874754,0.002926775890873735,3.9833333333333334,2026-06-26 04:01:00+00:00,2026-06-25,0.009632180156806669,-0.07924414873001928,0.019872236277260962,3.9833333333333334,2026-06-26 04:01:00+00:00,2026-06-25,0.013859496899921275,0.14135134668326546,0.10925036014882544,3.9833333333333334
2026-06-27 08:00:00+00:00,0.004010470913017983,0.00026544418242166836,-0.05004358053481982,0.011372360409977533,2026-06-28 08:00:00+00:00,-0.005418175247893897,2026-06-27 04:01:00+00:00,2026-06-26,-0.011000383990932505,-0.04328139812958407,0.019977811870035604,3.9833333333333334,2026-06-27 04:01:00+00:00,2026-06-26,-0.0006903663621322664,0.0050442927644669035,0.002872430814261062,3.9833333333333334,2026-06-27 04:01:00+00:00,2026-06-26,0.01195994256198496,-0.035869708863232236,0.01989748792314934,3.9833333333333334,2026-06-27 04:01:00+00:00,2026-06-26,-0.0257386862684319,0.09270629420592626,0.10922796932412782,3.9833333333333334
2026-06-30 08:00:00+00:00,-0.001736781067680937,-0.00839804112640761,-0.05494427990244563,0.011022576441252905,2026-07-01 08:00:00+00:00,-0.012690173259496507,2026-06-30 04:01:00+00:00,2026-06-29,0.022295928909908724,-0.019039585677691335,0.020672137308139667,3.9833333333333334,2026-06-30 04:01:00+00:00,2026-06-29,-0.002469502894687281,0.0008905553302981003,0.0029443010601771058,3.9833333333333334,2026-06-30 04:01:00+00:00,2026-06-29,-0.014111726070165531,-0.039754868868901415,0.019071156215185927,3.9833333333333334,2026-06-30 04:01:00+00:00,2026-06-29,-0.042158211865680695,0.021186020003396155,0.1094318092160931,3.9833333333333334
2026-07-01 08:00:00+00:00,-0.007264511527848683,-0.012771211110050454,-0.06408265767171215,0.011390142980800308,2026-07-02 08:00:00+00:00,0.023504882876309585,2026-07-01 04:01:00+00:00,2026-06-30,0.016706147889424372,0.03116735614672609,0.020998050098736242,3.9833333333333334,2026-07-01 04:01:00+00:00,2026-06-30,0.0007909227288021015,-0.0021717798672001055,0.002913093069875743,3.9833333333333334,2026-07-01 04:01:00+00:00,2026-06-30,-9.901759202435301e-05,-0.027090386041658754,0.01888060305573335,3.9833333333333334,2026-07-01 04:01:00+00:00,2026-06-30,-0.07041030616792465,-0.1695760363080885,0.11063010039962765,3.9833333333333334
2026-07-02 08:00:00+00:00,-0.014982955933110276,0.023232726712433392,-0.028857239798993062,0.009911294090210654,2026-07-03 08:00:00+00:00,0.02660815072454703,2026-07-02 04:01:00+00:00,2026-07-01,-0.01555211553386826,0.01995927283177191,0.021225221174555157,3.9833333333333334,2026-07-02 04:01:00+00:00,2026-07-01,0.001974499076028202,-0.002167500559947534,0.002914714876113577,3.9833333333333334,2026-07-02 04:01:00+00:00,2026-07-01,0.010811690946125552,0.01819307000272791,0.019143925957972804,3.9833333333333334,2026-07-02 04:01:00+00:00,2026-07-01,0.008474626990972123,-0.11597308041114389,0.11057684396485942,3.9833333333333334
2026-07-03 08:00:00+00:00,0.005138158994418163,0.026260310645517846,0.01992943599037312,0.009113869438344937,2026-07-04 08:00:00+00:00,0.013368805128122885,2026-07-03 04:01:00+00:00,2026-07-02,-0.01623077154368069,-0.0037811942691481203,0.021482253514134932,3.9833333333333334,2026-07-03 04:01:00+00:00,2026-07-02,-0.005241038244595764,-0.005635485696585034,0.0031932987473263005,3.9833333333333334,2026-07-03 04:01:00+00:00,2026-07-02,0.010550722853549743,0.01911161269947006,0.019382607725299462,3.9833333333333334,2026-07-03 04:01:00+00:00,2026-07-02,-0.02688005453368758,-0.15671263184475273,0.1103150323680146,3.9833333333333334
2026-07-07 08:00:00+00:00,-0.0017078712001268315,-9.891212521717218e-05,0.058074412431950266,0.008663059811959669,2026-07-08 08:00:00+00:00,-0.0030887784844109145,2026-07-07 04:01:00+00:00,2026-07-06,0.01249131741551146,0.019710507137296277,0.02170819026568463,3.9833333333333334,2026-07-07 04:01:00+00:00,2026-07-06,-9.9173430014865e-05,-0.005044292764466997,0.0031686753076487642,3.9833333333333334,2026-07-07 04:01:00+00:00,2026-07-06,0.010080585942922937,0.01723225608040827,0.019439506321095486,3.9833333333333334,2026-07-07 04:01:00+00:00,2026-07-06,-0.015296665375473584,-0.12538979753339877,0.0732704889915931,3.9833333333333334
2026-07-08 08:00:00+00:00,0.001947406335977675,-0.0030932410735458756,0.06775238246845502,0.008344646328367575,2026-07-09 08:00:00+00:00,0.0017753688521593425,2026-07-08 04:01:00+00:00,2026-07-07,-0.017831003650115917,-0.020416425422728653,0.019068852745695263,3.9833333333333334,2026-07-08 04:01:00+00:00,2026-07-07,0.0028714403470795347,0.00029665047729910305,0.002901115550221112,3.9833333333333334,2026-07-08 04:01:00+00:00,2026-07-07,-0.0024264802533000562,0.02891750189727304,0.01832126857164989,3.9833333333333334,2026-07-08 04:01:00+00:00,2026-07-07,0.03533490629121028,-0.019644585074263386,0.07275613915077163,3.9833333333333334
2026-07-09 08:00:00+00:00,0.01641429798241134,0.0017737944658759704,0.04629345022189778,0.007471901668172367,2026-07-10 08:00:00+00:00,0.015285875442202501,2026-07-09 04:01:00+00:00,2026-07-08,0.0027228164327990356,-0.03439975687935436,0.018740073975239312,3.9833333333333334,2026-07-09 04:01:00+00:00,2026-07-08,-0.0008902155670149625,-0.0013844878185172882,0.002914355858218768,3.9833333333333334,2026-07-09 04:01:00+00:00,2026-07-08,-0.018204828543172624,0.010811690946126428,0.018646909418634797,3.9833333333333334,2026-07-09 04:01:00+00:00,2026-07-08,0.046632729791910243,0.018513517726674502,0.06831981450684256,3.9833333333333334
2026-07-10 08:00:00+00:00,0.00024704832109279096,0.015170064789444855,0.035203204365824636,0.007050088953620493,2026-07-11 08:00:00+00:00,0.0031139877741819255,2026-07-10 04:01:00+00:00,2026-07-09,0.016091964633522693,-0.0027556767119637756,0.018893191588904366,3.9833333333333334,2026-07-10 04:01:00+00:00,2026-07-09,-0.0010891689512790848,-0.004448155845825214,0.0029045083588842384,3.9833333333333334,2026-07-10 04:01:00+00:00,2026-07-09,0.014203931870230946,0.014203931870230524,0.018712556522173907,3.9833333333333334,2026-07-10 04:01:00+00:00,2026-07-09,-0.064775235542748,-0.019381663282385705,0.0635208876351067,3.9833333333333334
2026-07-11 08:00:00+00:00,0.00018330234182606375,0.0031091493561671898,0.025032122523986417,0.00711895282290263,2026-07-12 08:00:00+00:00,-0.0043156264328924054,2026-07-11 04:01:00+00:00,2026-07-10,0.0032915606586545465,0.016766655490371686,0.018229583642377093,3.9833333333333334,2026-07-11 04:01:00+00:00,2026-07-10,0.0002971500071673461,0.001090032405938049,0.0029048100793707433,3.9833333333333334,2026-07-11 04:01:00+00:00,2026-07-10,-0.006566044396853599,-0.002912835380172239,0.01690822571577299,3.9833333333333334,2026-07-11 04:01:00+00:00,2026-07-10,-0.052490182621396375,-0.050594447456497625,0.06121196457168,3.9833333333333334
2026-07-14 08:00:00+00:00,-0.0001913152014871855,-0.006764056692860638,-0.008313370987924399,0.006206474706896725,2026-07-15 08:00:00+00:00,0.031783579908991166,2026-07-14 04:01:00+00:00,2026-07-13,-0.01898913974048,-0.014713801665620219,0.017360470399883664,3.9833333333333334,2026-07-14 04:01:00+00:00,2026-07-13,0.003065491237119744,0.004254697073071789,0.002938783557782442,3.9833333333333334,2026-07-14 04:01:00+00:00,2026-07-13,-0.026604579738469525,-0.039598001061565274,0.017893423909237514,3.9833333333333334,2026-07-14 04:01:00+00:00,2026-07-13,0.1325328902949332,0.0972351082139093,0.06580119573310611,3.9833333333333334
2026-07-15 08:00:00+00:00,-0.0037524006784082076,0.03128909059703322,0.026068960682654716,0.007522096576681142,2026-07-16 08:00:00+00:00,-0.004823132943440389,2026-07-15 04:01:00+00:00,2026-07-14,0.010949551206120844,0.014066753190617388,0.017481932553424836,3.9833333333333334,2026-07-15 04:01:00+00:00,2026-07-14,-0.00336264124428709,-0.0019793845182938395,0.0030532242930135203,3.9833333333333334,2026-07-15 04:01:00+00:00,2026-07-14,0.015850940084858323,-0.0213205807234063,0.016849503856864283,3.9833333333333334,2026-07-15 04:01:00+00:00,2026-07-14,-0.03922071315328157,0.022679488769417427,0.06641288203220709,3.9833333333333334
2026-07-16 08:00:00+00:00,-0.005928250738252316,-0.0048349567047661236,0.01946020951201256,0.006960430345356244,2026-07-17 08:00:00+00:00,-0.02194791245057437,2026-07-16 04:01:00+00:00,2026-07-15,-0.0028326648534555687,0.008511271904362381,0.015967175099699343,3.9833333333333334,2026-07-16 04:01:00+00:00,2026-07-15,-0.004368577599692891,-0.005457746550972119,0.003228241008139451,3.9833333333333334,2026-07-16 04:01:00+00:00,2026-07-15,-0.004408035788420861,-0.0075237879686550204,0.015478284182413562,3.9833333333333334,2026-07-16 04:01:00+00:00,2026-07-15,-0.051612324538605314,-0.0755655655610983,0.06136192902259036,3.9833333333333334
2026-07-17 08:00:00+00:00,-0.011739076157322614,-0.022192351112551936,-0.01790220638998424,0.007167538850116472,2026-07-18 08:00:00+00:00,0.018696090014485467,2026-07-17 04:01:00+00:00,2026-07-16,-0.016294341877857832,-0.02387503460701727,0.015822208188987563,3.9833333333333334,2026-07-17 04:01:00+00:00,2026-07-16,0.002285975781514793,-0.0020826018181784433,0.0032374152051681767,3.9833333333333334,2026-07-17 04:01:00+00:00,2026-07-16,-0.01484380617963943,-0.036571526018525986,0.015642975592135358,3.9833333333333334,2026-07-17 04:01:00+00:00,2026-07-16,0.06545545863080315,0.054665128612452846,0.057758280065243854,3.9833333333333334
2026-07-18 08:00:00+00:00,-0.00023574332956677324,0.018523466395548263,-0.002487889350603115,0.007337337500728585,2026-07-19 08:00:00+00:00,0.011066555733933336,2026-07-18 04:01:00+00:00,2026-07-17,-0.015033992941754448,-0.04220058820742685,0.01600283668128249,3.9833333333333334,2026-07-18 04:01:00+00:00,2026-07-17,0.00019849754614753579,-0.00218125427919776,0.0030237268744923323,3.9833333333333334,2026-07-18 04:01:00+00:00,2026-07-17,0.006665930057902614,-0.023339551563768556,0.015660496064884382,3.9833333333333334,2026-07-18 04:01:00+00:00,2026-07-17,0.11505633559968498,0.22221164683353445,0.06303276277683287,3.9833333333333334
2026-07-21 08:00:00+00:00,0.009412788569347796,0.02923325737666383,0.056341151804069296,0.007331494712291609,2026-07-22 08:00:00+00:00,-0.005188038834294417,2026-07-21 04:01:00+00:00,2026-07-20,0.000404578379399112,-0.022806870087547903,0.014776647268079585,3.9833333333333334,2026-07-21 04:01:00+00:00,2026-07-20,0.002379280058781852,-0.0028674654575358864,0.0025569146888785458,3.9833333333333334,2026-07-21 04:01:00+00:00,2026-07-20,-0.0007219053923481766,0.0025431227823537943,0.014311309602729354,3.9833333333333334,2026-07-21 04:01:00+00:00,2026-07-20,-0.006413704508593021,0.08326505203000831,0.06283035254504622,3.9833333333333334
2026-07-22 08:00:00+00:00,-0.005551098557692313,-0.00520154343628362,0.019850517770752557,0.005794560717807507,2026-07-23 08:00:00+00:00,-0.006095668090447148,2026-07-22 04:01:00+00:00,2026-07-21,0.01907796245997595,-0.01467845883369334,0.015585345393682398,3.9833333333333334,2026-07-22 04:01:00+00:00,2026-07-21,0.0018796309943827083,0.0023748067811337095,0.0025637738783430048,3.9833333333333334,2026-07-22 04:01:00+00:00,2026-07-21,0.014952764652308659,0.001644947349801989,0.014723754907750968,3.9833333333333334,2026-07-22 04:01:00+00:00,2026-07-21,-0.08969594236029899,0.03278982282299097,0.0598079449872148,3.9833333333333334
2026-07-23 08:00:00+00:00,-0.003362202497214639,-0.006114169714520761,0.0185713047609979,0.005485992874524215,2026-07-24 08:00:00+00:00,0.0008835288343347347,2026-07-23 04:01:00+00:00,2026-07-22,-0.005402290706648216,-0.017248084686886492,0.013755661749209724,3.9833333333333334,2026-07-23 04:01:00+00:00,2026-07-22,-0.00039542226283995063,0.006347962117986636,0.0024057431228651214,3.9833333333333334,2026-07-23 04:01:00+00:00,2026-07-22,0.018351815258357718,0.024404798396581134,0.015112571298384855,3.9833333333333334,2026-07-23 04:01:00+00:00,2026-07-22,-0.024340768336462926,0.060061379025133026,0.05928306429561112,3.9833333333333334
2026-07-24 08:00:00+00:00,0.0006605239454806622,0.0008831386175930485,0.04164679449114294,0.005037562079119092,2026-07-25 08:00:00+00:00,-0.022851013298638256,2026-07-24 04:01:00+00:00,2026-07-23,-0.018913063085800985,-0.019866805894829063,0.01433789402293945,3.9833333333333334,2026-07-24 04:01:00+00:00,2026-07-23,0.002863218779520338,0.00692520511599228,0.002454628937141194,3.9833333333333334,2026-07-24 04:01:00+00:00,2026-07-23,-0.02479978671478733,0.014448817861434336,0.014069140043027069,3.9833333333333334,2026-07-24 04:01:00+00:00,2026-07-23,0.11671408846747822,0.11132000886180832,0.06522760797643547,3.9833333333333334
2026-07-25 08:00:00+00:00,-0.001282862595500589,-0.02311629717242272,7.030923172010234e-06,0.005332920616953526,2026-07-26 08:00:00+00:00,0.005730963451827442,2026-07-25 04:01:00+00:00,2026-07-24,-0.011539630567874326,-0.016372443520949614,0.014352698321469633,3.9833333333333334,2026-07-25 04:01:00+00:00,2026-07-24,0.00039429192454143447,0.007120999494386678,0.002424003023710336,3.9833333333333334,2026-07-25 04:01:00+00:00,2026-07-24,0.0050733017708850525,0.012856189574415325,0.01395005674896859,3.9833333333333334,2026-07-25 04:01:00+00:00,2026-07-24,-0.006437790474848715,-0.01017411721272511,0.06497692972388734,3.9833333333333334
2026-07-28 08:00:00+00:00,0.0025567255567970903,-0.026662449850091047,-0.04134772165690163,0.005553583354376019,2026-07-29 08:00:00+00:00,0.016612760998960807,2026-07-28 04:01:00+00:00,2026-07-27,-0.003173682306636394,-0.019950704206983548,0.014208374130096476,3.9833333333333334,2026-07-28 04:01:00+00:00,2026-07-27,0.0003941365196924451,0.005135855955297862,0.0024194082791643696,3.9833333333333334,2026-07-28 04:01:00+00:00,2026-07-27,0.0015218715067515376,0.015099966473515834,0.013683012084239094,3.9833333333333334,2026-07-28 04:01:00+00:00,2026-07-27,0.00483222416793927,0.0010718114638068764,0.06419971497762979,3.9833333333333334
2026-07-29 08:00:00+00:00,0.012593800988081938,0.016476281150449412,-0.01966989707016876,0.0058747641146974705,2026-07-30 08:00:00+00:00,-0.008286890183409445,2026-07-29 04:01:00+00:00,2026-07-28,-0.009895008769962743,-0.04892367543692256,0.01310506965916572,3.9833333333333334,2026-07-29 04:01:00+00:00,2026-07-28,-0.0012815308886198196,0.001974694072294248,0.0023677085115591423,3.9833333333333334,2026-07-29 04:01:00+00:00,2026-07-28,-0.009438577915329205,-0.00929137609412078,0.01347186652550727,3.9833333333333334,2026-07-29 04:01:00+00:00,2026-07-28,-0.024947063814114934,0.06582069000999086,0.06224587990548053,3.9833333333333334
2026-07-30 08:00:00+00:00,-0.002121572568732688,-0.008321262446412242,-0.021876989802060338,0.006034295290242384,2026-07-31 08:00:00+00:00,-0.001186861587480048,2026-07-30 04:01:00+00:00,2026-07-29,-0.02077467954566181,-0.06429606427593555,0.01273862819494249,3.9833333333333334,2026-07-30 04:01:00+00:00,2026-07-29,-0.005737420039609198,-0.0033673037044744023,0.00269909587284005,3.9833333333333334,2026-07-30 04:01:00+00:00,2026-07-29,-0.0005944030747766504,-0.02823759442725593,0.013472508760240458,3.9833333333333334,2026-07-30 04:01:00+00:00,2026-07-29,0.12622856995197607,0.21639002829842985,0.06789622882957184,3.9833333333333334
2026-07-31 08:00:00+00:00,-0.006546001667519619,-0.001187566465477576,-0.0239476948851309,0.006209269319081196,2026-08-01 08:00:00+00:00,-0.014066612342984897,2026-07-31 04:01:00+00:00,2026-07-30,0.03306128270785358,-0.012321718482282312,0.01511092990894464,3.9833333333333334,2026-07-31 04:01:00+00:00,2026-07-30,-0.007868183564049502,-0.01409870604804401,0.0031437671949180526,3.9833333333333334,2026-07-31 04:01:00+00:00,2026-07-30,0.01568294462773423,0.012245136915264658,0.013720523275831467,3.9833333333333334,2026-07-31 04:01:00+00:00,2026-07-30,-0.1897059665639933,-0.09003002673304138,0.08114335998189037,3.9833333333333334
2026-08-01 08:00:00+00:00,0.0007295232069317592,-0.014166326215704414,-0.014997723928412608,0.006303259989405614,2026-08-02 08:00:00+00:00,0.007228814385940252,2026-08-01 04:01:00+00:00,2026-07-31,0.005954184865228029,0.005172096950820426,0.01489676727118112,3.9833333333333334,2026-08-01 04:01:00+00:00,2026-07-31,-0.002101988452439585,-0.016594986425025646,0.0029783534681516463,3.9833333333333334,2026-08-01 04:01:00+00:00,2026-07-31,0.0016814474996778017,0.008853282644057598,0.013510650573287476,3.9833333333333334,2026-08-01 04:01:00+00:00,2026-07-31,-0.06652997028163643,-0.15012220653982947,0.08247097780159644,3.9833333333333334
2026-08-04 08:00:00+00:00,-0.0017926714256635279,0.01685839364814895,0.002826443506433896,0.00648774956375572,2026-08-05 08:00:00+00:00,0.007509845612196031,2026-08-04 04:01:00+00:00,2026-08-03,0.0176198336755391,0.025965612932996627,0.015197399745091315,3.9833333333333334,2026-08-04 04:01:00+00:00,2026-08-03,0.0016018829116610789,-0.015387240033057286,0.0030153110483439895,3.9833333333333334,2026-08-04 04:01:00+00:00,2026-08-03,-0.00402562300280529,0.0033057881344994103,0.013310948679048536,3.9833333333333334,2026-08-04 04:01:00+00:00,2026-08-03,-0.008163310639161203,-0.1631177413469294,0.08241417010914218,3.9833333333333334
2026-08-05 08:00:00+00:00,-0.0003004349316846344,0.007481474239070221,-0.006168363404945238,0.006118139330590155,2026-08-06 08:00:00+00:00,0.010063275356897883,2026-08-05 04:01:00+00:00,2026-08-04,0.032693392458803316,0.06855401416176281,0.0164967567394737,3.9833333333333334,2026-08-05 04:01:00+00:00,2026-08-04,-0.0007005223739930955,-0.014806231518429929,0.0029126881007949445,3.9833333333333334,2026-08-05 04:01:00+00:00,2026-08-04,0.015067455639012906,0.027811821688841467,0.013774325698937778,3.9833333333333334,2026-08-05 04:01:00+00:00,2026-08-04,0.039560164699833145,-0.09861051283298172,0.08251238320449766,3.9833333333333334
2026-08-06 08:00:00+00:00,0.004309090124994697,0.010013133609670351,0.012166032651137453,0.006007322668184538,2026-08-07 08:00:00+00:00,-0.007558436468615093,2026-08-06 04:01:00+00:00,2026-08-05,-0.008286678991201057,0.08104201471622209,0.01661776174173511,3.9833333333333334,2026-08-06 04:01:00+00:00,2026-08-05,-0.0020041789092273277,-0.011072990388049167,0.002928697873605901,3.9833333333333334,2026-08-06 04:01:00+00:00,2026-08-05,0.03608897216402518,0.06449519692764438,0.015277758453765342,3.9833333333333334,2026-08-06 04:01:00+00:00,2026-08-05,-0.04271772968515419,-0.26755681247011176,0.08233795385164193,3.9833333333333334
2026-08-07 08:00:00+00:00,0.00046419469703096183,-0.00758714620819248,0.0057664529084224675,0.0055830116907700286,2026-08-08 08:00:00+00:00,0.009952605603496645,2026-08-07 04:01:00+00:00,2026-08-06,-0.003889125124187487,0.04409160688418265,0.016220625274644605,3.9833333333333334,2026-08-07 04:01:00+00:00,2026-08-06,0.0028047576651895056,-0.000400049158809527,0.0030276506258872108,3.9833333333333334,2026-08-07 04:01:00+00:00,2026-08-06,-0.0013016219450143751,0.047510630354895965,0.01505272130574616,3.9833333333333334,2026-08-07 04:01:00+00:00,2026-08-06,-0.042642119266002254,-0.12049296517212138,0.08161424776729093,3.9833333333333334
2026-08-08 08:00:00+00:00,-0.0011231375177693792,0.009903558547994743,0.029836337672121696,0.005091056897346902,2026-08-09 08:00:00+00:00,-0.0020603451447575027,2026-08-08 04:01:00+00:00,2026-08-07,0.011810509659689217,0.04994793167864382,0.016438544225618152,3.9833333333333334,2026-08-08 04:01:00+00:00,2026-08-07,-0.0037080039193000403,-0.0020060646256701464,0.003104819619330512,3.9833333333333334,2026-08-08 04:01:00+00:00,2026-08-07,0.023014383344138523,0.06884356619935666,0.015621480779778285,3.9833333333333334,2026-08-08 04:01:00+00:00,2026-08-07,-0.016639319003965092,-0.07060231389444936,0.08084223714725203,3.9833333333333334
2026-08-11 08:00:00+00:00,-0.0013885403218321102,-0.017587693324045982,0.005952970232753077,0.0036457026277325268,2026-08-12 08:00:00+00:00,-0.003558829956607279,2026-08-11 04:01:00+00:00,2026-08-10,-0.0033870289862534264,0.02894106901685025,0.01585856840761942,3.9833333333333334,2026-08-11 04:01:00+00:00,2026-08-10,0.0021062049674736016,-0.0015017425698571737,0.0030508025995281424,3.9833333333333334,2026-08-11 04:01:00+00:00,2026-08-10,0.004535463500511483,0.07740465270267342,0.013938891325081961,3.9833333333333334,2026-08-11 04:01:00+00:00,2026-08-10,0.03689483020786266,-0.025544173047425955,0.0751943893822489,3.9833333333333334
2026-08-12 08:00:00+00:00,3.7595875362228526e-05,-0.003565178214147362,-0.005093682220464416,0.004140476159904992,2026-08-13 08:00:00+00:00,0.0004361038879663326,2026-08-12 04:01:00+00:00,2026-08-11,-0.00325696788120311,-0.007009291323155847,0.015688200743432475,3.9833333333333334,2026-08-12 04:01:00+00:00,2026-08-11,0.00010020674624477977,-0.0007010134496191707,0.0029912727599817964,3.9833333333333334,2026-08-12 04:01:00+00:00,2026-08-11,0.004830250822388749,0.06716744788605035,0.013699711382325038,3.9833333333333334,2026-08-12 04:01:00+00:00,2026-08-11,-0.011711259420901676,-0.07681559716816053,0.07479015238006823,3.9833333333333334
2026-08-13 08:00:00+00:00,0.003432599133555314,0.00043616546882755753,-0.014670650361307186,0.004442346830038911,2026-08-14 08:00:00+00:00,-0.014797581931123127,2026-08-13 04:01:00+00:00,2026-08-12,0.007326713185152656,0.008604100853199253,0.01575947417408479,3.9833333333333334,2026-08-13 04:01:00+00:00,2026-08-12,0.0019016413643910823,0.00320480682399969,0.002897990946403618,3.9833333333333334,2026-08-13 04:01:00+00:00,2026-08-12,0.0059268525547668816,0.03700532827679139,0.013545359541757274,3.9833333333333334,2026-08-13 04:01:00+00:00,2026-08-12,-0.04895379012087275,-0.08305165760387914,0.07470308976601243,3.9833333333333334
2026-08-14 08:00:00+00:00,-0.006166819748582242,-0.014908158344859533,-0.021991662497974303,0.004597820182675263,2026-08-15 08:00:00+00:00,0.0024578525568181853,2026-08-14 04:01:00+00:00,2026-08-13,0.011429740534824262,0.023922966512209768,0.01542912436342435,3.9833333333333334,2026-08-14 04:01:00+00:00,2026-08-13,-0.000500105540778506,-0.0001000563819691103,0.002836262204412683,3.9833333333333334,2026-08-14 04:01:00+00:00,2026-08-13,-0.010598800411131037,0.027708149810675153,0.01325001194513385,3.9833333333333334,2026-08-14 04:01:00+00:00,2026-08-13,0.005483221414531503,-0.0349263169233452,0.0729641438566744,3.9833333333333334
2026-08-15 08:00:00+00:00,0.00038342403520452706,0.0024548369774448943,-0.029440384068523912,0.004233962519874236,2026-08-16 08:00:00+00:00,-0.0002282980869096063,2026-08-15 04:01:00+00:00,2026-08-14,-0.0012758680035620529,0.010836588848957628,0.014938386376736066,3.9833333333333334,2026-08-15 04:01:00+00:00,2026-08-14,-0.0029053861996217734,0.0007025613377100265,0.002887191745122226,3.9833333333333334,2026-08-15 04:01:00+00:00,2026-08-14,0.0038158717069123327,0.008509638173449541,0.01324756055045928,3.9833333333333334,2026-08-15 04:01:00+00:00,2026-08-14,-0.026317308317373556,-0.04460430623675392,0.067164620892293,3.9833333333333334
2026-08-18 08:00:00+00:00,0.00021747261698834564,0.010719727887378643,0.0020735210558755165,0.004178019601274701,2026-08-19 08:00:00+00:00,0.0015115507304868103,2026-08-18 04:01:00+00:00,2026-08-17,-0.0016908224996008414,0.012532795335611389,0.014961033417127678,3.9833333333333334,2026-08-18 04:01:00+00:00,2026-08-17,-0.00030102633978046356,-0.0017046699695453613,0.0028056652352096544,3.9833333333333334,2026-08-18 04:01:00+00:00,2026-08-17,0.008169811040119157,0.012143985713056162,0.013196185974652134,3.9833333333333334,2026-08-18 04:01:00+00:00,2026-08-17,0.0638804098930219,-0.01761872655159454,0.06937304621227545,3.9833333333333334
2026-08-19 08:00:00+00:00,-0.0005397012928742839,0.0015102539569090874,0.00714895322693195,0.003954601284869219,2026-08-20 08:00:00+00:00,0.08585976019351738,2026-08-19 04:01:00+00:00,2026-08-18,-0.016959590958512294,-0.001169827741697819,0.015013466986176963,3.9833333333333334,2026-08-19 04:01:00+00:00,2026-08-18,0.00010037770277371294,-0.0017044990130162337,0.002748087218323173,3.9833333333333334,2026-08-19 04:01:00+00:00,2026-08-18,-0.011940394812965494,-0.004626659922298682,0.01353707654860276,3.9833333333333334,2026-08-19 04:01:00+00:00,2026-08-18,0.0419010697785982,0.03599360264790545,0.06766197215787628,3.9833333333333334
2026-08-20 08:00:00+00:00,0.008931800495831865,0.08237223444374299,0.08908502220184723,0.010115960276700817,2026-08-21 08:00:00+00:00,0.09298968939268626,2026-08-20 04:01:00+00:00,2026-08-19,-0.00220450647788617,-0.010701047404737958,0.014963431895485504,3.9833333333333334,2026-08-20 04:01:00+00:00,2026-08-19,-0.008262841055777237,-0.011868981433184569,0.0032161060811133325,3.9833333333333334,2026-08-20 04:01:00+00:00,2026-08-19,0.027818233507169055,0.01726472103010451,0.014212012658993425,3.9833333333333334,2026-08-20 04:01:00+00:00,2026-08-19,-0.06184853969036208,0.023098853078416016,0.06877539061903261,3.9833333333333334
2026-08-21 08:00:00+00:00,0.02384262145223559,0.08891664479364592,0.19290982534035261,0.011435696865733078,2026-08-22 08:00:00+00:00,0.012849393502650797,2026-08-21 04:01:00+00:00,2026-08-20,-0.007260002990374659,-0.029390790929936073,0.014373449597148933,3.9833333333333334,2026-08-21 04:01:00+00:00,2026-08-20,0.0007080331417599339,-0.010660842750645648,0.003108689300356598,3.9833333333333334,2026-08-21 04:01:00+00:00,2026-08-20,0.005725793280893399,0.03358931472212864,0.01242338330211666,3.9833333333333334,2026-08-21 04:01:00+00:00,2026-08-20,0.07252368031270606,0.09013931197659036,0.06526055344944082,3.9833333333333334
2026-08-22 08:00:00+00:00,-0.014409996901237676,0.01276767152149884,0.2032226598844065,0.011922996595342199,2026-08-23 08:00:00+00:00,-0.016587832863539265,2026-08-22 04:01:00+00:00,2026-08-21,0.003270540040137604,-0.024844382886235923,0.014054288554066246,3.9833333333333334,2026-08-22 04:01:00+00:00,2026-08-21,-0.001011618415110327,-0.008767074966134644,0.0030850473828790293,3.9833333333333334,2026-08-22 04:01:00+00:00,2026-08-21,0.02360684534178681,0.053380288357002814,0.01302322664040733,3.9833333333333334,2026-08-22 04:01:00+00:00,2026-08-21,-0.05653399920835911,0.059922621085605074,0.06616207337240271,3.9833333333333334
2026-08-25 08:00:00+00:00,-0.00976599864653771,0.030555782503665564,0.21635506363181892,0.012971901111355637,2026-08-26 08:00:00+00:00,-0.00978874934932561,2026-08-25 04:01:00+00:00,2026-08-24,-0.00979502778089092,-0.03294858816752703,0.01426043023333048,3.9833333333333334,2026-08-25 04:01:00+00:00,2026-08-24,0.0020222144925314822,-0.006443834133822054,0.0031537418673335048,3.9833333333333334,2026-08-25 04:01:00+00:00,2026-08-24,0.003667944744055518,0.048878422060939807,0.012984677833538906,3.9833333333333334,2026-08-25 04:01:00+00:00,2026-08-24,0.046489972523025,0.042532183715608164,0.06730834540535914,3.9833333333333334
2026-08-26 08:00:00+00:00,-0.0020638661401157776,-0.009837100822762962,0.20500770885214686,0.01316368090441511,2026-08-27 08:00:00+00:00,0.001984274551327214,2026-08-26 04:01:00+00:00,2026-08-25,0.006389960979220177,-0.009599036229795554,0.014025033296770623,3.9833333333333334,2026-08-26 04:01:00+00:00,2026-08-25,-0.0008084259918339498,-0.007352637828430447,0.003155281646113264,3.9833333333333334,2026-08-26 04:01:00+00:00,2026-08-25,-0.0007026617318199868,0.0601161551420851,0.012538802617749551,3.9833333333333334,2026-08-26 04:01:00+00:00,2026-08-25,-0.025560496979534886,-0.02492938304252536,0.06731652381312334,3.9833333333333334
2026-08-27 08:00:00+00:00,0.0031851773002795625,0.0019823087298813285,0.12461778313828538,0.009809746204473679,2026-08-28 08:00:00+00:00,0.007306576525836883,2026-08-27 04:01:00+00:00,2026-08-26,0.0005232956244931586,-0.006871234127414325,0.012927314336550519,3.9833333333333334,2026-08-27 04:01:00+00:00,2026-08-26,0.002524106591481612,0.003434309818828566,0.0030736114260595205,3.9833333333333334,2026-08-27 04:01:00+00:00,2026-08-26,-0.008815007372689365,0.023482914262225388,0.012947010204193199,3.9833333333333334,2026-08-27 04:01:00+00:00,2026-08-26,-0.015655897072552882,0.021263259575283903,0.05941452436615064,3.9833333333333334
2026-08-28 08:00:00+00:00,-0.0018873716970784216,0.007280139261052528,0.04298127760569202,0.007855697235044503,2026-08-29 08:00:00+00:00,-0.025533391915641523,2026-08-28 04:01:00+00:00,2026-08-27,0.01416938218207342,0.014558151045033236,0.011241915493594585,3.9833333333333334,2026-08-28 04:01:00+00:00,2026-08-27,-0.00010078663593127146,0.0026254900411368833,0.0025878557888047585,3.9833333333333334,2026-08-28 04:01:00+00:00,2026-08-27,0.002296845704414352,0.020053966685747666,0.012826068339422597,3.9833333333333334,2026-08-28 04:01:00+00:00,2026-08-27,-0.047115039375105194,-0.09837546011252694,0.043921753495487846,3.9833333333333334
2026-08-29 08:00:00+00:00,0.001532103232158022,-0.02586502631235954,0.004348579771833537,0.007634743088000429,2026-08-30 08:00:00+00:00,0.006337952961900317,2026-08-29 04:01:00+00:00,2026-08-28,-0.007046356493999539,0.004241254510895581,0.011415871054219732,3.9833333333333334,2026-08-29 04:01:00+00:00,2026-08-28,0.005430902260079584,0.009068010716327393,0.0028645909351344427,3.9833333333333334,2026-08-29 04:01:00+00:00,2026-08-28,-0.029173606410239472,-0.03272648506628023,0.015085593450425006,3.9833333333333334,2026-08-29 04:01:00+00:00,2026-08-28,-0.0055286941103172005,-0.0473701550144851,0.04171953909902178,3.9833333333333334
2026-09-01 08:00:00+00:00,-0.0005929641118971318,0.005564823485038083,-0.013558783868645062,0.0057865814339572615,2026-09-02 08:00:00+00:00,-0.014733245354298652,2026-09-01 04:01:00+00:00,2026-08-31,0.0007994857132143096,0.014835768005001982,0.010808722256973083,3.9833333333333334,2026-09-01 04:01:00+00:00,2026-08-31,-0.0027117642971505873,0.004334031926644903,0.002895882104952195,3.9833333333333334,2026-09-01 04:01:00+00:00,2026-08-31,-0.010742030822671111,-0.047136460633006055,0.015366886900907336,3.9833333333333334,2026-09-01 04:01:00+00:00,2026-08-31,0.03339322198983563,-0.06046690554767482,0.04258650289296331,3.9833333333333334
2026-09-02 08:00:00+00:00,-0.0011564956443343988,-0.014842986650938418,-0.018564669696820565,0.005588202357894468,2026-09-03 08:00:00+00:00,0.002443146630360271,2026-09-02 04:01:00+00:00,2026-09-01,-0.012975504363232915,-0.0045296973374510585,0.008340300914625932,3.9833333333333334,2026-09-02 04:01:00+00:00,2026-09-01,0.002410828546957511,0.007553286465437535,0.002954282605707519,3.9833333333333334,2026-09-02 04:01:00+00:00,2026-09-01,-0.019171809815448526,-0.06560560871663348,0.016028213714798345,3.9833333333333334,2026-09-02 04:01:00+00:00,2026-09-01,0.09091349465624177,0.05600708608810245,0.04664578145891105,3.9833333333333334
2026-09-03 08:00:00+00:00,-0.0005773272740245972,0.002440424836766628,-0.01810655358993534,0.00550378637763157,2026-09-04 08:00:00+00:00,0.038547501427318,2026-09-03 04:01:00+00:00,2026-09-02,0.0022709989007587694,-0.0027819940611862747,0.00819537365969783,3.9833333333333334,2026-09-03 04:01:00+00:00,2026-09-02,-0.0011042576307609409,0.003924922243194758,0.00293067719729493,3.9833333333333334,2026-09-03 04:01:00+00:00,2026-09-02,0.004131249846343721,-0.05265935149760174,0.014005789490392339,3.9833333333333334,2026-09-03 04:01:00+00:00,2026-09-02,-0.07232066157962613,-0.0006576784189709341,0.04848958686567463,3.9833333333333334
2026-09-04 08:00:00+00:00,-0.0023916021907286478,0.037823098929877945,0.012436406078889926,0.008508030377729089,2026-09-05 08:00:00+00:00,-0.011739856969388507,2026-09-04 04:01:00+00:00,2026-09-03,0.011564699418025626,-0.005386676825232873,0.008586872773831418,3.9833333333333334,2026-09-04 04:01:00+00:00,2026-09-03,-0.0056406028428419575,-0.0016148939637159775,0.0030989808681288664,3.9833333333333334,2026-09-04 04:01:00+00:00,2026-09-03,0.02798771202211725,-0.026968485179899332,0.015204410159429988,3.9833333333333334,2026-09-04 04:01:00+00:00,2026-09-03,-0.05963826631973079,-0.013180905363596883,0.04938069863589475,3.9833333333333334
2026-09-05 08:00:00+00:00,0.0016066099949316737,-0.011809437211776408,0.02649199517947327,0.008757869916361542,2026-09-06 08:00:00+00:00,0.0011883082114203525,2026-09-05 04:01:00+00:00,2026-09-04,0.002094995685931522,0.003754675354698005,0.008158730843960701,3.9833333333333334,2026-09-05 04:01:00+00:00,2026-09-04,0.0016148939637163906,-0.005430902260080147,0.0030357681773319368,3.9833333333333334,2026-09-05 04:01:00+00:00,2026-09-04,-0.014041112330080097,-0.011835991099737838,0.01485484483535661,3.9833333333333334,2026-09-05 04:01:00+00:00,2026-09-04,0.014558316049691822,0.006906104796411996,0.04941383013098694,3.9833333333333334
2026-09-09 08:00:00+00:00,0.00809830241501075,0.010084173613354282,0.02301301267979771,0.008668505239179123,2026-09-10 08:00:00+00:00,-0.014700777421672528,2026-09-09 04:01:00+00:00,2026-09-08,-0.0012345481723521345,0.0017206414691310866,0.008130020450811586,3.9833333333333334,2026-09-09 04:01:00+00:00,2026-09-08,-0.003232400028781335,-0.005951537991710077,0.003054983321360401,3.9833333333333334,2026-09-09 04:01:00+00:00,2026-09-08,-0.008434725686313982,-0.009528685963381174,0.014968913041726971,3.9833333333333334,2026-09-09 04:01:00+00:00,2026-09-08,0.02708095860267079,-0.03868230243079633,0.050411744875251345,3.9833333333333334
2026-09-10 08:00:00+00:00,-0.002762465186831875,-0.01480977853499184,0.0057628093080394115,0.008665843545433287,2026-09-11 08:00:00+00:00,-0.011282517410897253,2026-09-10 04:01:00+00:00,2026-09-09,-0.002923794172520644,0.01177235165984384,0.008123750705368086,3.9833333333333334,2026-09-10 04:01:00+00:00,2026-09-09,-0.000708463136870563,-0.009070829675538421,0.003052134475094886,3.9833333333333334,2026-09-10 04:01:00+00:00,2026-09-09,0.004876622322418811,0.014519746174485837,0.014969668640364149,3.9833333333333334,2026-09-10 04:01:00+00:00,2026-09-09,0.045999408247863194,0.07963776739669313,0.049886523988835446,3.9833333333333334
2026-09-11 08:00:00+00:00,0.004397807538985887,-0.011346647835156284,-0.04340693745699491,0.00557431278974465,2026-09-12 08:00:00+00:00,0.0005029088173484908,2026-09-11 04:01:00+00:00,2026-09-10,-0.010868648180105467,-0.0013672954210213184,0.008257017262718196,3.9833333333333334,2026-09-11 04:01:00+00:00,2026-09-10,0.0032346101807467775,-0.004731961864030882,0.0031217586722847497,3.9833333333333334,2026-09-11 04:01:00+00:00,2026-09-10,-0.01204353542764558,-0.0016550390995019417,0.015147371711911885,3.9833333333333334,2026-09-11 04:01:00+00:00,2026-09-10,0.08050993190293942,0.21978596561936373,0.052580553402626996,3.9833333333333334
2026-09-12 08:00:00+00:00,1.889507307062388e-05,0.0005029118181858158,-0.03109458842703259,0.004529083479541107,2026-09-13 08:00:00+00:00,-0.0018318990898611442,2026-09-12 04:01:00+00:00,2026-09-11,0.009061832347610377,-0.003870162491437248,0.008083258742998376,3.9833333333333334,2026-09-12 04:01:00+00:00,2026-09-11,0.00030277391715127777,0.001211414895962259,0.0031264028487788084,3.9833333333333334,2026-09-12 04:01:00+00:00,2026-09-11,0.0003629903420971914,-0.02927976077952397,0.014966761890216748,3.9833333333333334,2026-09-12 04:01:00+00:00,2026-09-11,-0.11890474076558366,0.08632290880408838,0.059552426782743736,3.9833333333333334
2026-09-15 08:00:00+00:00,-0.009663027060515361,-0.012430285564788264,-0.01997325167305125,0.0052117093096021765,2026-09-16 08:00:00+00:00,-0.01512257896789293,2026-09-15 04:01:00+00:00,2026-09-14,-0.00824953216431723,-0.014214690341684525,0.008235476896743902,3.9833333333333334,2026-09-15 04:01:00+00:00,2026-09-14,0.0034242790510594645,0.0030207999833063263,0.0031816594780510435,3.9833333333333334,2026-09-15 04:01:00+00:00,2026-09-14,-0.013012694180211781,-0.02825134262965586,0.015204398234487338,3.9833333333333334,2026-09-15 04:01:00+00:00,2026-09-14,0.0765400771223348,0.1112256351102244,0.06027091758511158,3.9833333333333334
2026-09-16 08:00:00+00:00,-0.0007570388612450074,-0.015238089210792052,-0.04529551449719763,0.005034406138749967,2026-09-17 08:00:00+00:00,0.009188083089888499,2026-09-16 04:01:00+00:00,2026-09-15,-0.006521001752489042,-0.019501143921821777,0.008310210938831072,3.9833333333333334,2026-09-16 04:01:00+00:00,2026-09-15,0.001908517889574135,0.008161717901661404,0.0032127208727382576,3.9833333333333334,2026-09-16 04:01:00+00:00,2026-09-15,-0.004398569690456711,-0.024215186633798444,0.015065784483595208,3.9833333333333334,2026-09-16 04:01:00+00:00,2026-09-15,0.005830920310792909,0.08997559681834678,0.059674358775735487,3.9833333333333334
2026-09-17 08:00:00+00:00,0.00027167239902858853,0.009145866674211673,-0.02133986928799418,0.0050999617728023795,2026-09-18 08:00:00+00:00,0.017462485337635503,2026-09-17 04:01:00+00:00,2026-09-16,0.00024949348127734083,-0.016327856268023473,0.007509742883098872,3.9833333333333334,2026-09-17 04:01:00+00:00,2026-09-16,0.006601304585594825,0.015471485624126107,0.0035355243930083593,3.9833333333333334,2026-09-17 04:01:00+00:00,2026-09-16,0.012545649573883821,-0.01654615938233331,0.015175779487840246,3.9833333333333334,2026-09-17 04:01:00+00:00,2026-09-16,0.029220067975335162,0.07319625654581847,0.05782155287075568,3.9833333333333334
2026-09-18 08:00:00+00:00,0.005342660555276879,0.017312027528487678,0.007318806075649945,0.005228887414030437,2026-09-19 08:00:00+00:00,0.042445435615311444,2026-09-18 04:01:00+00:00,2026-09-17,0.017191804749217,0.011732596661298729,0.00852135556416393,3.9833333333333334,2026-09-18 04:01:00+00:00,2026-09-17,-0.0008975848449672696,0.011339290598412047,0.00292408742638819,3.9833333333333334,2026-09-18 04:01:00+00:00,2026-09-17,0.0027768123817946133,-0.001725811572894075,0.013687227070349526,3.9833333333333334,2026-09-18 04:01:00+00:00,2026-09-17,-0.13716790719811245,-0.14448158255523327,0.0642843242862022,3.9833333333333334
2026-09-19 08:00:00+00:00,-0.0004419483100903676,0.0415690815413742,0.04838497579883823,0.007229683906988241,2026-09-20 08:00:00+00:00,-0.009723407484842461,2026-09-19 04:01:00+00:00,2026-09-18,0.006674102087444567,0.00934486640113228,0.008462898387830469,3.9833333333333334,2026-09-19 04:01:00+00:00,2026-09-18,0.0,0.011036516681261188,0.00292824683117797,3.9833333333333334,2026-09-19 04:01:00+00:00,2026-09-18,0.0057112560909917676,0.0036224541760022273,0.013686816381117385,3.9833333333333334,2026-09-19 04:01:00+00:00,2026-09-18,-0.041658916316922756,-0.06723575810657234,0.06370129577783638,3.9833333333333334
2026-09-22 08:00:00+00:00,-0.004079010160117136,0.043391255681125,0.103794100540468,0.009015162466923571,2026-09-23 08:00:00+00:00,0.00914838662959494,2026-09-22 04:01:00+00:00,2026-09-21,0.027882338613247626,0.045476737178697116,0.010415542024637263,3.9833333333333334,2026-09-22 04:01:00+00:00,2026-09-21,0.002093188732125384,0.009705426362326961,0.0029170778395583544,3.9833333333333334,2026-09-22 04:01:00+00:00,2026-09-21,-0.009308940374303631,0.007326207981910012,0.01241229858110657,3.9833333333333334,2026-09-22 04:01:00+00:00,2026-09-21,0.004043132192356413,-0.13973270303655058,0.06273312357149448,3.9833333333333334
2026-09-23 08:00:00+00:00,-0.006706074068844714,0.0091069107936428,0.12813910054490288,0.008912111817410046,2026-09-24 08:00:00+00:00,-0.0185864066748741,2026-09-23 04:01:00+00:00,2026-09-22,0.008169670611113844,0.060167409542300536,0.010118574519503942,3.9833333333333334,2026-09-23 04:01:00+00:00,2026-09-22,0.001691272053917281,0.009488180526670232,0.0029108203317675828,3.9833333333333334,2026-09-23 04:01:00+00:00,2026-09-22,-0.0017122705842567143,0.010012507088109926,0.012311814900142621,3.9833333333333334,2026-09-23 04:01:00+00:00,2026-09-22,-0.0453998183630544,-0.19096344171039797,0.06326009537362416,3.9833333333333334
2026-09-24 08:00:00+00:00,0.0070048594602667436,-0.018761304469408706,0.10023192940128242,0.00967064391667654,2026-09-25 08:00:00+00:00,-0.005679568955664904,2026-09-24 04:01:00+00:00,2026-09-23,-0.008565405637362744,0.05135251042365897,0.010392951779667224,3.9833333333333334,2026-09-24 04:01:00+00:00,2026-09-23,0.004957868435800705,0.007844744376876173,0.0030262385447886973,3.9833333333333334,2026-09-24 04:01:00+00:00,2026-09-23,-0.013341505638596374,-0.01587464812437031,0.012481525753858061,3.9833333333333334,2026-09-24 04:01:00+00:00,2026-09-23,0.0660328298584747,-0.15415067982725836,0.06509101387727222,3.9833333333333334
2026-09-25 08:00:00+00:00,-0.0022252849248616258,-0.00569575903832207,0.07722414283447263,0.009876397758818751,2026-09-26 08:00:00+00:00,0.0008665703043977402,2026-09-25 04:01:00+00:00,2026-09-24,0.0002812282952646683,0.03444193396970862,0.010395041737737578,3.9833333333333334,2026-09-25 04:01:00+00:00,2026-09-24,0.0018775878037233795,0.010619917025567135,0.0030135389536101774,3.9833333333333334,2026-09-25 04:01:00+00:00,2026-09-24,-0.004735142447295004,-0.023386602953459474,0.01243495871214493,3.9833333333333334,2026-09-25 04:01:00+00:00,2026-09-24,0.031769284400445574,0.0147865117712994,0.06447923359526474,3.9833333333333334
2026-09-26 08:00:00+00:00,0.0021159646538677634,0.0008663139314489639,0.036521375224547514,0.008633441373378558,2026-09-27 08:00:00+00:00,0.00801504669876274,2026-09-26 04:01:00+00:00,2026-09-25,0.004232379983017509,0.03200021186528225,0.010018524687827969,3.9833333333333334,2026-09-26 04:01:00+00:00,2026-09-25,-0.003164243631389674,0.007455673394176925,0.0031502701684649466,3.9833333333333334,2026-09-26 04:01:00+00:00,2026-09-25,0.005383388439044623,-0.023714470605406553,0.012535591900673142,3.9833333333333334,2026-09-26 04:01:00+00:00,2026-09-25,-0.05240229589586587,0.004043132192356104,0.06567862024441033,3.9833333333333334
2026-09-29 08:00:00+00:00,0.010906720087906052,0.012159219709594625,-0.01609992244112604,0.006198862527570341,2026-09-30 08:00:00+00:00,-0.008050038002657023,2026-09-29 04:01:00+00:00,2026-09-28,-0.01088359700519348,-0.006765723753159826,0.01022747654663838,3.9833333333333334,2026-09-29 04:01:00+00:00,2026-09-28,0.0022752715916647404,0.0076377562537160906,0.0029863922159689992,3.9833333333333334,2026-09-29 04:01:00+00:00,2026-09-28,-0.036000940950982496,-0.05040647118208542,0.013330214955049257,3.9833333333333334,2026-09-29 04:01:00+00:00,2026-09-28,0.0776084192773574,0.07760841927735752,0.06752673770267575,3.9833333333333334
2026-09-30 08:00:00+00:00,5.125879045841941e-05,-0.008082614504417778,-0.03328944773918673,0.006452575572264558,2026-10-01 08:00:00+00:00,0.0015006316553691779,2026-09-30 04:01:00+00:00,2026-09-29,0.002062802176931555,-0.01287259218734389,0.010227392103601721,3.9833333333333334,2026-09-30 04:01:00+00:00,2026-09-29,0.001678489791276938,0.00762497399107562,0.0028781954782672917,3.9833333333333334,2026-09-30 04:01:00+00:00,2026-09-29,0.0027072746465730546,-0.04598692595125547,0.013319843812838726,3.9833333333333334,2026-09-30 04:01:00+00:00,2026-09-29,-0.0018685773110527215,0.12113966032935906,0.06433222561837462,3.9833333333333334
2026-10-01 08:00:00+00:00,-0.0038769322690495045,0.001499506832842215,-0.013028636436935734,0.005666604963747636,2026-10-02 08:00:00+00:00,0.03187956648171708,2026-10-01 04:01:00+00:00,2026-09-30,0.002277281400143494,-0.002029905149836701,0.009645189165637698,3.9833333333333334,2026-10-01 04:01:00+00:00,2026-09-30,0.0007888197014933596,0.003455925256768595,0.002858128146658474,3.9833333333333334,2026-10-01 04:01:00+00:00,2026-09-30,0.0016733604194367757,-0.03097205989322397,0.012834557170625576,3.9833333333333334,2026-10-01 04:01:00+00:00,2026-09-30,0.01853048699348836,0.07363731746437303,0.06219782772776493,3.9833333333333334
2026-10-02 08:00:00+00:00,0.0067219533938853715,0.03138207726186137,0.02404919986324775,0.005434669818656332,2026-10-03 08:00:00+00:00,-0.01776799159573672,2026-10-02 04:01:00+00:00,2026-10-01,0.0030556731827005024,0.0007445397375998694,0.009646924692483773,3.9833333333333334,2026-10-02 04:01:00+00:00,2026-10-01,0.0063866740352489515,0.007965011488294146,0.003066916924161569,3.9833333333333334,2026-10-02 04:01:00+00:00,2026-10-01,0.0037190671964335564,-0.02251785024949427,0.012823770225404178,3.9833333333333334,2026-10-02 04:01:00+00:00,2026-10-01,0.0030553033238818195,0.044923336387808856,0.060395847517029456,3.9833333333333334
2026-10-03 08:00:00+00:00,-0.001649065277337769,-0.017927853586781395,0.0052550323450171925,0.005871996997368477,2026-10-04 08:00:00+00:00,0.006457071901608158,2026-10-03 04:01:00+00:00,2026-10-02,0.009994266453658085,0.006506426208239511,0.00957346481208284,3.9833333333333334,2026-10-03 04:01:00+00:00,2026-10-02,-0.001666404051379189,0.009462851068305462,0.0027035307749751695,3.9833333333333334,2026-10-03 04:01:00+00:00,2026-10-02,-0.009564188790832873,-0.03746542747937135,0.01070442925806983,3.9833333333333334,2026-10-03 04:01:00+00:00,2026-10-02,-0.06816518308614627,0.029160449197528773,0.06262452154085474,3.9833333333333334
2026-10-06 08:00:00+00:00,0.00045279374685947005,-0.008122611415546297,0.018569218425455943,0.0056917898566947725,2026-10-07 08:00:00+00:00,-0.016478871313322152,2026-10-06 04:01:00+00:00,2026-10-05,0.008677843997176637,0.02606786721060978,0.009682241928006102,3.9833333333333334,2026-10-06 04:01:00+00:00,2026-10-05,0.0023517685073901617,0.00953934798402998,0.0027107881536817396,3.9833333333333334,2026-10-06 04:01:00+00:00,2026-10-05,-0.001322258672113108,-0.00278674520050223,0.010473187192818575,3.9833333333333334,2026-10-06 04:01:00+00:00,2026-10-05,0.013623305085480375,-0.03482466499434853,0.06162726949073121,3.9833333333333334
2026-10-07 08:00:00+00:00,-6.203372212176816e-05,-0.016615922498874898,0.010035910430999013,0.005826764641880989,2026-10-08 08:00:00+00:00,-0.013624194190135275,2026-10-07 04:01:00+00:00,2026-10-06,0.004752146580518257,0.028757211614198124,0.009652286042978622,3.9833333333333334,2026-10-07 04:01:00+00:00,2026-10-06,-0.003333300516626281,0.004527557676127354,0.002720127466786322,3.9833333333333334,2026-10-07 04:01:00+00:00,2026-10-06,0.007262893015816729,0.0017688731687401805,0.010686188249523944,3.9833333333333334,2026-10-07 04:01:00+00:00,2026-10-06,-0.033412869109702203,-0.06636895679299781,0.06174945899485797,3.9833333333333334
2026-10-08 08:00:00+00:00,0.002916944617753714,-0.01371797404283135,-0.005181570444674621,0.00577561876335992,2026-10-09 08:00:00+00:00,-0.0040330727872408545,2026-10-08 04:01:00+00:00,2026-10-07,-0.0020643139065601446,0.02441561630749381,0.009627212906261338,3.9833333333333334,2026-10-08 04:01:00+00:00,2026-10-07,0.004018195569892136,0.007756933544525735,0.002724383988329464,3.9833333333333334,2026-10-08 04:01:00+00:00,2026-10-07,-0.011143490684684565,-0.01104797793537868,0.010671336008011005,3.9833333333333334,2026-10-08 04:01:00+00:00,2026-10-07,0.004652716934439471,-0.08024672685204674,0.06073066086846216,3.9833333333333334
